order_id,date_id,order_date,customer_id,channel_id,province_id,name,tax_amount,shipping_fee,total_amount
1000000000,20241126,2024-11-26 07:50:47,356,1,1,Buenos Aires,10836.0,1200.0,63636.0
1000000001,20240131,2024-01-31 01:00:04,601,1,1,Buenos Aires,13406.4,900.0,78146.4
1000000002,20250226,2025-02-26 19:39:44,1234,1,1,Buenos Aires,5304.6,1500.0,32064.6
1000000003,20250301,2025-03-01 17:35:36,156,1,1,Buenos Aires,5355.0,0.0,30855.0
1000000004,20240330,2024-03-30 02:46:36,616,2,4,Mendoza,9276.75,0.0,53451.75
1000000005,20240312,2024-03-12 20:54:35,614,2,2,Córdoba,5040.0,0.0,29040.0
1000000006,20250715,2025-07-15 22:55:56,188,1,2,Córdoba,2992.5,1200.0,18442.5
1000000007,20241111,2024-11-11 20:15:00,17,1,1,Buenos Aires,2835.0,1200.0,17535.0
1000000008,20240825,2024-08-25 03:29:28,1148,1,1,Buenos Aires,18711.0,1200.0,109011.0
1000000009,20240330,2024-03-30 10:34:46,1037,1,3,Santa Fe,2693.25,1200.0,16718.25
1000000010,20240313,2024-03-13 02:19:39,1336,2,1,Buenos Aires,3087.0,0.0,17787.0
1000000011,20250617,2025-06-17 03:46:29,1239,2,4,Mendoza,7169.4,0.0,41309.4
1000000012,20240809,2024-08-09 14:38:29,1426,2,3,Santa Fe,7408.8,0.0,42688.8
1000000013,20250323,2025-03-23 11:26:14,862,2,1,Buenos Aires,21396.38,0.0,123283.88
1000000014,20250818,2025-08-18 12:46:12,181,1,1,Buenos Aires,2469.6,900.0,15129.6
1000000015,20240915,2024-09-15 12:43:40,700,1,1,Buenos Aires,4939.2,1200.0,29659.2
1000000016,20250827,2025-08-27 22:46:32,475,1,1,Buenos Aires,4762.8,1200.0,28642.8
1000000017,20250219,2025-02-19 14:36:04,753,2,2,Córdoba,14042.7,0.0,80912.7
1000000018,20240714,2024-07-14 15:20:18,1151,1,1,Buenos Aires,17217.9,900.0,100107.9
1000000019,20250421,2025-04-21 04:12:18,793,1,1,Buenos Aires,7779.24,1200.0,46023.24
1000000020,20240506,2024-05-06 01:36:24,866,1,1,Buenos Aires,10395.0,0.0,59895.0
1000000021,20250923,2025-09-23 22:05:51,1110,1,1,Buenos Aires,4939.2,1200.0,29659.2
1000000022,20240331,2024-03-31 02:16:34,854,2,1,Buenos Aires,5040.0,0.0,29040.0
1000000023,20250705,2025-07-05 19:42:57,379,2,3,Santa Fe,14364.0,0.0,82764.0
1000000024,20250302,2025-03-02 15:57:05,441,2,2,Córdoba,2469.6,0.0,14229.6
1000000025,20250826,2025-08-26 06:57:45,125,1,2,Córdoba,14718.38,1200.0,86005.88
1000000026,20241212,2024-12-12 23:59:48,1201,1,1,Buenos Aires,2835.0,1200.0,17535.0
1000000027,20241202,2024-12-02 01:44:59,1055,1,1,Buenos Aires,4788.0,900.0,28488.0
1000000028,20240517,2024-05-17 06:11:07,382,1,1,Buenos Aires,2520.0,0.0,14520.0
1000000029,20250914,2025-09-14 02:43:49,1456,1,2,Córdoba,13595.4,900.0,79235.4
1000000030,20250609,2025-06-09 19:02:55,1377,2,4,Mendoza,7182.0,0.0,41382.0
1000000031,20250510,2025-05-10 11:15:07,1375,2,4,Mendoza,4939.2,0.0,28459.2
1000000032,20250315,2025-03-15 14:37:22,821,1,1,Buenos Aires,5670.0,1200.0,33870.0
1000000033,20240608,2024-06-08 03:23:04,1475,2,4,Mendoza,3087.0,0.0,17787.0
1000000034,20241117,2024-11-17 01:24:31,634,2,2,Córdoba,17931.38,0.0,103318.88
1000000035,20240112,2024-01-12 05:54:27,585,2,1,Buenos Aires,4536.0,0.0,26136.0
1000000036,20240924,2024-09-24 18:59:17,180,1,2,Córdoba,10458.0,900.0,61158.0
1000000037,20240126,2024-01-26 00:07:55,482,1,1,Buenos Aires,5186.16,1200.0,31082.16
1000000038,20240202,2024-02-02 22:29:21,620,2,1,Buenos Aires,2469.6,0.0,14229.6
1000000039,20240523,2024-05-23 04:42:33,603,2,1,Buenos Aires,12423.6,0.0,71583.6
1000000040,20240304,2024-03-04 06:58:13,1028,1,1,Buenos Aires,2394.0,1200.0,14994.0
1000000041,20240114,2024-01-14 09:59:03,1005,2,3,Santa Fe,5147.1,0.0,29657.1
1000000042,20240927,2024-09-27 21:17:36,790,1,1,Buenos Aires,2154.6,1500.0,13914.6
1000000043,20240521,2024-05-21 10:46:11,665,1,1,Buenos Aires,8316.0,900.0,48816.0
1000000044,20250902,2025-09-02 12:32:15,562,1,2,Córdoba,15435.0,1500.0,90435.0
1000000045,20240201,2024-02-01 13:14:28,998,1,1,Buenos Aires,7560.0,900.0,44460.0
1000000046,20240112,2024-01-12 03:01:18,276,1,4,Mendoza,6930.0,0.0,39930.0
1000000047,20240308,2024-03-08 08:53:37,1469,2,2,Córdoba,2268.0,0.0,13068.0
1000000048,20240913,2024-09-13 16:10:57,408,2,2,Córdoba,4939.2,0.0,28459.2
1000000049,20240811,2024-08-11 19:35:54,1360,2,2,Córdoba,8505.0,0.0,49005.0
1000000050,20240725,2024-07-25 00:25:00,1423,1,4,Mendoza,5985.0,1200.0,35685.0
1000000051,20240915,2024-09-15 06:10:33,741,1,1,Buenos Aires,6482.7,900.0,38252.7
1000000052,20241104,2024-11-04 03:12:44,969,1,1,Buenos Aires,14817.6,0.0,85377.6
1000000053,20240810,2024-08-10 06:19:56,729,1,1,Buenos Aires,5670.0,900.0,33570.0
1000000054,20240316,2024-03-16 02:19:59,251,2,4,Mendoza,2593.08,0.0,14941.08
1000000055,20250723,2025-07-23 20:26:45,1087,2,1,Buenos Aires,8977.5,0.0,51727.5
1000000056,20250412,2025-04-12 15:37:15,659,1,1,Buenos Aires,14915.25,1200.0,87140.25
1000000057,20250221,2025-02-21 05:51:12,338,2,4,Mendoza,5969.25,0.0,34394.25
1000000058,20240921,2024-09-21 03:01:24,1068,1,3,Santa Fe,9103.5,1500.0,53953.5
1000000059,20240701,2024-07-01 13:26:37,958,1,2,Córdoba,13482.0,0.0,77682.0
1000000060,20240225,2024-02-25 20:21:42,428,2,4,Mendoza,6123.6,0.0,35283.6
1000000061,20250301,2025-03-01 10:20:56,1337,1,1,Buenos Aires,2520.0,1200.0,15720.0
1000000062,20241223,2024-12-23 12:02:28,1442,2,3,Santa Fe,9450.0,0.0,54450.0
1000000063,20240530,2024-05-30 10:17:58,939,1,1,Buenos Aires,7779.24,1500.0,46323.24
1000000064,20250304,2025-03-04 14:45:27,1409,1,1,Buenos Aires,3118.5,1200.0,19168.5
1000000065,20240917,2024-09-17 00:43:41,1062,1,1,Buenos Aires,7408.8,1200.0,43888.8
1000000066,20240126,2024-01-26 06:33:17,988,1,1,Buenos Aires,7408.8,1200.0,43888.8
1000000067,20250411,2025-04-11 16:23:15,778,1,1,Buenos Aires,3087.0,900.0,18687.0
1000000068,20241201,2024-12-01 10:53:38,77,1,1,Buenos Aires,17731.35,0.0,102166.35
1000000069,20240612,2024-06-12 09:38:45,700,1,1,Buenos Aires,9261.0,0.0,53361.0
1000000070,20250725,2025-07-25 23:51:05,425,1,3,Santa Fe,2520.0,900.0,15420.0
1000000071,20240722,2024-07-22 18:00:06,1271,2,3,Santa Fe,2469.6,0.0,14229.6
1000000072,20240202,2024-02-02 08:20:17,1129,1,2,Córdoba,2693.25,1500.0,17018.25
1000000073,20241207,2024-12-07 21:18:19,1224,1,2,Córdoba,3241.35,900.0,19576.35
1000000074,20241214,2024-12-14 04:41:02,446,1,4,Mendoza,11831.4,900.0,69071.4
1000000075,20250322,2025-03-22 18:16:20,867,1,2,Córdoba,6174.0,900.0,36474.0
1000000076,20240301,2024-03-01 10:21:11,127,1,1,Buenos Aires,4939.2,1200.0,29659.2
1000000077,20241204,2024-12-04 22:39:17,874,2,1,Buenos Aires,4939.2,0.0,28459.2
1000000078,20250109,2025-01-09 21:43:22,814,1,1,Buenos Aires,8536.5,0.0,49186.5
1000000079,20250916,2025-09-16 02:56:19,1189,1,1,Buenos Aires,6804.0,1200.0,40404.0
1000000080,20241111,2024-11-11 06:28:22,584,1,1,Buenos Aires,3087.0,900.0,18687.0
1000000081,20250202,2025-02-02 01:45:35,1433,1,1,Buenos Aires,11088.0,900.0,64788.0
1000000082,20250921,2025-09-21 10:27:35,670,1,1,Buenos Aires,7182.0,1200.0,42582.0
1000000083,20240210,2024-02-10 17:47:09,464,1,1,Buenos Aires,8001.0,1200.0,47301.0
1000000084,20241125,2024-11-25 14:26:24,535,1,2,Córdoba,3150.0,900.0,19050.0
1000000085,20250301,2025-03-01 02:58:24,655,1,1,Buenos Aires,2593.08,1500.0,16441.08
1000000086,20250818,2025-08-18 10:52:28,833,1,1,Buenos Aires,2268.0,1200.0,14268.0
1000000087,20241213,2024-12-13 04:53:42,490,1,4,Mendoza,2394.0,1200.0,14994.0
1000000088,20240203,2024-02-03 13:58:21,360,1,1,Buenos Aires,11844.0,900.0,69144.0
1000000089,20250618,2025-06-18 12:09:30,1227,1,1,Buenos Aires,2992.5,1200.0,18442.5
1000000090,20240127,2024-01-27 19:31:23,624,1,1,Buenos Aires,7733.25,900.0,45458.25
1000000091,20240217,2024-02-17 18:12:47,228,1,3,Santa Fe,19150.42,0.0,110342.92
1000000092,20240613,2024-06-13 13:46:23,770,1,1,Buenos Aires,6300.0,900.0,37200.0
1000000093,20241114,2024-11-14 23:26:31,54,2,2,Córdoba,17781.75,0.0,102456.75
1000000094,20241227,2024-12-27 03:05:36,1006,2,4,Mendoza,15687.0,0.0,90387.0
1000000095,20250925,2025-09-25 18:29:43,247,1,4,Mendoza,10187.1,1200.0,59897.1
1000000096,20250523,2025-05-23 10:43:41,1127,2,3,Santa Fe,7408.8,0.0,42688.8
1000000097,20240612,2024-06-12 17:56:54,757,2,2,Córdoba,3241.35,0.0,18676.35
1000000098,20250116,2025-01-16 08:09:07,520,1,1,Buenos Aires,7541.1,900.0,44351.1
1000000099,20240227,2024-02-27 14:31:08,258,1,2,Córdoba,2520.0,0.0,14520.0
1000000100,20240730,2024-07-30 11:35:40,467,1,3,Santa Fe,4861.08,900.0,28909.08
1000000101,20240330,2024-03-30 02:45:40,3,1,1,Buenos Aires,7560.0,900.0,44460.0
1000000102,20241119,2024-11-19 07:00:43,334,1,1,Buenos Aires,7408.8,1200.0,43888.8
1000000103,20240325,2024-03-25 03:53:52,802,2,3,Santa Fe,6463.8,0.0,37243.8
1000000104,20240323,2024-03-23 20:55:17,999,1,1,Buenos Aires,6300.0,1200.0,37500.0
1000000105,20240512,2024-05-12 04:27:32,176,1,3,Santa Fe,4536.0,1200.0,27336.0
1000000106,20250208,2025-02-08 08:09:53,801,1,1,Buenos Aires,3150.0,900.0,19050.0
1000000107,20240522,2024-05-22 03:56:26,1113,1,1,Buenos Aires,7144.2,900.0,42064.2
1000000108,20250704,2025-07-04 04:11:46,810,2,4,Mendoza,9724.05,0.0,56029.05
1000000109,20240422,2024-04-22 08:18:05,581,2,4,Mendoza,6930.0,0.0,39930.0
1000000110,20250604,2025-06-04 21:13:13,1284,2,2,Córdoba,14294.7,0.0,82364.7
1000000111,20241220,2024-12-20 15:47:41,1333,1,1,Buenos Aires,3241.35,1200.0,19876.35
1000000112,20250228,2025-02-28 17:43:31,24,2,2,Córdoba,16121.7,0.0,92891.7
1000000113,20240121,2024-01-21 02:59:29,1222,2,1,Buenos Aires,2716.56,0.0,15652.56
1000000114,20240917,2024-09-17 08:06:28,63,2,1,Buenos Aires,2041.2,0.0,11761.2
1000000115,20240219,2024-02-19 00:47:44,1078,1,3,Santa Fe,4536.0,1500.0,27636.0
1000000116,20240701,2024-07-01 10:24:47,1091,1,1,Buenos Aires,8316.0,1200.0,49116.0
1000000117,20250119,2025-01-19 22:11:52,524,1,1,Buenos Aires,5040.0,1200.0,30240.0
1000000118,20250816,2025-08-16 15:04:32,1229,1,3,Santa Fe,8149.68,900.0,47857.68
1000000119,20250716,2025-07-16 11:54:38,458,2,4,Mendoza,3087.0,0.0,17787.0
1000000120,20240418,2024-04-18 21:41:14,68,1,1,Buenos Aires,2469.6,0.0,14229.6
1000000121,20241220,2024-12-20 05:03:44,959,2,4,Mendoza,7900.2,0.0,45520.2
1000000122,20250830,2025-08-30 14:57:49,356,2,1,Buenos Aires,7560.0,0.0,43560.0
1000000123,20250624,2025-06-24 08:51:53,530,1,2,Córdoba,3087.0,1200.0,18987.0
1000000124,20240206,2024-02-06 12:15:32,1420,1,1,Buenos Aires,11483.64,1200.0,67367.64
1000000125,20240709,2024-07-09 08:16:06,279,2,3,Santa Fe,10773.0,0.0,62073.0
1000000126,20240612,2024-06-12 02:24:10,779,2,3,Santa Fe,3150.0,0.0,18150.0
1000000127,20240228,2024-02-28 13:19:21,1383,1,1,Buenos Aires,11938.5,1200.0,69988.5
1000000128,20250420,2025-04-20 09:16:05,1189,1,3,Santa Fe,17350.2,1500.0,101470.2
1000000129,20250917,2025-09-17 22:24:46,1016,1,1,Buenos Aires,13078.8,1500.0,76858.8
1000000130,20250521,2025-05-21 02:27:57,595,2,3,Santa Fe,2551.5,0.0,14701.5
1000000131,20240125,2024-01-25 03:24:41,902,2,4,Mendoza,8316.0,0.0,47916.0
1000000132,20240726,2024-07-26 17:23:51,317,1,1,Buenos Aires,5556.6,1200.0,33216.6
1000000133,20240614,2024-06-14 15:46:34,1229,2,2,Córdoba,3150.0,0.0,18150.0
1000000134,20240106,2024-01-06 02:05:46,279,2,3,Santa Fe,13078.8,0.0,75358.8
1000000135,20240530,2024-05-30 07:35:31,1498,2,4,Mendoza,6930.0,0.0,39930.0
1000000136,20250120,2025-01-20 19:30:04,140,1,1,Buenos Aires,5985.0,0.0,34485.0
1000000137,20241115,2024-11-15 23:46:06,1115,1,2,Córdoba,2469.6,0.0,14229.6
1000000138,20240103,2024-01-03 08:23:39,1240,1,1,Buenos Aires,7182.0,1500.0,42882.0
1000000139,20240406,2024-04-06 23:11:09,590,1,3,Santa Fe,2835.0,1200.0,17535.0
1000000140,20250217,2025-02-17 21:56:48,645,2,3,Santa Fe,2778.3,0.0,16008.3
1000000141,20241130,2024-11-30 21:24:24,545,2,1,Buenos Aires,2494.8,0.0,14374.8
1000000142,20250625,2025-06-25 13:32:09,1208,1,1,Buenos Aires,10648.26,1500.0,62854.26
1000000143,20240606,2024-06-06 00:59:40,551,2,1,Buenos Aires,13986.0,0.0,80586.0
1000000144,20240209,2024-02-09 12:30:14,569,2,1,Buenos Aires,6237.0,0.0,35937.0
1000000145,20250719,2025-07-19 14:47:44,1305,1,2,Córdoba,6300.0,1500.0,37800.0
1000000146,20240505,2024-05-05 01:52:36,280,1,1,Buenos Aires,17364.38,900.0,100951.88
1000000147,20241207,2024-12-07 21:23:08,1338,1,1,Buenos Aires,12461.4,900.0,72701.4
1000000148,20250621,2025-06-21 18:11:01,84,1,1,Buenos Aires,7408.8,1200.0,43888.8
1000000149,20250121,2025-01-21 22:14:19,655,1,1,Buenos Aires,2835.0,900.0,17235.0
1000000150,20250530,2025-05-30 23:20:50,513,2,4,Mendoza,6791.4,0.0,39131.4
1000000151,20240416,2024-04-16 17:06:04,884,2,3,Santa Fe,7408.8,0.0,42688.8
1000000152,20240108,2024-01-08 00:18:03,385,2,2,Córdoba,2041.2,0.0,11761.2
1000000153,20250610,2025-06-10 16:56:57,723,2,2,Córdoba,2268.0,0.0,13068.0
1000000154,20240701,2024-07-01 13:02:42,110,2,1,Buenos Aires,8930.25,0.0,51455.25
1000000155,20240212,2024-02-12 00:38:46,1197,1,2,Córdoba,2520.0,900.0,15420.0
1000000156,20241029,2024-10-29 15:18:07,833,2,2,Córdoba,8977.5,0.0,51727.5
1000000157,20250126,2025-01-26 15:50:11,371,2,3,Santa Fe,12442.5,0.0,71692.5
1000000158,20240424,2024-04-24 23:37:56,905,2,1,Buenos Aires,6300.0,0.0,36300.0
1000000159,20240714,2024-07-14 06:58:24,389,1,1,Buenos Aires,2593.08,1200.0,16141.08
1000000160,20240613,2024-06-13 10:29:35,1299,2,4,Mendoza,6174.0,0.0,35574.0
1000000161,20241021,2024-10-21 00:31:01,725,1,2,Córdoba,9450.0,900.0,55350.0
1000000162,20250731,2025-07-31 20:20:03,645,2,4,Mendoza,4788.0,0.0,27588.0
1000000163,20240224,2024-02-24 10:30:38,584,1,1,Buenos Aires,4536.0,900.0,27036.0
1000000164,20250222,2025-02-22 06:18:41,436,1,2,Córdoba,13230.0,900.0,77130.0
1000000165,20250827,2025-08-27 08:06:56,293,1,1,Buenos Aires,4939.2,1500.0,29959.2
1000000166,20250727,2025-07-27 20:39:32,1065,1,2,Córdoba,9119.25,1200.0,53744.25
1000000167,20250118,2025-01-18 13:44:54,1234,1,4,Mendoza,9887.85,1200.0,58172.85
1000000168,20240226,2024-02-26 20:28:31,400,1,1,Buenos Aires,8505.0,1200.0,50205.0
1000000169,20240708,2024-07-08 20:03:47,251,1,1,Buenos Aires,2268.0,1200.0,14268.0
1000000170,20240329,2024-03-29 08:07:40,764,2,4,Mendoza,6300.0,0.0,36300.0
1000000171,20250227,2025-02-27 13:25:36,1490,1,1,Buenos Aires,2469.6,1200.0,15429.6
1000000172,20240507,2024-05-07 09:39:45,181,1,1,Buenos Aires,4788.0,900.0,28488.0
1000000173,20250616,2025-06-16 15:40:09,693,1,1,Buenos Aires,6615.0,1200.0,39315.0
1000000174,20240907,2024-09-07 01:13:23,672,2,2,Córdoba,2469.6,0.0,14229.6
1000000175,20240531,2024-05-31 19:23:40,786,1,1,Buenos Aires,2520.0,900.0,15420.0
1000000176,20250225,2025-02-25 07:13:53,1347,2,2,Córdoba,3118.5,0.0,17968.5
1000000177,20241123,2024-11-23 21:44:13,628,1,1,Buenos Aires,2693.25,1200.0,16718.25
1000000178,20250503,2025-05-03 06:20:13,1485,2,2,Córdoba,2835.0,0.0,16335.0
1000000179,20250812,2025-08-12 08:58:40,805,1,2,Córdoba,15246.0,900.0,88746.0
1000000180,20240521,2024-05-21 07:44:42,445,1,1,Buenos Aires,5292.0,1200.0,31692.0
1000000181,20241112,2024-11-12 19:15:20,560,1,3,Santa Fe,4939.2,900.0,29359.2
1000000182,20240908,2024-09-08 21:03:06,403,1,4,Mendoza,5266.8,1200.0,31546.8
1000000183,20241026,2024-10-26 15:02:26,693,2,1,Buenos Aires,5670.0,0.0,32670.0
1000000184,20250511,2025-05-11 05:25:54,274,2,2,Córdoba,2835.0,0.0,16335.0
1000000185,20240718,2024-07-18 22:03:50,804,1,1,Buenos Aires,12567.24,1200.0,73611.24
1000000186,20240730,2024-07-30 17:31:33,1495,1,2,Córdoba,2394.0,900.0,14694.0
1000000187,20250212,2025-02-12 20:45:02,48,2,1,Buenos Aires,6804.0,0.0,39204.0
1000000188,20250823,2025-08-23 17:59:12,661,2,3,Santa Fe,5670.0,0.0,32670.0
1000000189,20240502,2024-05-02 13:34:34,984,1,2,Córdoba,7779.24,900.0,45723.24
1000000190,20240605,2024-06-05 16:15:54,1384,1,4,Mendoza,2469.6,0.0,14229.6
1000000191,20250916,2025-09-16 20:00:12,788,1,1,Buenos Aires,18552.24,0.0,106896.24
1000000192,20240308,2024-03-08 16:48:50,456,2,2,Córdoba,2520.0,0.0,14520.0
1000000193,20240215,2024-02-15 04:24:55,427,1,1,Buenos Aires,6804.0,1200.0,40404.0
1000000194,20250913,2025-09-13 14:18:48,866,1,1,Buenos Aires,9450.0,0.0,54450.0
1000000195,20250228,2025-02-28 05:52:06,371,1,1,Buenos Aires,9626.4,1200.0,56666.4
1000000196,20250814,2025-08-14 22:25:58,1000,1,2,Córdoba,6300.0,1200.0,37500.0
1000000197,20240409,2024-04-09 00:49:19,1404,1,2,Córdoba,2268.0,1200.0,14268.0
1000000198,20240203,2024-02-03 12:21:07,1159,1,1,Buenos Aires,6123.6,900.0,36183.6
1000000199,20250319,2025-03-19 13:29:11,1040,1,2,Córdoba,10080.0,1200.0,59280.0
1000000200,20240925,2024-09-25 16:00:56,464,1,3,Santa Fe,4536.0,900.0,27036.0
1000000201,20241116,2024-11-16 21:49:12,166,1,1,Buenos Aires,8599.5,1200.0,50749.5
1000000202,20250327,2025-03-27 16:10:42,1056,2,3,Santa Fe,7560.0,0.0,43560.0
1000000203,20241117,2024-11-17 23:47:20,925,2,3,Santa Fe,6804.0,0.0,39204.0
1000000204,20250127,2025-01-27 12:03:58,488,1,1,Buenos Aires,8505.0,1200.0,50205.0
1000000205,20240930,2024-09-30 10:39:53,903,1,1,Buenos Aires,3087.0,0.0,17787.0
1000000206,20250726,2025-07-26 06:57:55,70,1,2,Córdoba,4939.2,1200.0,29659.2
1000000207,20250507,2025-05-07 08:30:13,1459,1,1,Buenos Aires,2593.08,900.0,15841.08
1000000208,20250411,2025-04-11 20:08:06,500,2,2,Córdoba,9355.5,0.0,53905.5
1000000209,20250403,2025-04-03 02:36:42,361,1,1,Buenos Aires,5292.0,1200.0,31692.0
1000000210,20250320,2025-03-20 15:20:10,476,1,3,Santa Fe,2835.0,1500.0,17835.0
1000000211,20250719,2025-07-19 23:54:49,1400,2,1,Buenos Aires,14023.8,0.0,80803.8
1000000212,20250218,2025-02-18 13:52:44,945,1,1,Buenos Aires,2469.6,900.0,15129.6
1000000213,20240416,2024-04-16 02:19:09,1443,1,3,Santa Fe,3307.5,1500.0,20557.5
1000000214,20240719,2024-07-19 23:42:13,1430,1,1,Buenos Aires,4762.8,900.0,28342.8
1000000215,20240129,2024-01-29 19:10:09,1330,1,1,Buenos Aires,10713.15,900.0,62628.15
1000000216,20250510,2025-05-10 12:35:04,274,1,1,Buenos Aires,3291.75,900.0,19866.75
1000000217,20240405,2024-04-05 10:08:16,1251,2,2,Córdoba,12592.12,0.0,72554.62
1000000218,20240704,2024-07-04 15:57:47,176,1,1,Buenos Aires,6690.6,1200.0,39750.6
1000000219,20240612,2024-06-12 19:28:12,42,2,2,Córdoba,9450.0,0.0,54450.0
1000000220,20250921,2025-09-21 02:23:58,582,1,2,Córdoba,2394.0,900.0,14694.0
1000000221,20250507,2025-05-07 07:54:39,4,2,1,Buenos Aires,4939.2,0.0,28459.2
1000000222,20240830,2024-08-30 13:00:53,569,2,2,Córdoba,4536.0,0.0,26136.0
1000000223,20241224,2024-12-24 00:04:43,157,2,1,Buenos Aires,4762.8,0.0,27442.8
1000000224,20250322,2025-03-22 13:07:04,649,1,1,Buenos Aires,8505.0,1200.0,50205.0
1000000225,20250805,2025-08-05 09:56:58,1230,1,1,Buenos Aires,7144.2,0.0,41164.2
1000000226,20240716,2024-07-16 19:12:34,197,1,1,Buenos Aires,6123.6,1200.0,36483.6
1000000227,20240717,2024-07-17 23:54:57,731,1,1,Buenos Aires,7408.8,1200.0,43888.8
1000000228,20250327,2025-03-27 04:05:29,506,1,3,Santa Fe,7408.8,900.0,43588.8
1000000229,20250410,2025-04-10 13:54:59,751,2,2,Córdoba,2835.0,0.0,16335.0
1000000230,20241229,2024-12-29 11:56:27,485,1,1,Buenos Aires,6804.0,900.0,40104.0
1000000231,20240608,2024-06-08 16:32:56,823,1,1,Buenos Aires,9922.5,900.0,58072.5
1000000232,20250221,2025-02-21 21:34:52,680,1,1,Buenos Aires,7756.56,1200.0,45892.56
1000000233,20241119,2024-11-19 08:54:06,417,1,1,Buenos Aires,3150.0,900.0,19050.0
1000000234,20250528,2025-05-28 23:24:47,677,1,2,Córdoba,4939.2,1200.0,29659.2
1000000235,20241002,2024-10-02 10:20:21,1327,2,2,Córdoba,4536.0,0.0,26136.0
1000000236,20250104,2025-01-04 07:17:21,593,2,1,Buenos Aires,5040.0,0.0,29040.0
1000000237,20241114,2024-11-14 19:03:35,606,2,1,Buenos Aires,7560.0,0.0,43560.0
1000000238,20250322,2025-03-22 06:27:32,137,2,2,Córdoba,4445.28,0.0,25613.28
1000000239,20240220,2024-02-20 05:28:37,487,1,1,Buenos Aires,10848.6,900.0,63408.6
1000000240,20241020,2024-10-20 17:29:14,909,1,3,Santa Fe,8190.0,900.0,48090.0
1000000241,20241011,2024-10-11 10:32:46,179,2,1,Buenos Aires,12474.0,0.0,71874.0
1000000242,20250815,2025-08-15 20:50:08,183,1,1,Buenos Aires,7779.24,1200.0,46023.24
1000000243,20250608,2025-06-08 09:40:04,536,1,4,Mendoza,3465.0,0.0,19965.0
1000000244,20240913,2024-09-13 02:03:43,1341,2,1,Buenos Aires,4309.2,0.0,24829.2
1000000245,20250508,2025-05-08 00:51:09,378,2,1,Buenos Aires,8473.5,0.0,48823.5
1000000246,20250927,2025-09-27 13:13:06,548,1,2,Córdoba,12946.5,0.0,74596.5
1000000247,20241202,2024-12-02 02:46:27,757,1,1,Buenos Aires,3241.35,900.0,19576.35
1000000248,20241026,2024-10-26 11:08:17,522,2,4,Mendoza,2268.0,0.0,13068.0
1000000249,20240419,2024-04-19 07:55:19,1384,2,3,Santa Fe,8316.0,0.0,47916.0
1000000250,20240921,2024-09-21 10:33:48,473,1,4,Mendoza,8930.25,1500.0,52955.25
1000000251,20240315,2024-03-15 03:55:16,1316,2,3,Santa Fe,7182.0,0.0,41382.0
1000000252,20240302,2024-03-02 17:29:06,1356,2,1,Buenos Aires,9261.0,0.0,53361.0
1000000253,20250423,2025-04-23 10:25:30,266,1,1,Buenos Aires,9722.16,0.0,56018.16
1000000254,20241013,2024-10-13 05:27:13,1359,2,2,Córdoba,4445.28,0.0,25613.28
1000000255,20240813,2024-08-13 02:28:16,843,1,2,Córdoba,3087.0,900.0,18687.0
1000000256,20241001,2024-10-01 05:52:27,599,1,3,Santa Fe,4939.2,1200.0,29659.2
1000000257,20250530,2025-05-30 14:07:49,1048,2,1,Buenos Aires,12159.0,0.0,70059.0
1000000258,20241226,2024-12-26 23:32:30,319,1,2,Córdoba,5985.0,900.0,35385.0
1000000259,20250904,2025-09-04 10:28:53,846,1,1,Buenos Aires,5433.12,1500.0,32805.12
1000000260,20241212,2024-12-12 00:31:19,1491,1,2,Córdoba,6930.0,1200.0,41130.0
1000000261,20250814,2025-08-14 21:42:26,79,1,2,Córdoba,5040.0,0.0,29040.0
1000000262,20241118,2024-11-18 19:38:35,748,1,4,Mendoza,7408.8,900.0,43588.8
1000000263,20241231,2024-12-31 19:25:31,537,1,1,Buenos Aires,8505.0,900.0,49905.0
1000000264,20250819,2025-08-19 08:26:01,303,2,2,Córdoba,12105.45,0.0,69750.45
1000000265,20240427,2024-04-27 04:48:14,1065,1,1,Buenos Aires,11032.56,900.0,64468.56
1000000266,20250507,2025-05-07 10:36:52,606,1,1,Buenos Aires,8230.95,900.0,48325.95
1000000267,20240229,2024-02-29 01:23:56,553,1,1,Buenos Aires,5670.0,1200.0,33870.0
1000000268,20250314,2025-03-14 10:48:01,656,1,1,Buenos Aires,2394.0,0.0,13794.0
1000000269,20241013,2024-10-13 18:12:43,786,1,4,Mendoza,14512.05,0.0,83617.05
1000000270,20240216,2024-02-16 09:33:22,663,2,1,Buenos Aires,2469.6,0.0,14229.6
1000000271,20240212,2024-02-12 23:19:32,833,1,1,Buenos Aires,14968.8,1200.0,87448.8
1000000272,20241025,2024-10-25 21:34:38,844,1,1,Buenos Aires,5544.0,1200.0,33144.0
1000000273,20240301,2024-03-01 21:39:25,720,1,1,Buenos Aires,7408.8,900.0,43588.8
1000000274,20240928,2024-09-28 05:34:23,169,2,1,Buenos Aires,13374.9,0.0,77064.9
1000000275,20240621,2024-06-21 23:19:57,969,1,1,Buenos Aires,4536.0,1200.0,27336.0
1000000276,20250526,2025-05-26 19:31:40,268,2,4,Mendoza,5040.0,0.0,29040.0
1000000277,20241014,2024-10-14 06:28:37,122,2,1,Buenos Aires,8820.0,0.0,50820.0
1000000278,20250304,2025-03-04 17:56:56,617,1,1,Buenos Aires,4536.0,1500.0,27636.0
1000000279,20250815,2025-08-15 18:39:20,608,1,3,Santa Fe,9261.0,900.0,54261.0
1000000280,20240720,2024-07-20 19:57:11,732,2,1,Buenos Aires,5733.0,0.0,33033.0
1000000281,20250311,2025-03-11 16:52:34,211,1,1,Buenos Aires,9233.28,900.0,54101.28
1000000282,20241228,2024-12-28 03:28:46,475,1,2,Córdoba,4082.4,900.0,24422.4
1000000283,20250721,2025-07-21 05:39:50,949,1,2,Córdoba,2693.25,1200.0,16718.25
1000000284,20240309,2024-03-09 13:44:42,426,2,2,Córdoba,12285.0,0.0,70785.0
1000000285,20241030,2024-10-30 22:12:14,386,1,1,Buenos Aires,3150.0,1200.0,19350.0
1000000286,20240711,2024-07-11 04:57:19,500,1,1,Buenos Aires,6174.0,1500.0,37074.0
1000000287,20250617,2025-06-17 09:51:10,677,2,1,Buenos Aires,8977.5,0.0,51727.5
1000000288,20250201,2025-02-01 18:03:56,33,2,1,Buenos Aires,2469.6,0.0,14229.6
1000000289,20250226,2025-02-26 16:12:11,194,1,1,Buenos Aires,15479.1,1200.0,90389.1
1000000290,20241104,2024-11-04 11:56:09,78,1,4,Mendoza,18024.3,1500.0,105354.3
1000000291,20241017,2024-10-17 15:01:08,102,1,4,Mendoza,9875.25,0.0,56900.25
1000000292,20250429,2025-04-29 10:38:07,1072,2,4,Mendoza,5600.7,0.0,32270.7
1000000293,20250821,2025-08-21 17:47:42,754,1,1,Buenos Aires,4536.0,900.0,27036.0
1000000294,20240422,2024-04-22 11:27:50,195,1,2,Córdoba,7560.0,900.0,44460.0
1000000295,20250327,2025-03-27 00:46:52,862,2,4,Mendoza,4309.2,0.0,24829.2
1000000296,20240628,2024-06-28 12:04:05,240,2,2,Córdoba,3150.0,0.0,18150.0
1000000297,20250811,2025-08-11 01:05:27,682,2,1,Buenos Aires,9261.0,0.0,53361.0
1000000298,20241104,2024-11-04 05:51:55,849,2,1,Buenos Aires,7182.0,0.0,41382.0
1000000299,20240506,2024-05-06 18:32:30,807,2,3,Santa Fe,7560.0,0.0,43560.0
1000000300,20241119,2024-11-19 11:32:25,901,1,1,Buenos Aires,9273.6,1200.0,54633.6
1000000301,20240506,2024-05-06 02:06:15,61,1,4,Mendoza,5040.0,0.0,29040.0
1000000302,20250807,2025-08-07 18:57:52,1082,1,1,Buenos Aires,11907.0,900.0,69507.0
1000000303,20240316,2024-03-16 23:03:26,1286,2,3,Santa Fe,6804.0,0.0,39204.0
1000000304,20240315,2024-03-15 15:57:51,1416,1,3,Santa Fe,20596.27,1200.0,119873.77
1000000305,20250413,2025-04-13 08:23:31,979,1,1,Buenos Aires,5292.0,1200.0,31692.0
1000000306,20240429,2024-04-29 02:04:28,800,1,1,Buenos Aires,14521.5,0.0,83671.5
1000000307,20240912,2024-09-12 19:02:18,800,1,1,Buenos Aires,2835.0,1500.0,17835.0
1000000308,20240327,2024-03-27 22:35:18,757,1,2,Córdoba,2835.0,1500.0,17835.0
1000000309,20240409,2024-04-09 03:44:55,1194,2,1,Buenos Aires,7938.0,0.0,45738.0
1000000310,20250104,2025-01-04 06:32:45,673,1,1,Buenos Aires,4536.0,1500.0,27636.0
1000000311,20250107,2025-01-07 14:43:16,1266,2,2,Córdoba,6284.25,0.0,36209.25
1000000312,20250223,2025-02-23 16:09:03,7,2,2,Córdoba,6284.25,0.0,36209.25
1000000313,20250519,2025-05-19 21:05:53,1040,2,3,Santa Fe,12442.5,0.0,71692.5
1000000314,20241015,2024-10-15 05:46:27,873,1,3,Santa Fe,5619.6,1200.0,33579.6
1000000315,20250505,2025-05-05 03:09:01,1336,1,1,Buenos Aires,9276.75,900.0,54351.75
1000000316,20250427,2025-04-27 15:42:15,708,2,1,Buenos Aires,12426.75,0.0,71601.75
1000000317,20240816,2024-08-16 16:27:24,380,1,1,Buenos Aires,6237.0,1500.0,37437.0
1000000318,20241006,2024-10-06 02:46:46,634,2,4,Mendoza,2646.0,0.0,15246.0
1000000319,20240420,2024-04-20 06:29:45,578,1,1,Buenos Aires,2469.6,1200.0,15429.6
1000000320,20250818,2025-08-18 03:45:44,1479,1,2,Córdoba,6142.5,1200.0,36592.5
1000000321,20250802,2025-08-02 08:12:50,1399,1,2,Córdoba,16191.0,1200.0,94491.0
1000000322,20241120,2024-11-20 17:14:29,522,2,4,Mendoza,6463.8,0.0,37243.8
1000000323,20250401,2025-04-01 23:13:07,247,2,1,Buenos Aires,9495.36,0.0,54711.36
1000000324,20250111,2025-01-11 15:52:32,96,2,4,Mendoza,12116.16,0.0,69812.16
1000000325,20241014,2024-10-14 13:04:08,798,2,2,Córdoba,4989.6,0.0,28749.6
1000000326,20240616,2024-06-16 15:06:25,21,1,2,Córdoba,14590.8,0.0,84070.8
1000000327,20250109,2025-01-09 08:07:28,1236,1,3,Santa Fe,5186.16,1200.0,31082.16
1000000328,20250210,2025-02-10 21:56:23,130,1,1,Buenos Aires,14064.75,1200.0,82239.75
1000000329,20240315,2024-03-15 11:29:09,169,1,2,Córdoba,7484.4,1200.0,44324.4
1000000330,20241214,2024-12-14 09:37:58,973,2,2,Córdoba,5040.0,0.0,29040.0
1000000331,20241224,2024-12-24 08:30:16,1449,1,1,Buenos Aires,11746.35,900.0,68581.35
1000000332,20250917,2025-09-17 18:50:29,210,1,2,Córdoba,10647.0,1200.0,62547.0
1000000333,20241216,2024-12-16 07:27:44,737,1,1,Buenos Aires,2716.56,900.0,16552.56
1000000334,20250507,2025-05-07 03:30:02,1350,1,1,Buenos Aires,12121.2,1500.0,71341.2
1000000335,20240210,2024-02-10 20:22:45,170,1,3,Santa Fe,12581.1,1200.0,73691.1
1000000336,20240719,2024-07-19 06:43:12,217,1,2,Córdoba,8064.0,1500.0,47964.0
1000000337,20240912,2024-09-12 01:56:03,254,1,1,Buenos Aires,2835.0,1500.0,17835.0
1000000338,20240322,2024-03-22 09:06:07,1400,1,1,Buenos Aires,8026.2,900.0,47146.2
1000000339,20250508,2025-05-08 06:56:58,1213,1,3,Santa Fe,9261.0,1200.0,54561.0
1000000340,20240805,2024-08-05 18:48:50,1410,1,1,Buenos Aires,2268.0,1200.0,14268.0
1000000341,20241221,2024-12-21 11:45:16,128,2,2,Córdoba,5292.0,0.0,30492.0
1000000342,20241006,2024-10-06 10:08:07,499,1,4,Mendoza,2992.5,900.0,18142.5
1000000343,20240811,2024-08-11 01:43:35,494,1,3,Santa Fe,4649.4,1200.0,27989.4
1000000344,20240723,2024-07-23 04:32:16,755,1,1,Buenos Aires,6930.0,1500.0,41430.0
1000000345,20240501,2024-05-01 22:42:44,518,1,1,Buenos Aires,7144.2,0.0,41164.2
1000000346,20250312,2025-03-12 07:52:46,1171,2,4,Mendoza,7182.0,0.0,41382.0
1000000347,20240818,2024-08-18 17:55:12,1261,1,1,Buenos Aires,9261.0,900.0,54261.0
1000000348,20241115,2024-11-15 02:49:32,468,2,4,Mendoza,2154.6,0.0,12414.6
1000000349,20240829,2024-08-29 01:03:26,503,1,3,Santa Fe,7560.0,1200.0,44760.0
1000000350,20240318,2024-03-18 02:37:52,1073,2,3,Santa Fe,7408.8,0.0,42688.8
1000000351,20240503,2024-05-03 23:42:15,997,2,1,Buenos Aires,5670.0,0.0,32670.0
1000000352,20250216,2025-02-16 13:46:26,435,1,1,Buenos Aires,5953.5,900.0,35203.5
1000000353,20250508,2025-05-08 12:58:38,1401,2,4,Mendoza,7182.0,0.0,41382.0
1000000354,20250509,2025-05-09 11:09:10,202,1,1,Buenos Aires,2772.0,1200.0,17172.0
1000000355,20241209,2024-12-09 11:32:22,920,1,1,Buenos Aires,8505.0,1200.0,50205.0
1000000356,20250605,2025-06-05 02:50:54,1101,1,1,Buenos Aires,9261.0,0.0,53361.0
1000000357,20240229,2024-02-29 22:09:52,305,1,3,Santa Fe,2469.6,0.0,14229.6
1000000358,20250708,2025-07-08 15:28:42,268,1,1,Buenos Aires,5985.0,0.0,34485.0
1000000359,20240709,2024-07-09 10:50:51,636,2,3,Santa Fe,6174.0,0.0,35574.0
1000000360,20240923,2024-09-23 16:43:39,736,2,4,Mendoza,10911.6,0.0,62871.6
1000000361,20250119,2025-01-19 11:36:36,938,1,2,Córdoba,12423.6,1200.0,72783.6
1000000362,20240814,2024-08-14 11:12:23,356,1,2,Córdoba,7560.0,0.0,43560.0
1000000363,20240607,2024-06-07 21:33:38,544,1,1,Buenos Aires,2394.0,0.0,13794.0
1000000364,20250818,2025-08-18 21:55:14,952,2,2,Córdoba,5186.16,0.0,29882.16
1000000365,20250820,2025-08-20 07:05:53,1016,1,2,Córdoba,13986.0,900.0,81486.0
1000000366,20250715,2025-07-15 23:00:00,1183,1,1,Buenos Aires,9724.05,1500.0,57529.05
1000000367,20250419,2025-04-19 10:14:53,1154,1,1,Buenos Aires,5670.0,900.0,33570.0
1000000368,20241102,2024-11-02 23:28:33,1056,1,2,Córdoba,4536.0,1200.0,27336.0
1000000369,20241211,2024-12-11 05:34:37,666,2,1,Buenos Aires,6804.0,0.0,39204.0
1000000370,20250818,2025-08-18 16:20:56,1010,2,2,Córdoba,6284.25,0.0,36209.25
1000000371,20240115,2024-01-15 17:05:29,977,1,1,Buenos Aires,6300.0,1200.0,37500.0
1000000372,20240821,2024-08-21 16:26:48,172,1,3,Santa Fe,2513.7,900.0,15383.7
1000000373,20240218,2024-02-18 11:24:48,1179,1,3,Santa Fe,2646.0,900.0,16146.0
1000000374,20250414,2025-04-14 23:37:30,1048,2,2,Córdoba,9261.0,0.0,53361.0
1000000375,20250624,2025-06-24 14:50:30,480,1,1,Buenos Aires,2976.75,900.0,18051.75
1000000376,20241215,2024-12-15 01:03:23,164,2,2,Córdoba,8977.5,0.0,51727.5
1000000377,20240802,2024-08-02 04:41:33,902,2,1,Buenos Aires,6300.0,0.0,36300.0
1000000378,20250905,2025-09-05 07:19:50,1096,1,2,Córdoba,8334.9,1200.0,49224.9
1000000379,20250615,2025-06-15 09:45:42,1208,1,4,Mendoza,2268.0,900.0,13968.0
1000000380,20240613,2024-06-13 20:39:36,538,2,2,Córdoba,11894.4,0.0,68534.4
1000000381,20250518,2025-05-18 06:44:05,695,1,1,Buenos Aires,13759.2,1500.0,80779.2
1000000382,20240621,2024-06-21 23:15:32,766,1,1,Buenos Aires,6300.0,1500.0,37800.0
1000000383,20241120,2024-11-20 17:17:56,295,2,2,Córdoba,8930.25,0.0,51455.25
1000000384,20250608,2025-06-08 18:56:06,864,1,1,Buenos Aires,7408.8,0.0,42688.8
1000000385,20240511,2024-05-11 06:59:21,314,2,2,Córdoba,15844.5,0.0,91294.5
1000000386,20241023,2024-10-23 00:50:57,299,2,1,Buenos Aires,2992.5,0.0,17242.5
1000000387,20250327,2025-03-27 11:40:03,786,1,2,Córdoba,7560.0,1200.0,44760.0
1000000388,20240603,2024-06-03 02:31:09,356,1,1,Buenos Aires,9135.0,1200.0,53835.0
1000000389,20240503,2024-05-03 21:05:32,792,1,1,Buenos Aires,2154.6,0.0,12414.6
1000000390,20240316,2024-03-16 05:40:23,88,1,1,Buenos Aires,3307.5,900.0,19957.5
1000000391,20240207,2024-02-07 17:19:39,1426,1,2,Córdoba,2835.0,900.0,17235.0
1000000392,20240815,2024-08-15 21:40:43,1,2,2,Córdoba,6174.0,0.0,35574.0
1000000393,20240320,2024-03-20 04:53:22,803,2,3,Santa Fe,2469.6,0.0,14229.6
1000000394,20250731,2025-07-31 00:27:59,589,1,2,Córdoba,8079.75,900.0,47454.75
1000000395,20240601,2024-06-01 10:54:27,1238,2,3,Santa Fe,7779.24,0.0,44823.24
1000000396,20240814,2024-08-14 09:23:50,293,1,2,Córdoba,9865.8,1200.0,58045.8
1000000397,20250705,2025-07-05 06:59:31,882,1,2,Córdoba,2520.0,900.0,15420.0
1000000398,20240329,2024-03-29 05:52:21,913,1,1,Buenos Aires,13708.8,1200.0,80188.8
1000000399,20241003,2024-10-03 15:43:00,960,2,2,Córdoba,9954.0,0.0,57354.0
1000000400,20250313,2025-03-13 03:19:03,1084,2,1,Buenos Aires,2646.0,0.0,15246.0
1000000401,20250624,2025-06-24 15:21:47,1411,2,2,Córdoba,8505.0,0.0,49005.0
1000000402,20241219,2024-12-19 02:19:07,889,1,1,Buenos Aires,7484.4,1200.0,44324.4
1000000403,20241214,2024-12-14 05:29:57,814,1,1,Buenos Aires,9450.0,1200.0,55650.0
1000000404,20250312,2025-03-12 03:49:21,293,1,1,Buenos Aires,7736.4,1500.0,46076.4
1000000405,20240819,2024-08-19 15:05:48,1121,1,2,Córdoba,13658.4,1500.0,80198.4
1000000406,20240825,2024-08-25 07:28:12,696,2,1,Buenos Aires,8977.5,0.0,51727.5
1000000407,20250626,2025-06-26 15:49:31,331,1,2,Córdoba,5386.5,0.0,31036.5
1000000408,20241112,2024-11-12 23:19:51,106,1,2,Córdoba,6482.7,900.0,38252.7
1000000409,20250903,2025-09-03 09:29:14,918,2,2,Córdoba,6804.0,0.0,39204.0
1000000410,20250720,2025-07-20 07:48:11,305,1,1,Buenos Aires,7408.8,0.0,42688.8
1000000411,20241108,2024-11-08 18:46:04,381,1,1,Buenos Aires,8079.75,1200.0,47754.75
1000000412,20241119,2024-11-19 11:51:26,176,2,3,Santa Fe,4939.2,0.0,28459.2
1000000413,20240527,2024-05-27 15:53:24,1269,2,2,Córdoba,5040.0,0.0,29040.0
1000000414,20250512,2025-05-12 10:30:45,128,1,1,Buenos Aires,8284.5,900.0,48634.5
1000000415,20250430,2025-04-30 04:14:09,424,2,2,Córdoba,3087.0,0.0,17787.0
1000000416,20250604,2025-06-04 02:57:45,7,2,4,Mendoza,6791.4,0.0,39131.4
1000000417,20240330,2024-03-30 22:37:37,105,2,3,Santa Fe,5544.0,0.0,31944.0
1000000418,20240627,2024-06-27 18:10:46,1415,1,3,Santa Fe,8064.0,900.0,47364.0
1000000419,20240322,2024-03-22 18:53:53,283,1,3,Santa Fe,13526.1,1500.0,79436.1
1000000420,20241209,2024-12-09 08:36:14,1430,2,2,Córdoba,2394.0,0.0,13794.0
1000000421,20240831,2024-08-31 14:04:20,673,1,3,Santa Fe,6804.0,1200.0,40404.0
1000000422,20250222,2025-02-22 19:59:29,1419,1,1,Buenos Aires,11655.0,900.0,68055.0
1000000423,20250609,2025-06-09 00:53:32,39,2,1,Buenos Aires,4939.2,0.0,28459.2
1000000424,20240709,2024-07-09 03:55:21,189,1,3,Santa Fe,2469.6,1200.0,15429.6
1000000425,20250926,2025-09-26 16:19:43,526,2,2,Córdoba,2222.64,0.0,12806.64
1000000426,20240710,2024-07-10 03:32:53,790,1,1,Buenos Aires,7560.0,0.0,43560.0
1000000427,20240706,2024-07-06 14:03:01,464,1,1,Buenos Aires,7490.7,0.0,43160.7
1000000428,20240219,2024-02-19 08:36:50,262,1,3,Santa Fe,6174.0,900.0,36474.0
1000000429,20250412,2025-04-12 13:57:39,1051,2,1,Buenos Aires,12360.6,0.0,71220.6
1000000430,20250128,2025-01-28 15:07:57,582,1,4,Mendoza,7938.0,900.0,46638.0
1000000431,20250906,2025-09-06 03:13:28,3,1,1,Buenos Aires,7144.2,1500.0,42664.2
1000000432,20240120,2024-01-20 12:03:01,678,1,2,Córdoba,7900.2,1500.0,47020.2
1000000433,20250109,2025-01-09 14:39:57,369,1,2,Córdoba,2268.0,1200.0,14268.0
1000000434,20240412,2024-04-12 15:35:44,71,1,1,Buenos Aires,5040.0,1500.0,30540.0
1000000435,20240519,2024-05-19 15:46:28,1251,1,2,Córdoba,12373.2,900.0,72193.2
1000000436,20240817,2024-08-17 07:02:29,143,2,4,Mendoza,7560.0,0.0,43560.0
1000000437,20241101,2024-11-01 14:32:14,126,1,1,Buenos Aires,8977.5,0.0,51727.5
1000000438,20250503,2025-05-03 02:49:15,945,2,4,Mendoza,10187.1,0.0,58697.1
1000000439,20240104,2024-01-04 11:07:12,592,1,1,Buenos Aires,4788.0,0.0,27588.0
1000000440,20241028,2024-10-28 14:14:44,462,2,2,Córdoba,12776.4,0.0,73616.4
1000000441,20240318,2024-03-18 14:42:42,274,1,1,Buenos Aires,7779.24,1500.0,46323.24
1000000442,20240524,2024-05-24 06:17:42,703,2,3,Santa Fe,9261.0,0.0,53361.0
1000000443,20250422,2025-04-22 17:04:39,723,2,1,Buenos Aires,20994.75,0.0,120969.75
1000000444,20250116,2025-01-16 14:39:25,310,1,1,Buenos Aires,7484.4,1200.0,44324.4
1000000445,20240723,2024-07-23 07:46:04,410,2,2,Córdoba,5040.0,0.0,29040.0
1000000446,20240813,2024-08-13 10:17:13,495,1,1,Buenos Aires,7408.8,1200.0,43888.8
1000000447,20241108,2024-11-08 13:47:03,457,1,1,Buenos Aires,7408.8,900.0,43588.8
1000000448,20250111,2025-01-11 11:23:27,852,2,1,Buenos Aires,2394.0,0.0,13794.0
1000000449,20240402,2024-04-02 04:40:15,793,1,3,Santa Fe,11856.6,1200.0,69516.6
1000000450,20240906,2024-09-06 20:44:17,789,1,2,Córdoba,3307.5,1200.0,20257.5
1000000451,20240410,2024-04-10 13:58:16,1075,2,4,Mendoza,5985.0,0.0,34485.0
1000000452,20250228,2025-02-28 05:03:37,814,1,3,Santa Fe,9426.38,0.0,54313.88
1000000453,20240414,2024-04-14 03:38:14,1270,1,2,Córdoba,2469.6,900.0,15129.6
1000000454,20250523,2025-05-23 14:15:23,442,1,2,Córdoba,6804.0,900.0,40104.0
1000000455,20240723,2024-07-23 11:30:23,1109,1,1,Buenos Aires,17614.8,1200.0,102694.8
1000000456,20240926,2024-09-26 04:59:36,1107,2,4,Mendoza,14193.9,0.0,81783.9
1000000457,20250927,2025-09-27 07:42:51,1229,1,2,Córdoba,2693.25,900.0,16418.25
1000000458,20241027,2024-10-27 01:52:38,498,1,4,Mendoza,8347.5,0.0,48097.5
1000000459,20241215,2024-12-15 00:00:47,738,1,2,Córdoba,4989.6,0.0,28749.6
1000000460,20240401,2024-04-01 20:37:23,1412,1,2,Córdoba,3241.35,0.0,18676.35
1000000461,20240324,2024-03-24 20:13:56,1462,1,2,Córdoba,4649.4,1200.0,27989.4
1000000462,20240526,2024-05-26 20:10:54,167,1,3,Santa Fe,9450.0,1200.0,55650.0
1000000463,20250829,2025-08-29 20:20:17,1066,1,2,Córdoba,2268.0,900.0,13968.0
1000000464,20240410,2024-04-10 17:59:36,1075,2,1,Buenos Aires,7779.24,0.0,44823.24
1000000465,20240805,2024-08-05 08:30:07,1393,1,1,Buenos Aires,20884.5,0.0,120334.5
1000000466,20250714,2025-07-14 20:07:18,181,1,1,Buenos Aires,11497.5,1200.0,67447.5
1000000467,20250102,2025-01-02 14:24:27,746,2,2,Córdoba,6804.0,0.0,39204.0
1000000468,20241029,2024-10-29 13:42:38,1188,1,2,Córdoba,7900.2,1500.0,47020.2
1000000469,20250611,2025-06-11 17:04:37,803,1,1,Buenos Aires,8334.9,900.0,48924.9
1000000470,20240208,2024-02-08 09:06:15,316,2,2,Córdoba,3087.0,0.0,17787.0
1000000471,20240112,2024-01-12 17:02:05,56,2,1,Buenos Aires,7182.0,0.0,41382.0
1000000472,20250726,2025-07-26 01:37:30,1427,1,2,Córdoba,2593.08,900.0,15841.08
1000000473,20250227,2025-02-27 11:28:55,1172,1,1,Buenos Aires,6804.0,900.0,40104.0
1000000474,20240803,2024-08-03 20:26:23,613,2,1,Buenos Aires,2992.5,0.0,17242.5
1000000475,20250514,2025-05-14 05:13:25,941,2,2,Córdoba,4788.0,0.0,27588.0
1000000476,20250328,2025-03-28 10:47:01,748,1,3,Santa Fe,12411.0,900.0,72411.0
1000000477,20250517,2025-05-17 00:18:39,780,1,3,Santa Fe,2394.0,900.0,14694.0
1000000478,20240208,2024-02-08 08:01:51,642,2,3,Santa Fe,2268.0,0.0,13068.0
1000000479,20250709,2025-07-09 11:19:44,320,2,2,Córdoba,9261.0,0.0,53361.0
1000000480,20250608,2025-06-08 22:14:21,843,2,3,Santa Fe,7560.0,0.0,43560.0
1000000481,20240129,2024-01-29 17:59:13,956,2,2,Córdoba,5071.5,0.0,29221.5
1000000482,20241207,2024-12-07 05:32:30,348,2,1,Buenos Aires,6583.5,0.0,37933.5
1000000483,20240108,2024-01-08 05:58:36,445,1,1,Buenos Aires,2520.0,1200.0,15720.0
1000000484,20250806,2025-08-06 15:11:59,758,1,2,Córdoba,5544.0,1200.0,33144.0
1000000485,20240627,2024-06-27 19:54:34,481,1,1,Buenos Aires,8977.5,1200.0,52927.5
1000000486,20240724,2024-07-24 14:09:03,1303,2,3,Santa Fe,9009.0,0.0,51909.0
1000000487,20241231,2024-12-31 15:20:44,1020,2,4,Mendoza,5040.0,0.0,29040.0
1000000488,20240520,2024-05-20 00:51:46,1376,1,1,Buenos Aires,9450.0,900.0,55350.0
1000000489,20250824,2025-08-24 14:12:37,1083,2,1,Buenos Aires,11743.2,0.0,67663.2
1000000490,20240930,2024-09-30 00:08:59,760,2,1,Buenos Aires,5355.0,0.0,30855.0
1000000491,20241116,2024-11-16 19:56:41,1011,2,2,Córdoba,2268.0,0.0,13068.0
1000000492,20250927,2025-09-27 18:24:33,913,2,3,Santa Fe,6391.35,0.0,36826.35
1000000493,20250626,2025-06-26 17:06:51,1012,1,1,Buenos Aires,2469.6,1200.0,15429.6
1000000494,20240725,2024-07-25 12:00:44,1228,1,1,Buenos Aires,9724.05,1200.0,57229.05
1000000495,20250430,2025-04-30 06:23:35,1180,2,3,Santa Fe,14553.0,0.0,83853.0
1000000496,20241114,2024-11-14 22:30:11,173,1,3,Santa Fe,3087.0,1500.0,19287.0
1000000497,20240903,2024-09-03 11:44:03,143,2,1,Buenos Aires,14490.0,0.0,83490.0
1000000498,20240903,2024-09-03 11:41:38,1036,1,3,Santa Fe,3087.0,900.0,18687.0
1000000499,20250706,2025-07-06 08:34:18,829,1,2,Córdoba,2976.75,1200.0,18351.75
1000000500,20250411,2025-04-11 18:01:49,214,1,2,Córdoba,11844.0,1500.0,69744.0
1000000501,20240519,2024-05-19 07:17:57,1242,2,1,Buenos Aires,6300.0,0.0,36300.0
1000000502,20241003,2024-10-03 03:51:30,1379,1,1,Buenos Aires,4536.0,900.0,27036.0
1000000503,20250820,2025-08-20 13:35:54,1415,1,1,Buenos Aires,7408.8,1200.0,43888.8
1000000504,20250208,2025-02-08 02:50:08,511,1,2,Córdoba,4788.0,900.0,28488.0
1000000505,20250414,2025-04-14 23:04:08,920,2,2,Córdoba,7182.0,0.0,41382.0
1000000506,20241206,2024-12-06 05:32:58,69,1,1,Buenos Aires,7541.1,1200.0,44651.1
1000000507,20250710,2025-07-10 18:14:18,492,2,4,Mendoza,3307.5,0.0,19057.5
1000000508,20240603,2024-06-03 20:23:50,523,1,4,Mendoza,4082.4,900.0,24422.4
1000000509,20250803,2025-08-03 00:05:53,1382,1,2,Córdoba,9261.0,1500.0,54861.0
1000000510,20240902,2024-09-02 00:22:45,310,1,2,Córdoba,12726.0,1500.0,74826.0
1000000511,20240107,2024-01-07 07:18:50,457,1,4,Mendoza,10395.0,0.0,59895.0
1000000512,20250916,2025-09-16 22:58:59,396,1,2,Córdoba,2469.6,900.0,15129.6
1000000513,20241213,2024-12-13 02:47:30,538,2,3,Santa Fe,5556.6,0.0,32016.6
1000000514,20241013,2024-10-13 16:10:02,6,2,1,Buenos Aires,16191.0,0.0,93291.0
1000000515,20240101,2024-01-01 18:07:21,733,1,1,Buenos Aires,3118.5,900.0,18868.5
1000000516,20250318,2025-03-18 17:57:55,56,2,1,Buenos Aires,18748.8,0.0,108028.8
1000000517,20240620,2024-06-20 05:16:44,367,1,3,Santa Fe,5040.0,1500.0,30540.0
1000000518,20250622,2025-06-22 17:51:56,812,2,1,Buenos Aires,2268.0,0.0,13068.0
1000000519,20240421,2024-04-21 00:22:18,669,1,3,Santa Fe,10407.6,900.0,60867.6
1000000520,20240129,2024-01-29 21:32:00,566,1,1,Buenos Aires,16858.8,1500.0,98638.8
1000000521,20240827,2024-08-27 03:44:31,1055,1,4,Mendoza,11072.25,0.0,63797.25
1000000522,20240826,2024-08-26 16:09:08,577,1,1,Buenos Aires,7560.0,900.0,44460.0
1000000523,20240920,2024-09-20 18:04:41,689,2,3,Santa Fe,4939.2,0.0,28459.2
1000000524,20240513,2024-05-13 20:34:58,787,2,4,Mendoza,9450.0,0.0,54450.0
1000000525,20240113,2024-01-13 03:58:31,32,1,1,Buenos Aires,4536.0,900.0,27036.0
1000000526,20240219,2024-02-19 10:18:19,434,1,1,Buenos Aires,9261.0,900.0,54261.0
1000000527,20250519,2025-05-19 01:14:06,1470,2,2,Córdoba,6300.0,0.0,36300.0
1000000528,20240222,2024-02-22 18:32:18,226,2,3,Santa Fe,3150.0,0.0,18150.0
1000000529,20241019,2024-10-19 07:14:33,1190,1,3,Santa Fe,10029.6,1200.0,58989.6
1000000530,20240511,2024-05-11 02:35:07,1004,1,2,Córdoba,4939.2,1500.0,29959.2
1000000531,20241209,2024-12-09 06:49:56,1315,2,4,Mendoza,6930.0,0.0,39930.0
1000000532,20241011,2024-10-11 07:14:37,701,1,3,Santa Fe,2835.0,1200.0,17535.0
1000000533,20250428,2025-04-28 19:51:50,843,1,1,Buenos Aires,7182.0,1500.0,42882.0
1000000534,20250221,2025-02-21 16:44:18,1167,1,1,Buenos Aires,4309.2,0.0,24829.2
1000000535,20250409,2025-04-09 01:16:49,681,1,4,Mendoza,10125.36,1200.0,59541.36
1000000536,20250302,2025-03-02 08:01:17,513,2,4,Mendoza,7560.0,0.0,43560.0
1000000537,20240830,2024-08-30 05:40:41,970,2,1,Buenos Aires,7144.2,0.0,41164.2
1000000538,20241216,2024-12-16 09:10:50,383,1,4,Mendoza,5103.0,1500.0,30903.0
1000000539,20250228,2025-02-28 07:25:00,527,1,1,Buenos Aires,8981.28,1500.0,53249.28
1000000540,20250402,2025-04-02 08:47:52,757,1,1,Buenos Aires,2268.0,0.0,13068.0
1000000541,20241231,2024-12-31 07:45:35,12,2,3,Santa Fe,2520.0,0.0,14520.0
1000000542,20240502,2024-05-02 13:39:33,1022,1,3,Santa Fe,7779.24,1200.0,46023.24
1000000543,20240727,2024-07-27 16:42:38,619,1,1,Buenos Aires,2992.5,1200.0,18442.5
1000000544,20240323,2024-03-23 12:27:13,461,2,3,Santa Fe,3118.5,0.0,17968.5
1000000545,20250328,2025-03-28 18:59:40,1454,2,1,Buenos Aires,5186.16,0.0,29882.16
1000000546,20241116,2024-11-16 08:47:00,1199,1,1,Buenos Aires,4989.6,1200.0,29949.6
1000000547,20250602,2025-06-02 23:16:25,1398,1,2,Córdoba,5040.0,1200.0,30240.0
1000000548,20250918,2025-09-18 08:31:23,401,1,2,Córdoba,6284.25,900.0,37109.25
1000000549,20250314,2025-03-14 05:14:47,1360,1,2,Córdoba,4788.0,0.0,27588.0
1000000550,20250415,2025-04-15 06:52:15,768,1,4,Mendoza,7144.2,1500.0,42664.2
1000000551,20250929,2025-09-29 10:20:11,295,1,2,Córdoba,7308.0,1200.0,43308.0
1000000552,20250424,2025-04-24 19:32:52,1270,2,2,Córdoba,4536.0,0.0,26136.0
1000000553,20240624,2024-06-24 23:47:54,999,2,3,Santa Fe,7560.0,0.0,43560.0
1000000554,20250525,2025-05-25 13:24:00,264,1,2,Córdoba,9261.0,1200.0,54561.0
1000000555,20250801,2025-08-01 08:16:15,1372,1,2,Córdoba,2835.0,1500.0,17835.0
1000000556,20250122,2025-01-22 14:29:33,103,2,1,Buenos Aires,6123.6,0.0,35283.6
1000000557,20240408,2024-04-08 07:01:48,493,2,3,Santa Fe,6174.0,0.0,35574.0
1000000558,20240923,2024-09-23 03:27:10,136,2,4,Mendoza,9450.0,0.0,54450.0
1000000559,20250111,2025-01-11 23:06:18,1399,2,1,Buenos Aires,12253.5,0.0,70603.5
1000000560,20250508,2025-05-08 00:54:11,1364,1,1,Buenos Aires,9922.5,900.0,58072.5
1000000561,20250315,2025-03-15 06:52:48,1437,1,1,Buenos Aires,7182.0,0.0,41382.0
1000000562,20250604,2025-06-04 06:48:51,108,1,3,Santa Fe,7182.0,900.0,42282.0
1000000563,20240320,2024-03-20 18:04:05,1480,2,2,Córdoba,2551.5,0.0,14701.5
1000000564,20240513,2024-05-13 20:19:42,1220,2,4,Mendoza,7812.0,0.0,45012.0
1000000565,20240610,2024-06-10 11:35:47,439,1,1,Buenos Aires,14805.0,1200.0,86505.0
1000000566,20250409,2025-04-09 16:26:09,68,1,2,Córdoba,4788.0,1200.0,28788.0
1000000567,20240805,2024-08-05 12:31:26,691,2,4,Mendoza,5670.0,0.0,32670.0
1000000568,20240620,2024-06-20 04:01:58,1039,2,4,Mendoza,6463.8,0.0,37243.8
1000000569,20250511,2025-05-11 15:14:43,1259,2,1,Buenos Aires,2394.0,0.0,13794.0
1000000570,20240901,2024-09-01 18:09:51,1373,2,1,Buenos Aires,5985.0,0.0,34485.0
1000000571,20240421,2024-04-21 04:33:40,274,2,3,Santa Fe,2835.0,0.0,16335.0
1000000572,20240901,2024-09-01 06:52:10,1372,2,1,Buenos Aires,9922.5,0.0,57172.5
1000000573,20240113,2024-01-13 23:13:39,1385,1,1,Buenos Aires,7408.8,900.0,43588.8
1000000574,20240328,2024-03-28 13:43:27,433,1,3,Santa Fe,6804.0,1500.0,40704.0
1000000575,20250429,2025-04-29 14:31:37,531,2,1,Buenos Aires,8334.9,0.0,48024.9
1000000576,20240531,2024-05-31 04:57:41,1152,1,1,Buenos Aires,4536.0,1200.0,27336.0
1000000577,20250115,2025-01-15 08:08:56,1031,2,2,Córdoba,7560.0,0.0,43560.0
1000000578,20241118,2024-11-18 15:19:00,524,2,1,Buenos Aires,3142.12,0.0,18104.62
1000000579,20250501,2025-05-01 20:43:59,196,1,1,Buenos Aires,2772.0,1200.0,17172.0
1000000580,20240507,2024-05-07 11:34:49,90,1,1,Buenos Aires,11990.16,1200.0,70286.16
1000000581,20240331,2024-03-31 07:27:21,1426,1,1,Buenos Aires,2835.0,1500.0,17835.0
1000000582,20241007,2024-10-07 04:18:36,844,1,1,Buenos Aires,4536.0,900.0,27036.0
1000000583,20241205,2024-12-05 07:46:29,1440,1,2,Córdoba,7408.8,900.0,43588.8
1000000584,20240617,2024-06-17 04:29:58,978,1,1,Buenos Aires,5304.6,900.0,31464.6
1000000585,20240520,2024-05-20 20:29:50,1150,2,3,Santa Fe,5418.0,0.0,31218.0
1000000586,20250825,2025-08-25 02:19:20,402,1,2,Córdoba,8694.0,900.0,50994.0
1000000587,20241231,2024-12-31 15:35:05,334,2,2,Córdoba,3395.7,0.0,19565.7
1000000588,20250219,2025-02-19 10:34:44,99,1,1,Buenos Aires,13809.6,1500.0,81069.6
1000000589,20250801,2025-08-01 17:25:20,1420,2,1,Buenos Aires,5348.7,0.0,30818.7
1000000590,20240629,2024-06-29 13:39:00,903,1,1,Buenos Aires,12119.62,1200.0,71032.12
1000000591,20241025,2024-10-25 05:48:44,258,1,1,Buenos Aires,5040.0,900.0,29940.0
1000000592,20240223,2024-02-23 16:01:12,223,2,2,Córdoba,4536.0,0.0,26136.0
1000000593,20240805,2024-08-05 10:49:04,376,2,3,Santa Fe,7408.8,0.0,42688.8
1000000594,20250312,2025-03-12 09:23:12,919,1,1,Buenos Aires,8977.5,900.0,52627.5
1000000595,20241109,2024-11-09 20:06:20,900,1,1,Buenos Aires,5395.95,900.0,31990.95
1000000596,20240812,2024-08-12 02:13:50,639,2,1,Buenos Aires,9875.25,0.0,56900.25
1000000597,20240225,2024-02-25 00:39:34,188,1,1,Buenos Aires,14200.2,1200.0,83020.2
1000000598,20241023,2024-10-23 03:31:23,147,2,4,Mendoza,5186.16,0.0,29882.16
1000000599,20240229,2024-02-29 12:57:11,1119,1,4,Mendoza,9450.0,1200.0,55650.0
1000000600,20250111,2025-01-11 11:07:38,41,1,3,Santa Fe,8505.0,0.0,49005.0
1000000601,20240905,2024-09-05 19:39:30,589,1,1,Buenos Aires,2992.5,0.0,17242.5
1000000602,20241205,2024-12-05 10:09:05,358,1,2,Córdoba,8930.25,1200.0,52655.25
1000000603,20250508,2025-05-08 16:40:10,358,1,1,Buenos Aires,7129.08,0.0,41077.08
1000000604,20241028,2024-10-28 01:20:11,855,1,1,Buenos Aires,10187.1,1200.0,59897.1
1000000605,20240613,2024-06-13 13:25:44,142,2,2,Córdoba,2222.64,0.0,12806.64
1000000606,20240219,2024-02-19 23:38:55,79,2,3,Santa Fe,2551.5,0.0,14701.5
1000000607,20240602,2024-06-02 12:51:25,338,1,3,Santa Fe,6123.6,900.0,36183.6
1000000608,20241116,2024-11-16 19:26:05,1019,2,1,Buenos Aires,11340.0,0.0,65340.0
1000000609,20240525,2024-05-25 08:27:34,590,2,2,Córdoba,7900.2,0.0,45520.2
1000000610,20250426,2025-04-26 12:37:30,1120,1,1,Buenos Aires,14987.7,1200.0,87557.7
1000000611,20240816,2024-08-16 08:15:58,1154,1,2,Córdoba,4939.2,1500.0,29959.2
1000000612,20250515,2025-05-15 07:13:26,1228,1,2,Córdoba,6804.0,900.0,40104.0
1000000613,20250817,2025-08-17 20:35:34,172,1,1,Buenos Aires,5266.8,900.0,31246.8
1000000614,20250201,2025-02-01 00:52:32,593,2,3,Santa Fe,15635.34,0.0,90089.34
1000000615,20240131,2024-01-31 21:08:26,681,2,2,Córdoba,6300.0,0.0,36300.0
1000000616,20250423,2025-04-23 16:19:33,840,1,1,Buenos Aires,10143.0,0.0,58443.0
1000000617,20240620,2024-06-20 04:17:26,1145,1,3,Santa Fe,6667.92,900.0,39319.92
1000000618,20250115,2025-01-15 00:00:04,412,1,1,Buenos Aires,6300.0,900.0,37200.0
1000000619,20250727,2025-07-27 06:31:23,400,1,1,Buenos Aires,4939.2,900.0,29359.2
1000000620,20240220,2024-02-20 14:00:24,698,1,1,Buenos Aires,7408.8,900.0,43588.8
1000000621,20241024,2024-10-24 01:15:32,751,1,1,Buenos Aires,14553.0,900.0,84753.0
1000000622,20250617,2025-06-17 23:35:45,1495,1,4,Mendoza,11707.92,1200.0,68659.92
1000000623,20241018,2024-10-18 17:12:41,1207,1,2,Córdoba,17822.7,1500.0,104192.7
1000000624,20240616,2024-06-16 18:33:42,691,2,2,Córdoba,5985.0,0.0,34485.0
1000000625,20241105,2024-11-05 11:17:27,144,2,4,Mendoza,7875.0,0.0,45375.0
1000000626,20240709,2024-07-09 07:36:08,136,2,3,Santa Fe,17501.4,0.0,100841.4
1000000627,20240228,2024-02-28 03:26:06,984,2,2,Córdoba,8930.25,0.0,51455.25
1000000628,20240702,2024-07-02 06:18:40,165,2,4,Mendoza,8149.68,0.0,46957.68
1000000629,20250129,2025-01-29 03:23:57,893,1,1,Buenos Aires,12718.44,0.0,73282.44
1000000630,20250416,2025-04-16 00:45:18,1117,1,1,Buenos Aires,5670.0,1200.0,33870.0
1000000631,20240911,2024-09-11 12:23:09,992,2,3,Santa Fe,7733.25,0.0,44558.25
1000000632,20241014,2024-10-14 06:50:33,1325,2,3,Santa Fe,7408.8,0.0,42688.8
1000000633,20240730,2024-07-30 22:01:26,232,2,4,Mendoza,7779.24,0.0,44823.24
1000000634,20240925,2024-09-25 08:32:50,1051,1,1,Buenos Aires,8334.9,900.0,48924.9
1000000635,20250224,2025-02-24 08:22:28,809,2,1,Buenos Aires,14837.76,0.0,85493.76
1000000636,20241007,2024-10-07 19:47:47,442,1,2,Córdoba,4536.0,0.0,26136.0
1000000637,20250121,2025-01-21 21:12:54,385,2,4,Mendoza,6667.92,0.0,38419.92
1000000638,20240127,2024-01-27 19:30:27,24,2,3,Santa Fe,5953.5,0.0,34303.5
1000000639,20240220,2024-02-20 07:53:07,548,2,3,Santa Fe,9261.0,0.0,53361.0
1000000640,20240419,2024-04-19 19:37:10,1429,1,1,Buenos Aires,6583.5,1500.0,39433.5
1000000641,20250221,2025-02-21 12:08:59,1417,2,2,Córdoba,2593.08,0.0,14941.08
1000000642,20240927,2024-09-27 06:49:57,750,1,1,Buenos Aires,13211.1,1500.0,77621.1
1000000643,20241013,2024-10-13 20:51:32,1451,1,1,Buenos Aires,11450.25,0.0,65975.25
1000000644,20240210,2024-02-10 12:50:20,1147,1,4,Mendoza,4082.4,1200.0,24722.4
1000000645,20250902,2025-09-02 09:39:24,1489,1,1,Buenos Aires,19385.1,1500.0,113195.1
1000000646,20250316,2025-03-16 08:43:26,1216,1,1,Buenos Aires,10558.8,0.0,60838.8
1000000647,20240723,2024-07-23 09:55:10,758,1,4,Mendoza,3087.0,900.0,18687.0
1000000648,20240724,2024-07-24 06:20:05,1297,1,1,Buenos Aires,9450.0,1200.0,55650.0
1000000649,20250707,2025-07-07 08:32:38,561,1,2,Córdoba,8316.0,900.0,48816.0
1000000650,20250915,2025-09-15 10:53:59,1017,1,1,Buenos Aires,6463.8,900.0,38143.8
1000000651,20250610,2025-06-10 06:34:01,404,1,1,Buenos Aires,2268.0,900.0,13968.0
1000000652,20240824,2024-08-24 10:39:51,31,2,4,Mendoza,4939.2,0.0,28459.2
1000000653,20250408,2025-04-08 22:51:25,648,1,1,Buenos Aires,2835.0,1500.0,17835.0
1000000654,20240820,2024-08-20 01:50:36,157,1,1,Buenos Aires,7560.0,900.0,44460.0
1000000655,20250219,2025-02-19 14:57:19,527,2,1,Buenos Aires,5953.5,0.0,34303.5
1000000656,20250605,2025-06-05 14:54:46,6,1,1,Buenos Aires,3087.0,900.0,18687.0
1000000657,20240609,2024-06-09 00:41:42,108,1,4,Mendoza,7182.0,1200.0,42582.0
1000000658,20240829,2024-08-29 03:35:32,1469,1,1,Buenos Aires,8678.25,900.0,50903.25
1000000659,20241204,2024-12-04 08:55:19,414,2,3,Santa Fe,5292.0,0.0,30492.0
1000000660,20240409,2024-04-09 03:00:50,1285,1,1,Buenos Aires,18403.88,0.0,106041.38
1000000661,20240531,2024-05-31 23:59:01,1394,1,4,Mendoza,6583.5,1500.0,39433.5
1000000662,20241113,2024-11-13 21:36:34,473,2,2,Córdoba,2551.5,0.0,14701.5
1000000663,20240610,2024-06-10 14:24:39,366,2,1,Buenos Aires,2469.6,0.0,14229.6
1000000664,20250419,2025-04-19 10:41:06,1394,1,1,Buenos Aires,9450.0,1500.0,55950.0
1000000665,20250410,2025-04-10 19:21:09,1484,2,1,Buenos Aires,6791.4,0.0,39131.4
1000000666,20250527,2025-05-27 04:50:07,171,1,2,Córdoba,4939.2,1200.0,29659.2
1000000667,20250628,2025-06-28 07:21:53,1262,2,3,Santa Fe,5670.0,0.0,32670.0
1000000668,20240913,2024-09-13 20:10:02,1123,1,1,Buenos Aires,6804.0,1500.0,40704.0
1000000669,20240915,2024-09-15 23:26:55,343,1,2,Córdoba,11907.0,1200.0,69807.0
1000000670,20240619,2024-06-19 06:22:24,1433,1,2,Córdoba,6804.0,0.0,39204.0
1000000671,20240503,2024-05-03 22:28:31,1100,1,1,Buenos Aires,5040.0,1200.0,30240.0
1000000672,20240417,2024-04-17 11:09:57,73,1,2,Córdoba,2633.4,900.0,16073.4
1000000673,20250621,2025-06-21 01:00:48,1165,2,3,Santa Fe,9261.0,0.0,53361.0
1000000674,20250717,2025-07-17 06:16:54,383,2,3,Santa Fe,8505.0,0.0,49005.0
1000000675,20250621,2025-06-21 13:13:23,1313,1,1,Buenos Aires,5040.0,1500.0,30540.0
1000000676,20241027,2024-10-27 23:53:29,997,2,2,Córdoba,10187.1,0.0,58697.1
1000000677,20241217,2024-12-17 05:44:29,3,2,1,Buenos Aires,13116.6,0.0,75576.6
1000000678,20240522,2024-05-22 20:35:58,323,1,4,Mendoza,5292.0,1200.0,31692.0
1000000679,20240416,2024-04-16 15:48:46,961,1,1,Buenos Aires,8505.0,1200.0,50205.0
1000000680,20241206,2024-12-06 23:38:05,1130,2,2,Córdoba,7541.1,0.0,43451.1
1000000681,20241108,2024-11-08 23:13:12,318,1,3,Santa Fe,9450.0,1200.0,55650.0
1000000682,20240211,2024-02-11 00:12:52,579,2,3,Santa Fe,12388.95,0.0,71383.95
1000000683,20240330,2024-03-30 01:24:31,1341,1,2,Córdoba,4082.4,900.0,24422.4
1000000684,20240527,2024-05-27 15:04:37,350,1,2,Córdoba,11576.25,1200.0,67901.25
1000000685,20241024,2024-10-24 03:11:20,810,1,1,Buenos Aires,5670.0,1500.0,34170.0
1000000686,20240829,2024-08-29 14:18:38,1289,2,2,Córdoba,8505.0,0.0,49005.0
1000000687,20240710,2024-07-10 15:37:43,567,2,2,Córdoba,4536.0,0.0,26136.0
1000000688,20250825,2025-08-25 18:46:17,797,1,3,Santa Fe,3087.0,1200.0,18987.0
1000000689,20240621,2024-06-21 18:33:52,1169,1,1,Buenos Aires,21785.4,1500.0,127025.4
1000000690,20250916,2025-09-16 12:11:10,326,1,2,Córdoba,15220.8,0.0,87700.8
1000000691,20250219,2025-02-19 22:40:39,97,2,3,Santa Fe,7541.1,0.0,43451.1
1000000692,20240108,2024-01-08 10:58:51,1158,2,2,Córdoba,4536.0,0.0,26136.0
1000000693,20240213,2024-02-13 17:37:36,293,1,2,Córdoba,5040.0,1200.0,30240.0
1000000694,20250619,2025-06-19 02:42:35,788,2,2,Córdoba,7408.8,0.0,42688.8
1000000695,20240907,2024-09-07 04:30:01,881,2,1,Buenos Aires,3087.0,0.0,17787.0
1000000696,20250429,2025-04-29 05:22:36,1345,1,3,Santa Fe,9450.0,1500.0,55950.0
1000000697,20250406,2025-04-06 06:28:17,660,2,1,Buenos Aires,2992.5,0.0,17242.5
1000000698,20240222,2024-02-22 22:24:00,954,1,1,Buenos Aires,2835.0,900.0,17235.0
1000000699,20241016,2024-10-16 16:28:54,889,2,4,Mendoza,10269.0,0.0,59169.0
1000000700,20250417,2025-04-17 02:55:29,396,1,3,Santa Fe,6791.4,900.0,40031.4
1000000701,20240309,2024-03-09 03:57:22,1425,2,3,Santa Fe,2394.0,0.0,13794.0
1000000702,20240809,2024-08-09 02:13:59,1147,2,3,Santa Fe,5266.8,0.0,30346.8
1000000703,20241206,2024-12-06 06:40:20,1368,2,4,Mendoza,3150.0,0.0,18150.0
1000000704,20240219,2024-02-19 11:05:16,601,1,3,Santa Fe,7408.8,1200.0,43888.8
1000000705,20241026,2024-10-26 16:38:12,767,1,1,Buenos Aires,12726.0,900.0,74226.0
1000000706,20250911,2025-09-11 21:51:53,949,2,2,Córdoba,8079.75,0.0,46554.75
1000000707,20240626,2024-06-26 18:48:29,1242,1,1,Buenos Aires,9426.38,900.0,55213.88
1000000708,20250314,2025-03-14 01:03:26,1110,1,4,Mendoza,2469.6,1200.0,15429.6
1000000709,20250616,2025-06-16 09:24:59,164,2,1,Buenos Aires,3150.0,0.0,18150.0
1000000710,20250104,2025-01-04 19:14:50,762,2,4,Mendoza,2469.6,0.0,14229.6
1000000711,20240629,2024-06-29 03:52:56,1116,1,4,Mendoza,14212.8,1200.0,83092.8
1000000712,20240215,2024-02-15 10:24:18,937,1,1,Buenos Aires,9426.38,1200.0,55513.88
1000000713,20241015,2024-10-15 07:19:57,1052,2,3,Santa Fe,6123.6,0.0,35283.6
1000000714,20250829,2025-08-29 19:28:26,899,1,2,Córdoba,3087.0,1500.0,19287.0
1000000715,20240105,2024-01-05 04:05:58,1406,2,4,Mendoza,2520.0,0.0,14520.0
1000000716,20240312,2024-03-12 13:58:28,586,1,1,Buenos Aires,5292.0,1200.0,31692.0
1000000717,20240217,2024-02-17 05:23:21,1415,1,2,Córdoba,8423.1,900.0,49433.1
1000000718,20240518,2024-05-18 11:36:13,391,1,4,Mendoza,14004.9,1200.0,81894.9
1000000719,20240822,2024-08-22 02:08:00,1041,2,2,Córdoba,5433.12,0.0,31305.12
1000000720,20250815,2025-08-15 02:45:02,458,1,2,Córdoba,11340.0,0.0,65340.0
1000000721,20240925,2024-09-25 17:53:50,604,1,3,Santa Fe,7560.0,1200.0,44760.0
1000000722,20241130,2024-11-30 14:10:44,624,1,1,Buenos Aires,5985.0,1200.0,35685.0
1000000723,20240414,2024-04-14 13:48:52,1028,1,2,Córdoba,4445.28,900.0,26513.28
1000000724,20250501,2025-05-01 12:47:25,504,1,1,Buenos Aires,2835.0,1200.0,17535.0
1000000725,20250531,2025-05-31 21:15:13,193,2,4,Mendoza,2716.56,0.0,15652.56
1000000726,20240704,2024-07-04 11:31:26,121,1,3,Santa Fe,6804.0,1500.0,40704.0
1000000727,20250618,2025-06-18 14:29:01,1302,1,1,Buenos Aires,4939.2,900.0,29359.2
1000000728,20241026,2024-10-26 01:34:26,1495,1,3,Santa Fe,16339.05,1200.0,95344.05
1000000729,20240804,2024-08-04 17:46:52,958,1,3,Santa Fe,11560.5,1200.0,67810.5
1000000730,20250826,2025-08-26 16:24:10,1024,2,3,Santa Fe,10558.8,0.0,60838.8
1000000731,20250224,2025-02-24 09:19:50,814,2,3,Santa Fe,2268.0,0.0,13068.0
1000000732,20240109,2024-01-09 09:59:58,1036,1,2,Córdoba,7560.0,900.0,44460.0
1000000733,20240528,2024-05-28 04:48:07,640,1,1,Buenos Aires,4445.28,1500.0,27113.28
1000000734,20240212,2024-02-12 08:02:23,915,1,4,Mendoza,6615.0,0.0,38115.0
1000000735,20250603,2025-06-03 08:35:35,544,2,1,Buenos Aires,9261.0,0.0,53361.0
1000000736,20250807,2025-08-07 18:21:04,483,2,3,Santa Fe,2520.0,0.0,14520.0
1000000737,20250305,2025-03-05 01:39:53,878,2,2,Córdoba,16518.6,0.0,95178.6
1000000738,20241215,2024-12-15 15:18:41,820,1,1,Buenos Aires,2154.6,1200.0,13614.6
1000000739,20240310,2024-03-10 22:47:39,879,2,4,Mendoza,2693.25,0.0,15518.25
1000000740,20240419,2024-04-19 21:57:06,1468,2,2,Córdoba,13582.8,0.0,78262.8
1000000741,20240830,2024-08-30 11:34:05,440,1,1,Buenos Aires,9261.0,1200.0,54561.0
1000000742,20240710,2024-07-10 15:15:04,1295,1,1,Buenos Aires,2268.0,0.0,13068.0
1000000743,20240809,2024-08-09 13:36:21,1123,1,4,Mendoza,2835.0,900.0,17235.0
1000000744,20240720,2024-07-20 08:18:29,1006,1,2,Córdoba,8958.6,900.0,52518.6
1000000745,20250116,2025-01-16 03:39:50,217,1,3,Santa Fe,4536.0,1200.0,27336.0
1000000746,20250101,2025-01-01 00:25:19,258,1,2,Córdoba,9582.3,1200.0,56412.3
1000000747,20240629,2024-06-29 08:09:04,751,2,1,Buenos Aires,5040.0,0.0,29040.0
1000000748,20250224,2025-02-24 23:03:37,955,2,2,Córdoba,2646.0,0.0,15246.0
1000000749,20241029,2024-10-29 21:54:58,867,1,1,Buenos Aires,5544.0,1500.0,33444.0
1000000750,20240926,2024-09-26 00:31:22,584,1,3,Santa Fe,8930.25,900.0,52355.25
1000000751,20250703,2025-07-03 14:54:31,99,2,2,Córdoba,9261.0,0.0,53361.0
1000000752,20250122,2025-01-22 10:07:08,593,1,2,Córdoba,6804.0,1500.0,40704.0
1000000753,20250727,2025-07-27 16:10:24,868,1,1,Buenos Aires,7560.0,1200.0,44760.0
1000000754,20250911,2025-09-11 09:05:25,903,2,3,Santa Fe,24759.0,0.0,142659.0
1000000755,20250825,2025-08-25 17:23:34,445,1,2,Córdoba,12776.4,1200.0,74816.4
1000000756,20250816,2025-08-16 10:18:58,857,1,1,Buenos Aires,11607.12,900.0,67779.12
1000000757,20241231,2024-12-31 20:56:11,633,2,4,Mendoza,7541.1,0.0,43451.1
1000000758,20240817,2024-08-17 03:32:21,1428,1,1,Buenos Aires,9261.0,900.0,54261.0
1000000759,20240103,2024-01-03 10:14:14,196,1,1,Buenos Aires,5670.0,1500.0,34170.0
1000000760,20241216,2024-12-16 13:07:06,212,1,1,Buenos Aires,4939.2,1200.0,29659.2
1000000761,20250426,2025-04-26 17:28:35,925,1,2,Córdoba,2633.4,900.0,16073.4
1000000762,20250330,2025-03-30 16:40:35,698,1,3,Santa Fe,4309.2,1200.0,26029.2
1000000763,20240507,2024-05-07 12:49:14,1135,1,2,Córdoba,7144.2,1200.0,42364.2
1000000764,20240912,2024-09-12 04:59:33,165,1,2,Córdoba,7560.0,900.0,44460.0
1000000765,20241116,2024-11-16 23:40:34,960,1,1,Buenos Aires,9450.0,900.0,55350.0
1000000766,20240906,2024-09-06 23:36:33,696,1,1,Buenos Aires,6667.92,0.0,38419.92
1000000767,20241025,2024-10-25 23:33:48,436,1,1,Buenos Aires,2154.6,0.0,12414.6
1000000768,20250928,2025-09-28 23:57:46,1393,1,1,Buenos Aires,2469.6,900.0,15129.6
1000000769,20241227,2024-12-27 04:24:04,127,1,1,Buenos Aires,5040.0,1200.0,30240.0
1000000770,20241225,2024-12-25 07:09:02,326,1,1,Buenos Aires,3291.75,1200.0,20166.75
1000000771,20250521,2025-05-21 21:30:17,912,2,2,Córdoba,5040.0,0.0,29040.0
1000000772,20240722,2024-07-22 22:57:18,1041,1,1,Buenos Aires,8505.0,900.0,49905.0
1000000773,20250503,2025-05-03 05:04:48,130,1,1,Buenos Aires,5027.4,900.0,29867.4
1000000774,20241121,2024-11-21 13:42:30,422,1,2,Córdoba,8316.0,0.0,47916.0
1000000775,20240229,2024-02-29 11:14:30,110,2,3,Santa Fe,9072.0,0.0,52272.0
1000000776,20240107,2024-01-07 19:05:35,1043,1,4,Mendoza,6804.0,900.0,40104.0
1000000777,20250130,2025-01-30 04:13:20,841,2,1,Buenos Aires,5953.5,0.0,34303.5
1000000778,20240804,2024-08-04 07:39:35,4,1,4,Mendoza,2268.0,1200.0,14268.0
1000000779,20241123,2024-11-23 04:34:49,1307,1,1,Buenos Aires,4788.0,0.0,27588.0
1000000780,20250811,2025-08-11 07:45:16,1113,2,3,Santa Fe,7182.0,0.0,41382.0
1000000781,20250125,2025-01-25 00:03:05,1490,1,1,Buenos Aires,16621.92,900.0,96673.92
1000000782,20250211,2025-02-11 12:20:44,435,2,1,Buenos Aires,2268.0,0.0,13068.0
1000000783,20250206,2025-02-06 23:18:45,905,1,4,Mendoza,11251.8,900.0,65731.8
1000000784,20250421,2025-04-21 16:12:14,724,1,1,Buenos Aires,4445.28,1200.0,26813.28
1000000785,20240406,2024-04-06 16:11:46,1436,1,1,Buenos Aires,8977.5,0.0,51727.5
1000000786,20240712,2024-07-12 15:03:06,904,1,2,Córdoba,17104.5,1200.0,99754.5
1000000787,20241027,2024-10-27 23:38:37,1186,2,1,Buenos Aires,4939.2,0.0,28459.2
1000000788,20240916,2024-09-16 14:40:42,941,1,1,Buenos Aires,18333.0,900.0,106533.0
1000000789,20250628,2025-06-28 00:33:57,564,1,1,Buenos Aires,11289.6,1200.0,66249.6
1000000790,20250629,2025-06-29 23:12:29,965,1,1,Buenos Aires,2992.5,900.0,18142.5
1000000791,20240515,2024-05-15 16:32:06,595,1,1,Buenos Aires,3150.0,900.0,19050.0
1000000792,20241111,2024-11-11 05:28:44,445,1,1,Buenos Aires,10836.0,1200.0,63636.0
1000000793,20240814,2024-08-14 12:22:53,987,1,4,Mendoza,8977.5,0.0,51727.5
1000000794,20250427,2025-04-27 18:51:12,874,2,3,Santa Fe,15309.0,0.0,88209.0
1000000795,20250902,2025-09-02 00:51:11,1493,2,4,Mendoza,2394.0,0.0,13794.0
1000000796,20240412,2024-04-12 22:12:17,677,1,1,Buenos Aires,16596.72,900.0,96528.72
1000000797,20240111,2024-01-11 02:46:21,1247,2,3,Santa Fe,12652.92,0.0,72904.92
1000000798,20250311,2025-03-11 06:41:45,616,2,3,Santa Fe,2835.0,0.0,16335.0
1000000799,20240205,2024-02-05 20:59:55,718,1,1,Buenos Aires,5040.0,900.0,29940.0
1000000800,20250411,2025-04-11 20:50:08,1366,1,1,Buenos Aires,7560.0,1200.0,44760.0
1000000801,20250223,2025-02-23 15:49:25,765,1,3,Santa Fe,4649.4,900.0,27689.4
1000000802,20250507,2025-05-07 21:35:10,633,2,4,Mendoza,4788.0,0.0,27588.0
1000000803,20250918,2025-09-18 16:15:57,807,1,1,Buenos Aires,9922.5,1200.0,58372.5
1000000804,20240218,2024-02-18 11:45:11,175,1,1,Buenos Aires,2469.6,900.0,15129.6
1000000805,20241018,2024-10-18 11:18:38,544,1,2,Córdoba,2154.6,1500.0,13914.6
1000000806,20240730,2024-07-30 19:41:20,1226,2,2,Córdoba,5670.0,0.0,32670.0
1000000807,20250518,2025-05-18 03:28:21,268,2,2,Córdoba,7408.8,0.0,42688.8
1000000808,20240222,2024-02-22 20:05:11,290,2,1,Buenos Aires,2835.0,0.0,16335.0
1000000809,20240720,2024-07-20 18:50:27,642,2,1,Buenos Aires,9802.8,0.0,56482.8
1000000810,20250304,2025-03-04 03:41:34,884,2,3,Santa Fe,6174.0,0.0,35574.0
1000000811,20250808,2025-08-08 16:41:26,1175,2,4,Mendoza,4939.2,0.0,28459.2
1000000812,20250110,2025-01-10 06:05:31,48,1,1,Buenos Aires,6174.0,1500.0,37074.0
1000000813,20241009,2024-10-09 07:34:29,62,1,1,Buenos Aires,5292.0,1200.0,31692.0
1000000814,20241017,2024-10-17 03:14:43,671,1,1,Buenos Aires,4536.0,900.0,27036.0
1000000815,20250619,2025-06-19 04:48:39,590,1,1,Buenos Aires,6980.4,0.0,40220.4
1000000816,20250428,2025-04-28 03:18:27,1202,2,4,Mendoza,8977.5,0.0,51727.5
1000000817,20250217,2025-02-17 07:38:35,958,2,4,Mendoza,2520.0,0.0,14520.0
1000000818,20250417,2025-04-17 09:11:49,57,1,1,Buenos Aires,9450.0,1200.0,55650.0
1000000819,20250705,2025-07-05 17:15:59,917,2,3,Santa Fe,12656.7,0.0,72926.7
1000000820,20240304,2024-03-04 09:53:13,907,2,2,Córdoba,11854.08,0.0,68302.08
1000000821,20241005,2024-10-05 20:28:14,599,1,4,Mendoza,11088.0,1500.0,65388.0
1000000822,20240713,2024-07-13 08:04:07,1494,1,3,Santa Fe,4309.2,900.0,25729.2
1000000823,20240112,2024-01-12 13:21:19,852,1,1,Buenos Aires,2551.5,900.0,15601.5
1000000824,20250325,2025-03-25 19:29:19,16,1,1,Buenos Aires,4762.8,1200.0,28642.8
1000000825,20240126,2024-01-26 12:56:39,112,1,1,Buenos Aires,12193.65,1500.0,71758.65
1000000826,20241104,2024-11-04 19:04:57,858,2,1,Buenos Aires,7938.0,0.0,45738.0
1000000827,20241128,2024-11-28 22:06:59,761,1,2,Córdoba,2716.56,900.0,16552.56
1000000828,20240922,2024-09-22 18:00:16,1163,1,1,Buenos Aires,13059.9,1200.0,76449.9
1000000829,20241213,2024-12-13 17:24:13,1413,2,4,Mendoza,12474.0,0.0,71874.0
1000000830,20240626,2024-06-26 07:31:02,1475,2,3,Santa Fe,2268.0,0.0,13068.0
1000000831,20241004,2024-10-04 23:15:45,168,1,4,Mendoza,7182.0,1200.0,42582.0
1000000832,20240318,2024-03-18 20:09:54,1336,2,2,Córdoba,5040.0,0.0,29040.0
1000000833,20250919,2025-09-19 20:42:06,1092,2,3,Santa Fe,8334.9,0.0,48024.9
1000000834,20240624,2024-06-24 09:16:27,685,1,1,Buenos Aires,14570.64,1200.0,85154.64
1000000835,20241215,2024-12-15 22:15:44,689,1,3,Santa Fe,3142.12,0.0,18104.62
1000000836,20241109,2024-11-09 05:06:25,239,1,2,Córdoba,12121.2,900.0,70741.2
1000000837,20241213,2024-12-13 11:20:25,1437,1,2,Córdoba,4536.0,1200.0,27336.0
1000000838,20250228,2025-02-28 02:48:04,303,2,2,Córdoba,6804.0,0.0,39204.0
1000000839,20250415,2025-04-15 13:27:08,591,1,3,Santa Fe,9450.0,1200.0,55650.0
1000000840,20250718,2025-07-18 22:21:56,291,1,2,Córdoba,6791.4,1200.0,40331.4
1000000841,20240223,2024-02-23 05:14:31,1224,1,3,Santa Fe,6284.25,1500.0,37709.25
1000000842,20250604,2025-06-04 00:32:22,313,1,4,Mendoza,7560.0,0.0,43560.0
1000000843,20240313,2024-03-13 14:44:32,1411,1,4,Mendoza,7484.4,1500.0,44624.4
1000000844,20250804,2025-08-04 02:28:39,30,1,3,Santa Fe,2593.08,1200.0,16141.08
1000000845,20240828,2024-08-28 22:42:49,1371,1,1,Buenos Aires,7276.5,0.0,41926.5
1000000846,20250826,2025-08-26 20:26:41,167,1,2,Córdoba,4445.28,0.0,25613.28
1000000847,20240501,2024-05-01 10:12:55,281,1,1,Buenos Aires,5027.4,900.0,29867.4
1000000848,20250725,2025-07-25 15:48:14,64,1,2,Córdoba,4762.8,1200.0,28642.8
1000000849,20250223,2025-02-23 04:58:24,172,2,3,Santa Fe,2778.3,0.0,16008.3
1000000850,20241202,2024-12-02 22:58:06,637,1,1,Buenos Aires,9450.0,900.0,55350.0
1000000851,20240809,2024-08-09 17:18:42,1006,1,1,Buenos Aires,5985.0,1200.0,35685.0
1000000852,20240327,2024-03-27 12:31:50,539,2,2,Córdoba,3465.0,0.0,19965.0
1000000853,20250728,2025-07-28 08:58:58,590,1,1,Buenos Aires,9355.5,1500.0,55405.5
1000000854,20250814,2025-08-14 00:27:47,1294,2,2,Córdoba,4668.3,0.0,26898.3
1000000855,20240403,2024-04-03 17:45:44,60,2,2,Córdoba,9450.0,0.0,54450.0
1000000856,20250513,2025-05-13 03:38:56,136,1,2,Córdoba,5670.0,1200.0,33870.0
1000000857,20250806,2025-08-06 17:23:05,1356,1,2,Córdoba,5670.0,1200.0,33870.0
1000000858,20240328,2024-03-28 04:22:13,371,1,1,Buenos Aires,2268.0,1200.0,14268.0
1000000859,20250816,2025-08-16 23:29:52,1406,2,2,Córdoba,9724.05,0.0,56029.05
1000000860,20250212,2025-02-12 05:35:01,1104,1,2,Córdoba,4309.2,900.0,25729.2
1000000861,20241223,2024-12-23 10:36:57,817,1,1,Buenos Aires,2513.7,0.0,14483.7
1000000862,20250606,2025-06-06 02:47:34,240,1,4,Mendoza,8505.0,900.0,49905.0
1000000863,20241024,2024-10-24 16:53:49,476,1,2,Córdoba,9248.4,900.0,54188.4
1000000864,20240425,2024-04-25 21:09:04,1115,1,2,Córdoba,23893.38,1200.0,138871.38
1000000865,20250215,2025-02-15 14:33:32,412,1,1,Buenos Aires,9450.0,1200.0,55650.0
1000000866,20250618,2025-06-18 06:24:46,671,2,4,Mendoza,6804.0,0.0,39204.0
1000000867,20240518,2024-05-18 23:13:15,328,2,1,Buenos Aires,7182.0,0.0,41382.0
1000000868,20240905,2024-09-05 05:18:07,371,1,1,Buenos Aires,6174.0,900.0,36474.0
1000000869,20240424,2024-04-24 13:53:05,1048,1,4,Mendoza,2693.25,1200.0,16718.25
1000000870,20250223,2025-02-23 18:10:36,1259,1,1,Buenos Aires,8522.64,1200.0,50306.64
1000000871,20250602,2025-06-02 14:46:54,397,2,3,Santa Fe,8646.75,0.0,49821.75
1000000872,20250423,2025-04-23 01:36:50,470,1,1,Buenos Aires,6174.0,900.0,36474.0
1000000873,20250208,2025-02-08 10:47:06,555,2,4,Mendoza,4445.28,0.0,25613.28
1000000874,20240412,2024-04-12 03:12:14,1257,2,2,Córdoba,2513.7,0.0,14483.7
1000000875,20250321,2025-03-21 10:25:28,757,1,3,Santa Fe,8505.0,1200.0,50205.0
1000000876,20240407,2024-04-07 01:36:43,216,1,1,Buenos Aires,9298.8,1200.0,54778.8
1000000877,20241027,2024-10-27 13:58:53,1176,2,1,Buenos Aires,5670.0,0.0,32670.0
1000000878,20240525,2024-05-25 12:00:35,2,2,1,Buenos Aires,2520.0,0.0,14520.0
1000000879,20250401,2025-04-01 15:58:46,1295,2,4,Mendoza,2041.2,0.0,11761.2
1000000880,20240821,2024-08-21 20:35:09,1335,2,3,Santa Fe,4082.4,0.0,23522.4
1000000881,20240315,2024-03-15 01:09:44,1445,2,3,Santa Fe,9248.4,0.0,53288.4
1000000882,20240731,2024-07-31 17:45:53,691,1,1,Buenos Aires,2154.6,1200.0,13614.6
1000000883,20240824,2024-08-24 08:53:00,780,1,1,Buenos Aires,10550.92,900.0,61693.42
1000000884,20250709,2025-07-09 14:48:58,338,1,2,Córdoba,2772.0,1200.0,17172.0
1000000885,20240206,2024-02-06 12:56:38,380,1,1,Buenos Aires,4536.0,1200.0,27336.0
1000000886,20241225,2024-12-25 00:08:20,582,1,1,Buenos Aires,9166.5,1500.0,54316.5
1000000887,20241221,2024-12-21 19:41:00,711,1,1,Buenos Aires,8977.5,0.0,51727.5
1000000888,20250818,2025-08-18 04:02:41,991,1,1,Buenos Aires,3142.12,1200.0,19304.62
1000000889,20241015,2024-10-15 07:11:59,500,2,4,Mendoza,9261.0,0.0,53361.0
1000000890,20240813,2024-08-13 08:14:58,99,2,2,Córdoba,5292.0,0.0,30492.0
1000000891,20241018,2024-10-18 00:03:08,1002,1,1,Buenos Aires,6930.0,900.0,40830.0
1000000892,20250814,2025-08-14 17:39:11,1310,1,2,Córdoba,7560.0,900.0,44460.0
1000000893,20250609,2025-06-09 02:37:37,1276,2,2,Córdoba,8977.5,0.0,51727.5
1000000894,20240123,2024-01-23 02:58:57,307,1,1,Buenos Aires,13545.0,900.0,78945.0
1000000895,20240602,2024-06-02 00:26:44,1133,2,4,Mendoza,4939.2,0.0,28459.2
1000000896,20250827,2025-08-27 18:05:55,1234,2,3,Santa Fe,16884.0,0.0,97284.0
1000000897,20250929,2025-09-29 17:17:46,573,2,3,Santa Fe,6667.92,0.0,38419.92
1000000898,20240610,2024-06-10 12:56:01,1008,1,1,Buenos Aires,5298.3,1200.0,31728.3
1000000899,20240508,2024-05-08 19:46:36,1124,1,1,Buenos Aires,4939.2,1200.0,29659.2
1000000900,20240514,2024-05-14 08:31:08,139,1,4,Mendoza,18238.5,1200.0,106288.5
1000000901,20250225,2025-02-25 21:28:53,771,2,1,Buenos Aires,2381.4,0.0,13721.4
1000000902,20240113,2024-01-13 00:58:32,960,2,3,Santa Fe,12782.7,0.0,73652.7
1000000903,20250915,2025-09-15 15:45:21,210,2,2,Córdoba,10276.56,0.0,59212.56
1000000904,20250411,2025-04-11 14:39:13,498,2,1,Buenos Aires,3118.5,0.0,17968.5
1000000905,20240711,2024-07-11 22:05:02,1058,1,1,Buenos Aires,14411.25,900.0,83936.25
1000000906,20250109,2025-01-09 21:10:34,350,1,1,Buenos Aires,7560.0,1200.0,44760.0
1000000907,20250412,2025-04-12 02:03:22,4,2,2,Córdoba,12442.5,0.0,71692.5
1000000908,20240505,2024-05-05 20:22:02,200,2,4,Mendoza,2268.0,0.0,13068.0
1000000909,20250109,2025-01-09 04:40:47,474,1,1,Buenos Aires,5186.16,1500.0,31382.16
1000000910,20240526,2024-05-26 04:46:39,1073,2,1,Buenos Aires,2593.08,0.0,14941.08
1000000911,20241008,2024-10-08 14:42:11,679,1,4,Mendoza,2520.0,1500.0,16020.0
1000000912,20240410,2024-04-10 11:48:26,564,1,1,Buenos Aires,15558.48,900.0,90546.48
1000000913,20240330,2024-03-30 00:16:00,981,2,1,Buenos Aires,10856.16,0.0,62552.16
1000000914,20250717,2025-07-17 19:18:56,560,1,4,Mendoza,6930.0,900.0,40830.0
1000000915,20240727,2024-07-27 11:25:19,403,2,3,Santa Fe,2520.0,0.0,14520.0
1000000916,20241227,2024-12-27 11:15:36,228,2,2,Córdoba,7049.7,0.0,40619.7
1000000917,20240617,2024-06-17 08:55:40,331,1,1,Buenos Aires,8505.0,1200.0,50205.0
1000000918,20250610,2025-06-10 00:10:05,555,2,4,Mendoza,7654.5,0.0,44104.5
1000000919,20250212,2025-02-12 20:24:49,641,1,1,Buenos Aires,6142.5,1500.0,36892.5
1000000920,20250729,2025-07-29 10:48:54,1450,1,4,Mendoza,4939.2,1200.0,29659.2
1000000921,20250405,2025-04-05 13:50:12,591,2,1,Buenos Aires,7560.0,0.0,43560.0
1000000922,20250817,2025-08-17 13:20:12,934,2,2,Córdoba,2381.4,0.0,13721.4
1000000923,20250517,2025-05-17 02:26:47,316,2,1,Buenos Aires,2268.0,0.0,13068.0
1000000924,20240831,2024-08-31 19:28:41,774,1,2,Córdoba,10836.0,1200.0,63636.0
1000000925,20250719,2025-07-19 00:49:36,1049,1,1,Buenos Aires,4536.0,1200.0,27336.0
1000000926,20240211,2024-02-11 23:20:43,592,1,1,Buenos Aires,14023.8,1500.0,82303.8
1000000927,20250413,2025-04-13 09:47:51,797,1,1,Buenos Aires,13091.4,1200.0,76631.4
1000000928,20240201,2024-02-01 23:45:14,1287,1,2,Córdoba,4536.0,1200.0,27336.0
1000000929,20241205,2024-12-05 10:40:54,405,1,1,Buenos Aires,7408.8,1500.0,44188.8
1000000930,20241212,2024-12-12 12:39:07,1023,1,3,Santa Fe,17595.9,1500.0,102885.9
1000000931,20250405,2025-04-05 05:46:11,649,1,3,Santa Fe,6123.6,1200.0,36483.6
1000000932,20250609,2025-06-09 09:53:26,772,2,4,Mendoza,4082.4,0.0,23522.4
1000000933,20240718,2024-07-18 18:14:39,1290,2,1,Buenos Aires,2154.6,0.0,12414.6
1000000934,20241210,2024-12-10 04:54:20,1001,1,3,Santa Fe,5670.0,900.0,33570.0
1000000935,20240817,2024-08-17 18:57:35,611,1,1,Buenos Aires,2154.6,1500.0,13914.6
1000000936,20240701,2024-07-01 22:25:48,1414,1,1,Buenos Aires,2835.0,0.0,16335.0
1000000937,20250318,2025-03-18 04:01:06,888,1,3,Santa Fe,2494.8,0.0,14374.8
1000000938,20241215,2024-12-15 04:55:45,40,1,1,Buenos Aires,2633.4,1200.0,16373.4
1000000939,20250216,2025-02-16 04:43:37,186,1,4,Mendoza,5040.0,1200.0,30240.0
1000000940,20240109,2024-01-09 03:23:32,58,2,3,Santa Fe,5509.35,0.0,31744.35
1000000941,20250530,2025-05-30 09:17:33,1072,1,1,Buenos Aires,9450.0,900.0,55350.0
1000000942,20240115,2024-01-15 01:51:31,818,1,1,Buenos Aires,7560.0,900.0,44460.0
1000000943,20250401,2025-04-01 13:35:29,1267,2,4,Mendoza,6804.0,0.0,39204.0
1000000944,20240606,2024-06-06 16:15:37,1101,2,1,Buenos Aires,2469.6,0.0,14229.6
1000000945,20240520,2024-05-20 18:44:18,1466,2,2,Córdoba,2469.6,0.0,14229.6
1000000946,20240104,2024-01-04 02:15:28,1471,2,2,Córdoba,11421.9,0.0,65811.9
1000000947,20240423,2024-04-23 12:39:53,4,2,4,Mendoza,19164.6,0.0,110424.6
1000000948,20240131,2024-01-31 07:24:09,142,2,4,Mendoza,8505.0,0.0,49005.0
1000000949,20240424,2024-04-24 04:26:16,1018,2,3,Santa Fe,7938.0,0.0,45738.0
1000000950,20250118,2025-01-18 18:09:25,1305,1,1,Buenos Aires,9450.0,1200.0,55650.0
1000000951,20241204,2024-12-04 05:50:44,174,2,4,Mendoza,2520.0,0.0,14520.0
1000000952,20250723,2025-07-23 23:08:25,371,2,4,Mendoza,6804.0,0.0,39204.0
1000000953,20240425,2024-04-25 00:14:03,1174,1,3,Santa Fe,8328.28,0.0,47986.78
1000000954,20250929,2025-09-29 22:42:10,640,2,4,Mendoza,8694.0,0.0,50094.0
1000000955,20250908,2025-09-08 11:08:21,58,2,1,Buenos Aires,8977.5,0.0,51727.5
1000000956,20240610,2024-06-10 01:15:33,494,1,1,Buenos Aires,8505.0,1200.0,50205.0
1000000957,20240810,2024-08-10 20:12:38,1416,1,2,Córdoba,4788.0,900.0,28488.0
1000000958,20250403,2025-04-03 13:31:55,680,1,1,Buenos Aires,4445.28,1500.0,27113.28
1000000959,20241031,2024-10-31 00:38:06,693,1,1,Buenos Aires,6667.92,1200.0,39619.92
1000000960,20250622,2025-06-22 22:39:41,728,2,2,Córdoba,5040.0,0.0,29040.0
1000000961,20240401,2024-04-01 19:42:43,1011,1,1,Buenos Aires,4788.0,900.0,28488.0
1000000962,20250815,2025-08-15 16:29:48,787,2,1,Buenos Aires,13948.2,0.0,80368.2
1000000963,20250428,2025-04-28 00:53:32,564,1,1,Buenos Aires,2268.0,900.0,13968.0
1000000964,20250909,2025-09-09 12:46:39,509,1,1,Buenos Aires,3241.35,1200.0,19876.35
1000000965,20250731,2025-07-31 05:26:39,1280,2,3,Santa Fe,2469.6,0.0,14229.6
1000000966,20241111,2024-11-11 07:14:14,1119,2,1,Buenos Aires,9724.05,0.0,56029.05
1000000967,20250710,2025-07-10 14:50:22,1393,1,2,Córdoba,7779.24,1200.0,46023.24
1000000968,20240828,2024-08-28 22:49:48,1392,1,1,Buenos Aires,5292.0,1200.0,31692.0
1000000969,20240331,2024-03-31 00:18:52,331,2,3,Santa Fe,12537.0,0.0,72237.0
1000000970,20240416,2024-04-16 15:28:04,16,1,4,Mendoza,12043.08,1200.0,70591.08
1000000971,20250920,2025-09-20 04:52:14,655,1,3,Santa Fe,6174.0,1500.0,37074.0
1000000972,20240412,2024-04-12 23:16:41,1220,1,3,Santa Fe,2551.5,1200.0,15901.5
1000000973,20250304,2025-03-04 12:00:17,833,1,1,Buenos Aires,5040.0,900.0,29940.0
1000000974,20250914,2025-09-14 19:31:02,1418,1,1,Buenos Aires,3241.35,0.0,18676.35
1000000975,20240723,2024-07-23 04:42:52,671,2,2,Córdoba,9261.0,0.0,53361.0
1000000976,20240122,2024-01-22 17:31:47,727,2,3,Santa Fe,7560.0,0.0,43560.0
1000000977,20250604,2025-06-04 01:17:36,734,1,1,Buenos Aires,11718.0,1500.0,69018.0
1000000978,20240913,2024-09-13 15:05:39,1158,1,1,Buenos Aires,5953.5,1200.0,35503.5
1000000979,20250901,2025-09-01 05:08:27,635,2,1,Buenos Aires,6300.0,0.0,36300.0
1000000980,20250514,2025-05-14 17:58:54,549,1,1,Buenos Aires,3142.12,900.0,19004.62
1000000981,20250513,2025-05-13 18:35:55,863,2,4,Mendoza,12436.2,0.0,71656.2
1000000982,20240702,2024-07-02 23:06:04,917,2,1,Buenos Aires,2381.4,0.0,13721.4
1000000983,20240724,2024-07-24 16:18:32,884,1,3,Santa Fe,7938.0,0.0,45738.0
1000000984,20241031,2024-10-31 17:46:23,783,1,1,Buenos Aires,7182.0,1500.0,42882.0
1000000985,20250128,2025-01-28 04:01:41,1080,2,4,Mendoza,12418.88,0.0,71556.38
1000000986,20240408,2024-04-08 05:41:12,195,1,1,Buenos Aires,9724.05,900.0,56929.05
1000000987,20240413,2024-04-13 01:23:15,81,2,1,Buenos Aires,15016.05,0.0,86521.05
1000000988,20241224,2024-12-24 19:03:20,299,2,4,Mendoza,10452.96,0.0,60228.96
1000000989,20240326,2024-03-26 19:35:01,293,1,1,Buenos Aires,16390.08,0.0,94438.08
1000000990,20250803,2025-08-03 14:09:41,1318,2,2,Córdoba,11025.0,0.0,63525.0
1000000991,20240425,2024-04-25 08:31:28,1176,1,2,Córdoba,4762.8,900.0,28342.8
1000000992,20250905,2025-09-05 22:16:32,435,2,2,Córdoba,4309.2,0.0,24829.2
1000000993,20250303,2025-03-03 06:28:35,1209,2,1,Buenos Aires,2494.8,0.0,14374.8
1000000994,20241017,2024-10-17 20:44:32,664,2,2,Córdoba,5827.5,0.0,33577.5
1000000995,20240406,2024-04-06 04:39:36,1375,1,2,Córdoba,5040.0,1200.0,30240.0
1000000996,20250922,2025-09-22 12:19:07,866,1,2,Córdoba,9261.0,1200.0,54561.0
1000000997,20240805,2024-08-05 01:47:14,582,1,1,Buenos Aires,13570.2,1200.0,79390.2
1000000998,20240211,2024-02-11 23:49:32,505,2,3,Santa Fe,4989.6,0.0,28749.6
1000000999,20250521,2025-05-21 08:38:03,353,2,2,Córdoba,7560.0,0.0,43560.0
1000001000,20240208,2024-02-08 03:58:07,990,1,1,Buenos Aires,2394.0,1200.0,14994.0
1000001001,20241207,2024-12-07 11:18:23,648,1,1,Buenos Aires,6300.0,1200.0,37500.0
1000001002,20250925,2025-09-25 09:07:29,596,1,3,Santa Fe,16049.25,0.0,92474.25
1000001003,20240813,2024-08-13 13:04:45,276,1,1,Buenos Aires,7182.0,900.0,42282.0
1000001004,20241201,2024-12-01 16:04:54,478,1,1,Buenos Aires,8977.5,900.0,52627.5
1000001005,20240709,2024-07-09 10:28:57,1207,2,4,Mendoza,3150.0,0.0,18150.0
1000001006,20240920,2024-09-20 12:49:30,533,1,2,Córdoba,2268.0,1500.0,14568.0
1000001007,20250725,2025-07-25 15:40:57,1393,2,4,Mendoza,12442.5,0.0,71692.5
1000001008,20240906,2024-09-06 15:43:01,843,1,2,Córdoba,12423.6,1200.0,72783.6
1000001009,20250904,2025-09-04 18:59:55,252,2,1,Buenos Aires,8178.66,0.0,47124.66
1000001010,20240913,2024-09-13 06:57:11,787,2,1,Buenos Aires,11251.8,0.0,64831.8
1000001011,20240516,2024-05-16 03:07:42,16,1,1,Buenos Aires,6300.0,900.0,37200.0
1000001012,20250728,2025-07-28 08:44:24,324,1,2,Córdoba,8505.0,1500.0,50505.0
1000001013,20250912,2025-09-12 03:32:48,601,2,1,Buenos Aires,5922.0,0.0,34122.0
1000001014,20240301,2024-03-01 20:38:09,1368,2,1,Buenos Aires,10458.0,0.0,60258.0
1000001015,20240209,2024-02-09 21:39:26,1306,2,2,Córdoba,6300.0,0.0,36300.0
1000001016,20250518,2025-05-18 19:08:41,339,1,1,Buenos Aires,7408.8,1200.0,43888.8
1000001017,20240922,2024-09-22 23:47:12,1108,2,2,Córdoba,5103.0,0.0,29403.0
1000001018,20241106,2024-11-06 20:28:49,1154,1,1,Buenos Aires,4536.0,1200.0,27336.0
1000001019,20241231,2024-12-31 16:35:11,527,1,2,Córdoba,14742.0,1500.0,86442.0
1000001020,20240817,2024-08-17 20:07:16,319,1,1,Buenos Aires,15230.25,0.0,87755.25
1000001021,20241013,2024-10-13 18:14:16,756,2,4,Mendoza,5191.2,0.0,29911.2
1000001022,20250425,2025-04-25 19:31:15,299,1,2,Córdoba,3087.0,1500.0,19287.0
1000001023,20241111,2024-11-11 21:00:31,317,1,1,Buenos Aires,10395.0,900.0,60795.0
1000001024,20241210,2024-12-10 20:22:24,917,2,3,Santa Fe,3087.0,0.0,17787.0
1000001025,20241128,2024-11-28 14:18:21,1378,2,1,Buenos Aires,5040.0,0.0,29040.0
1000001026,20241018,2024-10-18 22:00:32,416,1,2,Córdoba,6174.0,0.0,35574.0
1000001027,20250622,2025-06-22 04:17:48,962,1,2,Córdoba,4309.2,1200.0,26029.2
1000001028,20240110,2024-01-10 17:57:28,453,1,2,Córdoba,5386.5,1200.0,32236.5
1000001029,20240719,2024-07-19 19:57:17,113,1,3,Santa Fe,5040.0,900.0,29940.0
1000001030,20240105,2024-01-05 17:31:50,645,1,3,Santa Fe,9261.0,900.0,54261.0
1000001031,20240406,2024-04-06 22:44:29,1212,1,2,Córdoba,9261.0,1200.0,54561.0
1000001032,20241125,2024-11-25 19:07:27,468,2,4,Mendoza,8149.68,0.0,46957.68
1000001033,20240626,2024-06-26 13:01:56,183,1,4,Mendoza,10614.24,900.0,62058.24
1000001034,20250512,2025-05-12 01:13:34,1096,1,1,Buenos Aires,3241.35,0.0,18676.35
1000001035,20241111,2024-11-11 17:34:00,1436,2,1,Buenos Aires,11944.8,0.0,68824.8
1000001036,20240707,2024-07-07 09:58:46,1404,1,1,Buenos Aires,4939.2,1200.0,29659.2
1000001037,20240226,2024-02-26 16:03:30,134,1,3,Santa Fe,4788.0,900.0,28488.0
1000001038,20240725,2024-07-25 08:04:06,691,1,3,Santa Fe,7408.8,1200.0,43888.8
1000001039,20250226,2025-02-26 11:46:16,92,1,1,Buenos Aires,17955.0,1500.0,104955.0
1000001040,20250212,2025-02-12 05:06:59,1288,1,2,Córdoba,3307.5,1500.0,20557.5
1000001041,20250309,2025-03-09 17:55:20,918,1,1,Buenos Aires,2268.0,900.0,13968.0
1000001042,20240125,2024-01-25 18:14:34,370,1,4,Mendoza,8643.6,900.0,50703.6
1000001043,20250218,2025-02-18 02:57:40,1206,1,2,Córdoba,4989.6,900.0,29649.6
1000001044,20250210,2025-02-10 16:48:59,104,2,2,Córdoba,6174.0,0.0,35574.0
1000001045,20240915,2024-09-15 13:19:53,1356,2,2,Córdoba,10067.4,0.0,58007.4
1000001046,20250311,2025-03-11 09:20:08,1059,1,1,Buenos Aires,12729.78,1200.0,74547.78
1000001047,20250905,2025-09-05 08:18:11,642,1,1,Buenos Aires,6463.8,1500.0,38743.8
1000001048,20240206,2024-02-06 12:08:47,138,1,3,Santa Fe,11025.0,1500.0,65025.0
1000001049,20240417,2024-04-17 23:15:30,484,2,4,Mendoza,7560.0,0.0,43560.0
1000001050,20240912,2024-09-12 03:59:39,888,1,1,Buenos Aires,5433.12,1500.0,32805.12
1000001051,20250429,2025-04-29 22:44:59,264,2,2,Córdoba,5670.0,0.0,32670.0
1000001052,20241030,2024-10-30 09:47:12,1409,1,1,Buenos Aires,7182.0,1200.0,42582.0
1000001053,20250211,2025-02-11 18:11:21,1072,2,4,Mendoza,5040.0,0.0,29040.0
1000001054,20250826,2025-08-26 03:20:15,417,1,3,Santa Fe,4082.4,1200.0,24722.4
1000001055,20240802,2024-08-02 08:09:59,642,1,3,Santa Fe,5027.4,900.0,29867.4
1000001056,20250918,2025-09-18 11:36:18,1047,1,1,Buenos Aires,14968.8,0.0,86248.8
1000001057,20240130,2024-01-30 13:45:33,1412,1,1,Buenos Aires,6284.25,1500.0,37709.25
1000001058,20250831,2025-08-31 15:04:31,1394,1,2,Córdoba,8517.6,1200.0,50277.6
1000001059,20240201,2024-02-01 11:34:34,1215,2,1,Buenos Aires,18701.55,0.0,107756.55
1000001060,20241021,2024-10-21 19:14:39,649,2,1,Buenos Aires,3307.5,0.0,19057.5
1000001061,20240521,2024-05-21 00:43:41,1031,2,1,Buenos Aires,5040.0,0.0,29040.0
1000001062,20250523,2025-05-23 09:14:39,315,1,3,Santa Fe,2394.0,900.0,14694.0
1000001063,20240614,2024-06-14 00:24:10,1076,2,4,Mendoza,6016.5,0.0,34666.5
1000001064,20240221,2024-02-21 21:54:55,1245,2,1,Buenos Aires,2268.0,0.0,13068.0
1000001065,20250826,2025-08-26 19:06:37,679,1,1,Buenos Aires,3087.0,900.0,18687.0
1000001066,20250908,2025-09-08 07:18:48,248,1,2,Córdoba,4536.0,1200.0,27336.0
1000001067,20240503,2024-05-03 15:34:20,958,1,1,Buenos Aires,5040.0,900.0,29940.0
1000001068,20241216,2024-12-16 13:02:33,740,2,4,Mendoza,12746.16,0.0,73442.16
1000001069,20250312,2025-03-12 09:27:41,800,1,1,Buenos Aires,6300.0,1200.0,37500.0
1000001070,20250330,2025-03-30 11:24:40,1427,2,1,Buenos Aires,8851.5,0.0,51001.5
1000001071,20240707,2024-07-07 08:32:55,1379,1,2,Córdoba,6174.0,1200.0,36774.0
1000001072,20250316,2025-03-16 10:39:24,54,1,4,Mendoza,16821.0,900.0,97821.0
1000001073,20240626,2024-06-26 22:26:43,66,1,2,Córdoba,6394.5,900.0,37744.5
1000001074,20240210,2024-02-10 05:12:19,447,2,3,Santa Fe,10395.0,0.0,59895.0
1000001075,20250110,2025-01-10 18:00:54,1351,1,4,Mendoza,8930.25,1200.0,52655.25
1000001076,20240602,2024-06-02 18:15:06,161,1,4,Mendoza,2992.5,1200.0,18442.5
1000001077,20241121,2024-11-21 10:55:52,545,1,4,Mendoza,15863.4,0.0,91403.4
1000001078,20250211,2025-02-11 19:24:28,1248,1,1,Buenos Aires,5386.5,900.0,31936.5
1000001079,20250224,2025-02-24 18:40:07,513,2,3,Santa Fe,8505.0,0.0,49005.0
1000001080,20241216,2024-12-16 11:38:33,397,1,1,Buenos Aires,2268.0,1200.0,14268.0
1000001081,20240113,2024-01-13 16:52:43,1015,1,3,Santa Fe,8845.2,1200.0,52165.2
1000001082,20241026,2024-10-26 04:56:11,1200,1,2,Córdoba,7900.2,1200.0,46720.2
1000001083,20240201,2024-02-01 03:44:03,23,1,1,Buenos Aires,4989.6,1500.0,30249.6
1000001084,20241008,2024-10-08 14:28:12,1029,1,1,Buenos Aires,8977.5,900.0,52627.5
1000001085,20240220,2024-02-20 09:20:54,819,1,1,Buenos Aires,8316.0,1200.0,49116.0
1000001086,20240429,2024-04-29 16:23:38,494,1,1,Buenos Aires,11088.0,900.0,64788.0
1000001087,20250823,2025-08-23 14:12:24,1406,2,1,Buenos Aires,5040.0,0.0,29040.0
1000001088,20250731,2025-07-31 16:51:50,1177,1,2,Córdoba,8505.0,1200.0,50205.0
1000001089,20250921,2025-09-21 13:53:08,1234,1,1,Buenos Aires,2154.6,1200.0,13614.6
1000001090,20250914,2025-09-14 04:22:24,520,1,2,Córdoba,7182.0,900.0,42282.0
1000001091,20241011,2024-10-11 07:45:19,810,2,2,Córdoba,5386.5,0.0,31036.5
1000001092,20241219,2024-12-19 11:26:00,468,1,4,Mendoza,5292.0,1500.0,31992.0
1000001093,20250327,2025-03-27 22:31:44,1331,2,3,Santa Fe,9878.4,0.0,56918.4
1000001094,20250418,2025-04-18 02:56:01,145,2,4,Mendoza,5292.0,0.0,30492.0
1000001095,20250330,2025-03-30 03:31:10,39,1,1,Buenos Aires,2520.0,1200.0,15720.0
1000001096,20240126,2024-01-26 19:56:48,175,1,1,Buenos Aires,10017.0,0.0,57717.0
1000001097,20240418,2024-04-18 10:31:21,276,2,3,Santa Fe,3150.0,0.0,18150.0
1000001098,20240720,2024-07-20 13:08:46,1054,1,1,Buenos Aires,13182.75,900.0,76857.75
1000001099,20250610,2025-06-10 06:56:21,690,2,2,Córdoba,2394.0,0.0,13794.0
1000001100,20250719,2025-07-19 10:48:12,828,1,1,Buenos Aires,4788.0,0.0,27588.0
1000001101,20240329,2024-03-29 23:01:11,302,2,4,Mendoza,20437.2,0.0,117757.2
1000001102,20240707,2024-07-07 21:55:23,604,1,1,Buenos Aires,2222.64,1200.0,14006.64
1000001103,20240206,2024-02-06 21:06:40,298,1,2,Córdoba,2716.56,900.0,16552.56
1000001104,20250702,2025-07-02 09:29:17,887,2,3,Santa Fe,3087.0,0.0,17787.0
1000001105,20241206,2024-12-06 14:20:58,1083,1,1,Buenos Aires,5670.0,0.0,32670.0
1000001106,20241103,2024-11-03 06:37:27,859,1,3,Santa Fe,9450.0,900.0,55350.0
1000001107,20240824,2024-08-24 14:58:25,220,2,4,Mendoza,8316.0,0.0,47916.0
1000001108,20240711,2024-07-11 22:50:31,774,2,2,Córdoba,8079.75,0.0,46554.75
1000001109,20240803,2024-08-03 10:23:07,547,1,3,Santa Fe,5040.0,1200.0,30240.0
1000001110,20240725,2024-07-25 06:04:17,1127,2,2,Córdoba,11249.28,0.0,64817.28
1000001111,20250308,2025-03-08 11:04:27,839,1,2,Córdoba,4788.0,900.0,28488.0
1000001112,20250723,2025-07-23 23:17:20,771,2,3,Santa Fe,3142.12,0.0,18104.62
1000001113,20250506,2025-05-06 20:16:40,1296,2,4,Mendoza,8977.5,0.0,51727.5
1000001114,20250422,2025-04-22 22:52:56,447,1,1,Buenos Aires,10111.5,900.0,59161.5
1000001115,20240605,2024-06-05 19:05:55,158,2,3,Santa Fe,6791.4,0.0,39131.4
1000001116,20250806,2025-08-06 02:48:52,1169,1,1,Buenos Aires,8316.0,1200.0,49116.0
1000001117,20250614,2025-06-14 07:22:03,1010,2,4,Mendoza,4788.0,0.0,27588.0
1000001118,20250128,2025-01-28 20:01:31,758,2,1,Buenos Aires,2381.4,0.0,13721.4
1000001119,20240216,2024-02-16 12:10:07,974,2,2,Córdoba,6174.0,0.0,35574.0
1000001120,20250518,2025-05-18 20:08:21,978,2,2,Córdoba,7938.0,0.0,45738.0
1000001121,20240313,2024-03-13 23:39:40,447,2,4,Mendoza,5544.0,0.0,31944.0
1000001122,20240822,2024-08-22 23:59:05,660,1,1,Buenos Aires,5115.6,0.0,29475.6
1000001123,20241010,2024-10-10 00:48:19,918,2,3,Santa Fe,2716.56,0.0,15652.56
1000001124,20250418,2025-04-18 00:12:37,1015,1,2,Córdoba,7779.24,1200.0,46023.24
1000001125,20250803,2025-08-03 05:23:24,641,1,4,Mendoza,3150.0,900.0,19050.0
1000001126,20241117,2024-11-17 15:00:32,1184,1,3,Santa Fe,7779.24,900.0,45723.24
1000001127,20241011,2024-10-11 02:04:48,1355,1,1,Buenos Aires,7560.0,0.0,43560.0
1000001128,20241026,2024-10-26 22:44:44,1399,2,3,Santa Fe,4536.0,0.0,26136.0
1000001129,20241005,2024-10-05 19:13:54,333,2,1,Buenos Aires,10417.68,0.0,60025.68
1000001130,20250913,2025-09-13 02:33:24,214,2,1,Buenos Aires,4939.2,0.0,28459.2
1000001131,20250326,2025-03-26 22:48:04,1010,2,3,Santa Fe,3291.75,0.0,18966.75
1000001132,20250306,2025-03-06 10:07:17,531,2,2,Córdoba,2381.4,0.0,13721.4
1000001133,20250520,2025-05-20 02:53:01,232,1,1,Buenos Aires,5186.16,0.0,29882.16
1000001134,20250928,2025-09-28 08:40:12,545,1,1,Buenos Aires,9922.5,1500.0,58672.5
1000001135,20240413,2024-04-13 06:34:55,414,1,1,Buenos Aires,3087.0,0.0,17787.0
1000001136,20241114,2024-11-14 23:08:34,14,1,2,Córdoba,3150.0,0.0,18150.0
1000001137,20250618,2025-06-18 14:03:40,1059,1,1,Buenos Aires,6174.0,1200.0,36774.0
1000001138,20240914,2024-09-14 20:41:21,1008,1,4,Mendoza,8505.0,1200.0,50205.0
1000001139,20240803,2024-08-03 22:49:29,1470,1,2,Córdoba,6123.6,1200.0,36483.6
1000001140,20250103,2025-01-03 08:48:13,146,1,1,Buenos Aires,6804.0,1200.0,40404.0
1000001141,20250625,2025-06-25 06:19:44,365,1,4,Mendoza,5292.0,1200.0,31692.0
1000001142,20250209,2025-02-09 00:25:16,1098,2,2,Córdoba,6804.0,0.0,39204.0
1000001143,20250818,2025-08-18 04:58:49,1146,1,1,Buenos Aires,7182.0,900.0,42282.0
1000001144,20250705,2025-07-05 22:23:59,1109,2,1,Buenos Aires,7900.2,0.0,45520.2
1000001145,20250912,2025-09-12 00:54:35,308,2,1,Buenos Aires,9922.5,0.0,57172.5
1000001146,20250726,2025-07-26 04:37:58,578,2,1,Buenos Aires,9922.5,0.0,57172.5
1000001147,20250623,2025-06-23 08:36:50,697,1,2,Córdoba,3150.0,900.0,19050.0
1000001148,20250129,2025-01-29 13:03:30,110,1,4,Mendoza,9676.8,900.0,56656.8
1000001149,20241129,2024-11-29 16:43:43,427,1,1,Buenos Aires,10187.1,1200.0,59897.1
1000001150,20240419,2024-04-19 17:03:23,695,1,1,Buenos Aires,5843.25,0.0,33668.25
1000001151,20240119,2024-01-19 06:27:40,493,1,2,Córdoba,4536.0,0.0,26136.0
1000001152,20241003,2024-10-03 07:09:37,776,1,3,Santa Fe,5556.6,900.0,32916.6
1000001153,20240227,2024-02-27 11:29:03,1278,1,1,Buenos Aires,6667.92,900.0,39319.92
1000001154,20241231,2024-12-31 02:44:42,297,1,1,Buenos Aires,9724.05,1500.0,57529.05
1000001155,20240522,2024-05-22 08:58:11,1455,2,3,Santa Fe,6804.0,0.0,39204.0
1000001156,20241009,2024-10-09 03:36:27,728,1,1,Buenos Aires,21735.0,900.0,126135.0
1000001157,20250511,2025-05-11 14:36:44,62,2,1,Buenos Aires,9426.38,0.0,54313.88
1000001158,20240717,2024-07-17 15:50:54,1071,2,3,Santa Fe,7938.0,0.0,45738.0
1000001159,20250823,2025-08-23 23:29:20,880,1,2,Córdoba,4788.0,0.0,27588.0
1000001160,20240415,2024-04-15 02:01:02,77,1,1,Buenos Aires,7182.0,0.0,41382.0
1000001161,20240419,2024-04-19 23:15:08,1138,1,3,Santa Fe,7484.4,1200.0,44324.4
1000001162,20250318,2025-03-18 19:01:38,1500,2,3,Santa Fe,5040.0,0.0,29040.0
1000001163,20240410,2024-04-10 15:32:57,688,1,3,Santa Fe,15592.5,1500.0,91342.5
1000001164,20240118,2024-01-18 12:32:19,598,2,4,Mendoza,2520.0,0.0,14520.0
1000001165,20240225,2024-02-25 22:01:30,477,2,3,Santa Fe,3087.0,0.0,17787.0
1000001166,20241216,2024-12-16 16:00:51,936,1,3,Santa Fe,5266.8,900.0,31246.8
1000001167,20240716,2024-07-16 09:43:59,244,1,2,Córdoba,19278.0,1500.0,112578.0
1000001168,20250219,2025-02-19 21:07:47,1360,1,2,Córdoba,2520.0,1200.0,15720.0
1000001169,20240412,2024-04-12 14:02:20,449,1,1,Buenos Aires,7560.0,1200.0,44760.0
1000001170,20240807,2024-08-07 21:43:07,659,2,4,Mendoza,7560.0,0.0,43560.0
1000001171,20250430,2025-04-30 14:51:04,457,2,2,Córdoba,13938.12,0.0,80310.12
1000001172,20250622,2025-06-22 10:48:36,136,1,1,Buenos Aires,12530.7,1500.0,73700.7
1000001173,20250717,2025-07-17 12:19:42,1171,2,2,Córdoba,5186.16,0.0,29882.16
1000001174,20250113,2025-01-13 17:39:22,171,1,1,Buenos Aires,6804.0,900.0,40104.0
1000001175,20250818,2025-08-18 20:34:28,425,1,2,Córdoba,5985.0,1200.0,35685.0
1000001176,20250527,2025-05-27 15:39:16,333,1,1,Buenos Aires,17041.5,1200.0,99391.5
1000001177,20240913,2024-09-13 02:35:46,1466,1,2,Córdoba,9450.0,1200.0,55650.0
1000001178,20240302,2024-03-02 11:09:18,336,1,3,Santa Fe,15309.0,0.0,88209.0
1000001179,20250621,2025-06-21 05:34:01,1296,1,1,Buenos Aires,8079.75,1200.0,47754.75
1000001180,20240820,2024-08-20 18:16:48,514,1,2,Córdoba,6667.92,0.0,38419.92
1000001181,20250215,2025-02-15 12:40:22,951,1,3,Santa Fe,3150.0,1200.0,19350.0
1000001182,20240910,2024-09-10 10:38:16,1126,2,1,Buenos Aires,8505.0,0.0,49005.0
1000001183,20240705,2024-07-05 03:38:43,802,1,1,Buenos Aires,14742.0,1200.0,86142.0
1000001184,20250326,2025-03-26 03:56:51,1382,1,1,Buenos Aires,5985.0,1500.0,35985.0
1000001185,20241115,2024-11-15 06:05:48,1142,2,1,Buenos Aires,5985.0,0.0,34485.0
1000001186,20240202,2024-02-02 07:27:51,1408,2,2,Córdoba,11970.0,0.0,68970.0
1000001187,20250303,2025-03-03 08:55:47,61,1,2,Córdoba,2469.6,1500.0,15729.6
1000001188,20250806,2025-08-06 03:10:23,239,1,3,Santa Fe,14301.0,900.0,83301.0
1000001189,20240504,2024-05-04 01:26:23,304,2,3,Santa Fe,5670.0,0.0,32670.0
1000001190,20240422,2024-04-22 11:44:33,133,1,3,Santa Fe,7182.0,0.0,41382.0
1000001191,20250125,2025-01-25 12:41:32,1280,1,1,Buenos Aires,4536.0,0.0,26136.0
1000001192,20250123,2025-01-23 20:50:31,687,1,3,Santa Fe,6804.0,1500.0,40704.0
1000001193,20240923,2024-09-23 08:56:51,577,2,1,Buenos Aires,14490.0,0.0,83490.0
1000001194,20240412,2024-04-12 15:37:41,1414,1,3,Santa Fe,9714.6,1200.0,57174.6
1000001195,20240526,2024-05-26 02:57:29,286,1,1,Buenos Aires,2494.8,0.0,14374.8
1000001196,20240904,2024-09-04 20:44:21,675,2,3,Santa Fe,16380.0,0.0,94380.0
1000001197,20250312,2025-03-12 03:00:49,775,2,2,Córdoba,6667.92,0.0,38419.92
1000001198,20250207,2025-02-07 09:42:34,1224,1,1,Buenos Aires,2835.0,1200.0,17535.0
1000001199,20241211,2024-12-11 09:47:34,822,1,1,Buenos Aires,6174.0,1200.0,36774.0
1000001200,20240501,2024-05-01 09:37:02,839,1,1,Buenos Aires,3150.0,1200.0,19350.0
1000001201,20240130,2024-01-30 02:35:30,353,1,1,Buenos Aires,4788.0,0.0,27588.0
1000001202,20250729,2025-07-29 07:10:38,779,2,4,Mendoza,8977.5,0.0,51727.5
1000001203,20241103,2024-11-03 11:53:14,1317,2,1,Buenos Aires,8316.0,0.0,47916.0
1000001204,20241230,2024-12-30 17:41:37,1247,1,1,Buenos Aires,6667.92,1200.0,39619.92
1000001205,20250820,2025-08-20 12:23:09,1315,1,4,Mendoza,4536.0,1200.0,27336.0
1000001206,20241206,2024-12-06 03:43:31,820,2,3,Santa Fe,4536.0,0.0,26136.0
1000001207,20240728,2024-07-28 18:51:44,633,1,1,Buenos Aires,9714.6,900.0,56874.6
1000001208,20240128,2024-01-28 07:59:59,187,1,1,Buenos Aires,7408.8,1500.0,44188.8
1000001209,20241118,2024-11-18 14:13:06,1443,1,1,Buenos Aires,2992.5,1200.0,18442.5
1000001210,20250618,2025-06-18 10:24:03,1225,1,2,Córdoba,5027.4,1500.0,30467.4
1000001211,20250624,2025-06-24 08:06:51,1092,2,1,Buenos Aires,9875.25,0.0,56900.25
1000001212,20240317,2024-03-17 10:26:03,193,2,4,Mendoza,11169.9,0.0,64359.9
1000001213,20240224,2024-02-24 03:52:30,184,1,3,Santa Fe,5607.0,1200.0,33507.0
1000001214,20240412,2024-04-12 05:08:00,1356,1,1,Buenos Aires,3150.0,0.0,18150.0
1000001215,20250928,2025-09-28 19:12:49,167,2,3,Santa Fe,2381.4,0.0,13721.4
1000001216,20240704,2024-07-04 00:41:57,215,1,1,Buenos Aires,8505.0,900.0,49905.0
1000001217,20250521,2025-05-21 19:32:23,416,2,1,Buenos Aires,7779.24,0.0,44823.24
1000001218,20240919,2024-09-19 21:05:18,1312,1,1,Buenos Aires,8334.9,900.0,48924.9
1000001219,20241005,2024-10-05 09:34:44,352,2,2,Córdoba,2520.0,0.0,14520.0
1000001220,20250428,2025-04-28 05:59:16,700,1,1,Buenos Aires,5556.6,900.0,32916.6
1000001221,20250217,2025-02-17 18:27:47,608,1,1,Buenos Aires,3307.5,1200.0,20257.5
1000001222,20250402,2025-04-02 14:48:05,529,1,2,Córdoba,9261.0,0.0,53361.0
1000001223,20250225,2025-02-25 04:31:16,980,2,1,Buenos Aires,10993.5,0.0,63343.5
1000001224,20241124,2024-11-24 01:33:01,825,1,2,Córdoba,11869.2,900.0,69289.2
1000001225,20240227,2024-02-27 13:06:23,470,2,2,Córdoba,14023.8,0.0,80803.8
1000001226,20241125,2024-11-25 23:23:27,590,1,1,Buenos Aires,9355.5,1500.0,55405.5
1000001227,20240325,2024-03-25 07:24:57,449,1,1,Buenos Aires,2992.5,1200.0,18442.5
1000001228,20240327,2024-03-27 19:51:39,814,1,2,Córdoba,7541.1,1200.0,44651.1
1000001229,20240414,2024-04-14 23:37:13,638,2,4,Mendoza,7408.8,0.0,42688.8
1000001230,20240328,2024-03-28 23:51:41,747,1,4,Mendoza,7144.2,1500.0,42664.2
1000001231,20250902,2025-09-02 02:55:32,932,2,3,Santa Fe,7408.8,0.0,42688.8
1000001232,20250902,2025-09-02 12:52:04,541,1,3,Santa Fe,10269.0,1200.0,60369.0
1000001233,20250117,2025-01-17 19:54:38,517,1,1,Buenos Aires,3395.7,1500.0,21065.7
1000001234,20240914,2024-09-14 12:03:28,1119,1,1,Buenos Aires,2268.0,900.0,13968.0
1000001235,20250315,2025-03-15 04:30:36,549,1,1,Buenos Aires,5266.8,900.0,31246.8
1000001236,20241003,2024-10-03 14:19:14,774,2,2,Córdoba,3291.75,0.0,18966.75
1000001237,20250611,2025-06-11 01:50:34,1293,1,2,Córdoba,7541.1,1200.0,44651.1
1000001238,20250522,2025-05-22 04:09:07,1301,1,1,Buenos Aires,7654.5,1200.0,45304.5
1000001239,20250831,2025-08-31 21:21:07,460,2,4,Mendoza,4939.2,0.0,28459.2
1000001240,20240318,2024-03-18 20:43:50,658,1,1,Buenos Aires,6300.0,900.0,37200.0
1000001241,20241226,2024-12-26 13:35:58,1370,2,3,Santa Fe,7144.2,0.0,41164.2
1000001242,20240308,2024-03-08 22:37:46,299,1,1,Buenos Aires,8555.4,900.0,50195.4
1000001243,20250217,2025-02-17 15:13:42,122,1,1,Buenos Aires,5531.4,1500.0,33371.4
1000001244,20240606,2024-06-06 13:25:22,1413,2,4,Mendoza,14382.9,0.0,82872.9
1000001245,20250607,2025-06-07 13:39:01,235,2,3,Santa Fe,11642.4,0.0,67082.4
1000001246,20240621,2024-06-21 14:07:07,880,1,3,Santa Fe,7408.8,1200.0,43888.8
1000001247,20240628,2024-06-28 23:33:00,1116,1,1,Buenos Aires,6615.0,1200.0,39315.0
1000001248,20241013,2024-10-13 17:47:43,920,1,2,Córdoba,25216.38,1200.0,146494.38
1000001249,20250304,2025-03-04 22:59:08,934,1,4,Mendoza,2992.5,1200.0,18442.5
1000001250,20240127,2024-01-27 04:40:15,184,1,1,Buenos Aires,3087.0,1200.0,18987.0
1000001251,20241124,2024-11-24 20:44:14,1401,1,4,Mendoza,2469.6,0.0,14229.6
1000001252,20250527,2025-05-27 19:21:06,1257,1,3,Santa Fe,2469.6,900.0,15129.6
1000001253,20240925,2024-09-25 21:05:12,1360,1,1,Buenos Aires,2394.0,900.0,14694.0
1000001254,20240403,2024-04-03 23:51:40,63,1,3,Santa Fe,9724.05,900.0,56929.05
1000001255,20250714,2025-07-14 10:46:29,767,1,1,Buenos Aires,13645.8,1200.0,79825.8
1000001256,20250114,2025-01-14 23:54:36,677,1,1,Buenos Aires,2268.0,1500.0,14568.0
1000001257,20240607,2024-06-07 08:50:56,446,1,1,Buenos Aires,5115.6,0.0,29475.6
1000001258,20240709,2024-07-09 18:07:18,15,1,1,Buenos Aires,5040.0,0.0,29040.0
1000001259,20240701,2024-07-01 05:09:09,1207,1,1,Buenos Aires,7182.0,1200.0,42582.0
1000001260,20241012,2024-10-12 17:58:06,721,2,1,Buenos Aires,5027.4,0.0,28967.4
1000001261,20240415,2024-04-15 00:17:43,142,1,1,Buenos Aires,2469.6,900.0,15129.6
1000001262,20240725,2024-07-25 03:41:25,570,1,1,Buenos Aires,4536.0,1500.0,27636.0
1000001263,20240218,2024-02-18 03:00:52,1111,2,1,Buenos Aires,11844.0,0.0,68244.0
1000001264,20240422,2024-04-22 04:52:30,1226,1,1,Buenos Aires,3142.12,1200.0,19304.62
1000001265,20250924,2025-09-24 12:59:38,165,1,2,Córdoba,7560.0,1200.0,44760.0
1000001266,20250707,2025-07-07 16:10:27,60,2,2,Córdoba,6174.0,0.0,35574.0
1000001267,20240710,2024-07-10 00:31:15,293,1,1,Buenos Aires,9613.8,0.0,55393.8
1000001268,20250226,2025-02-26 01:40:01,385,1,1,Buenos Aires,2469.6,0.0,14229.6
1000001269,20240128,2024-01-28 23:30:59,748,1,1,Buenos Aires,2222.64,1500.0,14306.64
1000001270,20241105,2024-11-05 14:31:16,559,1,4,Mendoza,6482.7,1200.0,38552.7
1000001271,20240229,2024-02-29 07:09:39,151,2,4,Mendoza,2835.0,0.0,16335.0
1000001272,20240401,2024-04-01 08:06:13,189,1,2,Córdoba,7144.2,900.0,42064.2
1000001273,20240124,2024-01-24 03:03:33,1438,1,3,Santa Fe,3150.0,900.0,19050.0
1000001274,20240608,2024-06-08 17:05:24,503,1,1,Buenos Aires,8820.0,1500.0,52320.0
1000001275,20250527,2025-05-27 16:15:54,889,1,2,Córdoba,5418.0,0.0,31218.0
1000001276,20250614,2025-06-14 20:48:54,430,2,2,Córdoba,9969.12,0.0,57441.12
1000001277,20241111,2024-11-11 11:34:38,998,1,4,Mendoza,8977.5,1500.0,53227.5
1000001278,20250713,2025-07-13 07:02:31,612,1,2,Córdoba,4435.2,1200.0,26755.2
1000001279,20250224,2025-02-24 20:21:33,658,1,2,Córdoba,10773.0,900.0,62973.0
1000001280,20250327,2025-03-27 19:36:31,44,1,1,Buenos Aires,7484.4,1200.0,44324.4
1000001281,20240208,2024-02-08 05:29:16,892,1,1,Buenos Aires,13131.72,900.0,76563.72
1000001282,20240415,2024-04-15 06:07:27,1360,1,1,Buenos Aires,8079.75,1200.0,47754.75
1000001283,20240313,2024-03-13 06:05:05,252,1,1,Buenos Aires,3150.0,1200.0,19350.0
1000001284,20250915,2025-09-15 05:15:45,197,2,1,Buenos Aires,27216.0,0.0,156816.0
1000001285,20240514,2024-05-14 16:27:03,342,2,2,Córdoba,2835.0,0.0,16335.0
1000001286,20240229,2024-02-29 00:19:55,925,2,1,Buenos Aires,7560.0,0.0,43560.0
1000001287,20250424,2025-04-24 00:06:58,779,1,3,Santa Fe,9450.0,1200.0,55650.0
1000001288,20240204,2024-02-04 11:15:44,285,1,4,Mendoza,2772.0,1500.0,17472.0
1000001289,20241120,2024-11-20 07:00:37,1121,1,1,Buenos Aires,8977.5,1200.0,52927.5
1000001290,20250928,2025-09-28 00:47:22,916,1,3,Santa Fe,6300.0,0.0,36300.0
1000001291,20240326,2024-03-26 11:29:24,818,2,2,Córdoba,5670.0,0.0,32670.0
1000001292,20241128,2024-11-28 02:00:43,826,1,1,Buenos Aires,5292.0,900.0,31392.0
1000001293,20241220,2024-12-20 13:34:28,1082,1,4,Mendoza,4939.2,900.0,29359.2
1000001294,20240319,2024-03-19 02:56:37,999,1,2,Córdoba,2222.64,0.0,12806.64
1000001295,20240516,2024-05-16 00:14:08,488,1,1,Buenos Aires,2593.08,1500.0,16441.08
1000001296,20240222,2024-02-22 21:50:39,1155,1,4,Mendoza,7408.8,900.0,43588.8
1000001297,20240815,2024-08-15 13:47:50,1092,2,2,Córdoba,2520.0,0.0,14520.0
1000001298,20240602,2024-06-02 12:07:53,221,1,1,Buenos Aires,8870.4,0.0,51110.4
1000001299,20240517,2024-05-17 01:59:48,865,1,1,Buenos Aires,7408.8,1200.0,43888.8
1000001300,20250410,2025-04-10 07:12:23,715,2,1,Buenos Aires,2992.5,0.0,17242.5
1000001301,20240616,2024-06-16 15:43:02,180,1,4,Mendoza,4082.4,1500.0,25022.4
1000001302,20250303,2025-03-03 03:43:37,650,2,4,Mendoza,7484.4,0.0,43124.4
1000001303,20240323,2024-03-23 09:53:25,208,1,1,Buenos Aires,9261.0,900.0,54261.0
1000001304,20240221,2024-02-21 11:55:24,1406,2,3,Santa Fe,13237.56,0.0,76273.56
1000001305,20241013,2024-10-13 11:53:07,353,1,1,Buenos Aires,3465.0,0.0,19965.0
1000001306,20241006,2024-10-06 06:46:24,1263,1,1,Buenos Aires,2268.0,0.0,13068.0
1000001307,20240911,2024-09-11 08:55:52,1094,2,2,Córdoba,2041.2,0.0,11761.2
1000001308,20240719,2024-07-19 22:17:03,318,2,4,Mendoza,5386.5,0.0,31036.5
1000001309,20240430,2024-04-30 18:00:38,1257,1,2,Córdoba,12615.75,1500.0,74190.75
1000001310,20240523,2024-05-23 10:39:19,551,2,3,Santa Fe,5985.0,0.0,34485.0
1000001311,20240312,2024-03-12 19:10:34,918,1,4,Mendoza,12315.24,900.0,71859.24
1000001312,20240329,2024-03-29 20:41:00,800,2,2,Córdoba,2268.0,0.0,13068.0
1000001313,20240711,2024-07-11 01:33:43,1152,1,1,Buenos Aires,9261.0,1500.0,54861.0
1000001314,20240830,2024-08-30 09:00:44,1471,1,1,Buenos Aires,5985.0,1500.0,35985.0
1000001315,20250909,2025-09-09 00:13:10,696,1,4,Mendoza,5670.0,900.0,33570.0
1000001316,20240706,2024-07-06 07:35:13,945,2,1,Buenos Aires,6174.0,0.0,35574.0
1000001317,20250210,2025-02-10 14:31:42,214,1,3,Santa Fe,8391.6,1200.0,49551.6
1000001318,20241019,2024-10-19 19:15:22,465,1,2,Córdoba,5040.0,1200.0,30240.0
1000001319,20240317,2024-03-17 02:56:27,998,1,1,Buenos Aires,12184.2,1500.0,71704.2
1000001320,20240809,2024-08-09 02:59:33,144,1,1,Buenos Aires,3150.0,1500.0,19650.0
1000001321,20241229,2024-12-29 08:16:31,683,1,1,Buenos Aires,8977.5,900.0,52627.5
1000001322,20250410,2025-04-10 14:34:32,937,1,3,Santa Fe,12685.68,1200.0,74293.68
1000001323,20240625,2024-06-25 10:13:55,500,1,1,Buenos Aires,5985.0,1200.0,35685.0
1000001324,20240410,2024-04-10 12:05:36,237,2,4,Mendoza,15913.8,0.0,91693.8
1000001325,20240814,2024-08-14 12:37:49,1371,1,1,Buenos Aires,5670.0,900.0,33570.0
1000001326,20250406,2025-04-06 13:06:03,479,1,2,Córdoba,10557.54,1200.0,62031.54
1000001327,20250509,2025-05-09 02:40:32,786,2,2,Córdoba,2394.0,0.0,13794.0
1000001328,20240618,2024-06-18 21:38:50,1148,2,1,Buenos Aires,10017.0,0.0,57717.0
1000001329,20241112,2024-11-12 22:15:03,756,2,3,Santa Fe,7182.0,0.0,41382.0
1000001330,20250927,2025-09-27 04:38:11,1266,2,2,Córdoba,2268.0,0.0,13068.0
1000001331,20240822,2024-08-22 03:49:51,276,2,3,Santa Fe,5985.0,0.0,34485.0
1000001332,20250716,2025-07-16 22:30:44,174,2,2,Córdoba,11421.9,0.0,65811.9
1000001333,20250915,2025-09-15 09:07:47,9,2,2,Córdoba,9450.0,0.0,54450.0
1000001334,20240627,2024-06-27 04:30:55,326,1,1,Buenos Aires,2041.2,900.0,12661.2
1000001335,20250528,2025-05-28 13:10:46,1213,2,2,Córdoba,4445.28,0.0,25613.28
1000001336,20250912,2025-09-12 01:42:57,550,2,4,Mendoza,5186.16,0.0,29882.16
1000001337,20250201,2025-02-01 09:38:38,837,2,2,Córdoba,5040.0,0.0,29040.0
1000001338,20240103,2024-01-03 09:35:02,1303,2,1,Buenos Aires,8139.6,0.0,46899.6
1000001339,20250601,2025-06-01 08:29:06,327,1,1,Buenos Aires,9355.5,900.0,54805.5
1000001340,20250408,2025-04-08 22:11:39,1206,2,1,Buenos Aires,2520.0,0.0,14520.0
1000001341,20240124,2024-01-24 23:03:43,942,1,1,Buenos Aires,6804.0,1200.0,40404.0
1000001342,20250609,2025-06-09 05:56:02,379,2,2,Córdoba,18238.5,0.0,105088.5
1000001343,20250223,2025-02-23 12:40:02,186,1,3,Santa Fe,2520.0,900.0,15420.0
1000001344,20250606,2025-06-06 17:52:26,1264,1,1,Buenos Aires,7408.8,900.0,43588.8
1000001345,20250516,2025-05-16 23:13:00,1327,2,1,Buenos Aires,2772.0,0.0,15972.0
1000001346,20250216,2025-02-16 06:37:33,498,1,1,Buenos Aires,2394.0,1200.0,14994.0
1000001347,20241109,2024-11-09 10:16:34,1439,1,1,Buenos Aires,2646.0,1200.0,16446.0
1000001348,20250515,2025-05-15 23:03:05,545,2,2,Córdoba,8646.75,0.0,49821.75
1000001349,20250513,2025-05-13 18:54:26,833,1,3,Santa Fe,6804.0,1200.0,40404.0
1000001350,20240825,2024-08-25 15:07:39,646,1,1,Buenos Aires,2835.0,1200.0,17535.0
1000001351,20240730,2024-07-30 20:21:04,732,1,1,Buenos Aires,4536.0,1500.0,27636.0
1000001352,20240629,2024-06-29 09:00:31,213,1,2,Córdoba,11403.0,0.0,65703.0
1000001353,20250104,2025-01-04 16:53:36,1365,2,3,Santa Fe,7408.8,0.0,42688.8
1000001354,20241104,2024-11-04 13:26:53,545,2,1,Buenos Aires,6667.92,0.0,38419.92
1000001355,20250114,2025-01-14 19:21:53,821,2,3,Santa Fe,2268.0,0.0,13068.0
1000001356,20250426,2025-04-26 11:33:09,641,2,1,Buenos Aires,6615.0,0.0,38115.0
1000001357,20250220,2025-02-20 01:54:59,468,1,3,Santa Fe,12348.0,0.0,71148.0
1000001358,20241218,2024-12-18 14:00:46,609,2,2,Córdoba,16646.49,0.0,95915.49
1000001359,20250806,2025-08-06 07:04:35,880,1,1,Buenos Aires,7560.0,900.0,44460.0
1000001360,20250826,2025-08-26 04:17:23,237,1,1,Buenos Aires,4788.0,900.0,28488.0
1000001361,20241204,2024-12-04 18:06:05,506,1,1,Buenos Aires,6804.0,1500.0,40704.0
1000001362,20240815,2024-08-15 09:52:05,716,1,2,Córdoba,2520.0,1200.0,15720.0
1000001363,20250810,2025-08-10 16:35:15,1141,1,1,Buenos Aires,6667.92,1200.0,39619.92
1000001364,20250405,2025-04-05 23:50:59,1492,1,1,Buenos Aires,7938.0,900.0,46638.0
1000001365,20250512,2025-05-12 17:28:40,1465,1,2,Córdoba,8079.75,900.0,47454.75
1000001366,20241130,2024-11-30 11:34:38,1133,1,2,Córdoba,8522.64,900.0,50006.64
1000001367,20250712,2025-07-12 04:35:00,1120,1,3,Santa Fe,6804.0,1200.0,40404.0
1000001368,20240117,2024-01-17 17:20:54,692,1,1,Buenos Aires,9922.5,1500.0,58672.5
1000001369,20250301,2025-03-01 08:59:05,1176,1,2,Córdoba,7182.0,0.0,41382.0
1000001370,20250420,2025-04-20 11:49:04,188,1,2,Córdoba,6804.0,900.0,40104.0
1000001371,20250409,2025-04-09 23:20:59,700,1,1,Buenos Aires,6463.8,1200.0,38443.8
1000001372,20250401,2025-04-01 02:43:16,194,2,2,Córdoba,2835.0,0.0,16335.0
1000001373,20241228,2024-12-28 08:26:39,1054,1,4,Mendoza,5531.4,900.0,32771.4
1000001374,20250208,2025-02-08 03:00:38,993,2,1,Buenos Aires,9714.6,0.0,55974.6
1000001375,20250321,2025-03-21 07:01:12,337,1,1,Buenos Aires,11944.8,1500.0,70324.8
1000001376,20240805,2024-08-05 14:22:27,218,2,2,Córdoba,2154.6,0.0,12414.6
1000001377,20240313,2024-03-13 22:12:53,1456,1,1,Buenos Aires,7408.8,0.0,42688.8
1000001378,20240927,2024-09-27 12:26:22,259,2,1,Buenos Aires,5670.0,0.0,32670.0
1000001379,20240708,2024-07-08 08:32:49,279,2,4,Mendoza,4490.64,0.0,25874.64
1000001380,20250515,2025-05-15 01:14:32,132,1,2,Córdoba,3291.75,900.0,19866.75
1000001381,20240219,2024-02-19 23:08:54,1250,2,2,Córdoba,8505.0,0.0,49005.0
1000001382,20250620,2025-06-20 09:43:25,1354,2,1,Buenos Aires,20695.5,0.0,119245.5
1000001383,20250819,2025-08-19 11:18:14,1447,1,2,Córdoba,2381.4,0.0,13721.4
1000001384,20241006,2024-10-06 07:53:45,995,2,2,Córdoba,9777.6,0.0,56337.6
1000001385,20241022,2024-10-22 14:36:32,755,1,1,Buenos Aires,2520.0,1200.0,15720.0
1000001386,20240731,2024-07-31 11:31:44,964,1,1,Buenos Aires,3150.0,1200.0,19350.0
1000001387,20240724,2024-07-24 12:41:07,147,1,1,Buenos Aires,2394.0,1200.0,14994.0
1000001388,20250214,2025-02-14 09:15:41,1340,2,1,Buenos Aires,9502.92,0.0,54754.92
1000001389,20250430,2025-04-30 16:26:40,544,1,3,Santa Fe,2394.0,0.0,13794.0
1000001390,20250627,2025-06-27 18:16:00,667,1,2,Córdoba,6804.0,900.0,40104.0
1000001391,20240916,2024-09-16 12:08:10,1200,2,4,Mendoza,7560.0,0.0,43560.0
1000001392,20240612,2024-06-12 05:33:19,1251,1,1,Buenos Aires,4082.4,1200.0,24722.4
1000001393,20240826,2024-08-26 03:35:32,1187,1,3,Santa Fe,5304.6,0.0,30564.6
1000001394,20240124,2024-01-24 10:45:07,1158,2,3,Santa Fe,7408.8,0.0,42688.8
1000001395,20241003,2024-10-03 12:17:23,250,1,2,Córdoba,9426.38,900.0,55213.88
1000001396,20241222,2024-12-22 02:22:26,618,1,1,Buenos Aires,2716.56,1200.0,16852.56
1000001397,20250713,2025-07-13 03:34:38,1319,2,3,Santa Fe,3307.5,0.0,19057.5
1000001398,20241108,2024-11-08 20:17:31,5,2,2,Córdoba,8930.25,0.0,51455.25
1000001399,20250131,2025-01-31 02:43:13,1390,1,1,Buenos Aires,12332.25,0.0,71057.25
1000001400,20250101,2025-01-01 09:23:46,761,1,1,Buenos Aires,8079.75,1500.0,48054.75
1000001401,20241129,2024-11-29 10:39:40,16,2,4,Mendoza,10344.6,0.0,59604.6
1000001402,20240727,2024-07-27 20:09:04,261,1,1,Buenos Aires,2469.6,900.0,15129.6
1000001403,20250802,2025-08-02 15:57:08,18,1,2,Córdoba,16984.8,900.0,98764.8
1000001404,20250712,2025-07-12 19:27:04,1320,1,3,Santa Fe,8505.0,1200.0,50205.0
1000001405,20240409,2024-04-09 16:11:16,1010,1,2,Córdoba,3087.0,900.0,18687.0
1000001406,20240329,2024-03-29 13:36:01,614,2,1,Buenos Aires,17803.8,0.0,102583.8
1000001407,20250425,2025-04-25 10:28:11,1264,1,1,Buenos Aires,2268.0,0.0,13068.0
1000001408,20240825,2024-08-25 13:44:53,1134,1,4,Mendoza,5386.5,900.0,31936.5
1000001409,20250209,2025-02-09 10:53:57,385,1,2,Córdoba,9016.56,900.0,52852.56
1000001410,20240719,2024-07-19 11:54:28,235,1,1,Buenos Aires,2835.0,1500.0,17835.0
1000001411,20241106,2024-11-06 20:39:22,1388,1,1,Buenos Aires,2593.08,900.0,15841.08
1000001412,20250621,2025-06-21 15:31:01,398,1,1,Buenos Aires,7408.8,1200.0,43888.8
1000001413,20250713,2025-07-13 03:03:43,774,1,2,Córdoba,2772.0,1500.0,17472.0
1000001414,20250604,2025-06-04 23:27:26,833,1,3,Santa Fe,3087.0,1200.0,18987.0
1000001415,20240118,2024-01-18 03:33:13,195,2,2,Córdoba,5985.0,0.0,34485.0
1000001416,20241229,2024-12-29 06:37:50,355,2,2,Córdoba,5040.0,0.0,29040.0
1000001417,20250501,2025-05-01 20:38:12,1095,2,2,Córdoba,2394.0,0.0,13794.0
1000001418,20240707,2024-07-07 14:35:59,1374,2,2,Córdoba,22954.05,0.0,132259.05
1000001419,20250127,2025-01-27 10:07:55,1426,1,1,Buenos Aires,6482.7,900.0,38252.7
1000001420,20240711,2024-07-11 10:47:12,1226,1,2,Córdoba,2394.0,1500.0,15294.0
1000001421,20241215,2024-12-15 21:42:46,561,1,1,Buenos Aires,9875.25,1200.0,58100.25
1000001422,20240430,2024-04-30 19:36:43,756,1,1,Buenos Aires,8253.0,1500.0,49053.0
1000001423,20240428,2024-04-28 17:53:43,418,2,1,Buenos Aires,2520.0,0.0,14520.0
1000001424,20240511,2024-05-11 17:32:12,1213,1,1,Buenos Aires,8505.0,1500.0,50505.0
1000001425,20241119,2024-11-19 10:34:06,600,2,3,Santa Fe,5266.8,0.0,30346.8
1000001426,20240730,2024-07-30 15:02:24,242,2,3,Santa Fe,10584.0,0.0,60984.0
1000001427,20241002,2024-10-02 01:24:49,341,2,1,Buenos Aires,7560.0,0.0,43560.0
1000001428,20250702,2025-07-02 19:27:01,325,2,1,Buenos Aires,13337.1,0.0,76847.1
1000001429,20240208,2024-02-08 00:53:47,104,1,2,Córdoba,2469.6,1200.0,15429.6
1000001430,20241006,2024-10-06 06:37:46,1125,2,1,Buenos Aires,8505.0,0.0,49005.0
1000001431,20250802,2025-08-02 08:23:36,598,1,1,Buenos Aires,17665.2,0.0,101785.2
1000001432,20250322,2025-03-22 19:28:45,20,1,1,Buenos Aires,14789.25,1200.0,86414.25
1000001433,20250719,2025-07-19 17:35:33,656,1,1,Buenos Aires,7560.0,0.0,43560.0
1000001434,20250928,2025-09-28 21:30:14,319,2,3,Santa Fe,10609.2,0.0,61129.2
1000001435,20240228,2024-02-28 23:42:01,922,2,3,Santa Fe,17624.25,0.0,101549.25
1000001436,20240403,2024-04-03 19:24:12,868,2,1,Buenos Aires,4788.0,0.0,27588.0
1000001437,20240531,2024-05-31 05:07:51,31,2,1,Buenos Aires,2041.2,0.0,11761.2
1000001438,20240108,2024-01-08 01:20:49,890,2,4,Mendoza,9450.0,0.0,54450.0
1000001439,20250621,2025-06-21 12:44:11,643,1,2,Córdoba,3087.0,900.0,18687.0
1000001440,20241112,2024-11-12 17:51:22,1110,1,1,Buenos Aires,2835.0,900.0,17235.0
1000001441,20240917,2024-09-17 12:35:36,1210,1,1,Buenos Aires,12568.5,1200.0,73618.5
1000001442,20240711,2024-07-11 07:55:47,1041,2,1,Buenos Aires,5040.0,0.0,29040.0
1000001443,20240529,2024-05-29 21:41:55,561,1,3,Santa Fe,12530.7,0.0,72200.7
1000001444,20250103,2025-01-03 03:11:47,812,1,4,Mendoza,2381.4,1200.0,14921.4
1000001445,20241114,2024-11-14 08:04:01,1219,2,3,Santa Fe,7900.2,0.0,45520.2
1000001446,20240309,2024-03-09 15:00:03,1246,2,3,Santa Fe,7686.0,0.0,44286.0
1000001447,20241205,2024-12-05 17:06:59,116,1,3,Santa Fe,7541.1,0.0,43451.1
1000001448,20241218,2024-12-18 08:44:36,204,2,2,Córdoba,4939.2,0.0,28459.2
1000001449,20250429,2025-04-29 23:48:30,116,2,3,Santa Fe,2646.0,0.0,15246.0
1000001450,20240708,2024-07-08 20:49:45,491,1,2,Córdoba,2646.0,1500.0,16746.0
1000001451,20250823,2025-08-23 08:14:40,1281,1,1,Buenos Aires,17040.24,1200.0,99384.24
1000001452,20250428,2025-04-28 15:48:09,384,2,2,Córdoba,17514.0,0.0,100914.0
1000001453,20250802,2025-08-02 14:04:05,595,2,3,Santa Fe,2394.0,0.0,13794.0
1000001454,20250224,2025-02-24 04:54:51,185,1,1,Buenos Aires,5128.2,1200.0,30748.2
1000001455,20250719,2025-07-19 00:45:49,1329,1,2,Córdoba,8505.0,1200.0,50205.0
1000001456,20240120,2024-01-20 07:48:47,458,2,4,Mendoza,11249.28,0.0,64817.28
1000001457,20240322,2024-03-22 11:41:00,711,1,3,Santa Fe,2268.0,1500.0,14568.0
1000001458,20240211,2024-02-11 18:19:58,1169,1,4,Mendoza,9450.0,900.0,55350.0
1000001459,20240612,2024-06-12 05:35:48,1185,1,3,Santa Fe,11529.0,900.0,67329.0
1000001460,20240430,2024-04-30 15:24:27,1042,2,1,Buenos Aires,12757.5,0.0,73507.5
1000001461,20240217,2024-02-17 02:41:41,941,2,1,Buenos Aires,5186.16,0.0,29882.16
1000001462,20240709,2024-07-09 23:05:19,963,2,3,Santa Fe,13274.1,0.0,76484.1
1000001463,20250207,2025-02-07 12:03:58,642,1,1,Buenos Aires,10231.2,900.0,59851.2
1000001464,20240414,2024-04-14 11:37:35,948,2,1,Buenos Aires,14195.16,0.0,81791.16
1000001465,20240510,2024-05-10 22:08:06,1356,1,3,Santa Fe,6463.8,1500.0,38743.8
1000001466,20240203,2024-02-03 15:25:15,708,1,1,Buenos Aires,6378.75,1500.0,38253.75
1000001467,20240216,2024-02-16 21:32:27,841,2,1,Buenos Aires,5386.5,0.0,31036.5
1000001468,20250814,2025-08-14 18:02:00,1325,2,2,Córdoba,5607.0,0.0,32307.0
1000001469,20240104,2024-01-04 16:56:23,703,1,2,Córdoba,2268.0,1200.0,14268.0
1000001470,20240929,2024-09-29 05:02:35,748,1,4,Mendoza,7144.2,900.0,42064.2
1000001471,20240503,2024-05-03 03:38:02,1219,2,4,Mendoza,3087.0,0.0,17787.0
1000001472,20240323,2024-03-23 06:29:00,1358,2,1,Buenos Aires,9497.25,0.0,54722.25
1000001473,20240716,2024-07-16 08:37:44,395,1,2,Córdoba,7308.0,1200.0,43308.0
1000001474,20241128,2024-11-28 10:44:18,536,1,3,Santa Fe,11718.0,1500.0,69018.0
1000001475,20250614,2025-06-14 03:48:17,31,2,1,Buenos Aires,18900.0,0.0,108900.0
1000001476,20240101,2024-01-01 22:29:03,1414,1,1,Buenos Aires,8505.0,1500.0,50505.0
1000001477,20240322,2024-03-22 13:01:01,963,1,1,Buenos Aires,4939.2,1200.0,29659.2
1000001478,20250804,2025-08-04 17:52:18,780,1,2,Córdoba,6940.08,1200.0,41188.08
1000001479,20240103,2024-01-03 04:23:24,489,1,1,Buenos Aires,7938.0,0.0,45738.0
1000001480,20250420,2025-04-20 16:40:10,42,2,3,Santa Fe,7796.25,0.0,44921.25
1000001481,20240411,2024-04-11 14:10:06,228,2,1,Buenos Aires,11781.0,0.0,67881.0
1000001482,20250213,2025-02-13 06:22:40,670,1,1,Buenos Aires,5040.0,0.0,29040.0
1000001483,20240722,2024-07-22 07:16:41,652,2,2,Córdoba,8334.9,0.0,48024.9
1000001484,20240914,2024-09-14 11:27:12,308,2,1,Buenos Aires,13683.6,0.0,78843.6
1000001485,20241228,2024-12-28 14:53:05,1094,1,1,Buenos Aires,14301.0,0.0,82401.0
1000001486,20240709,2024-07-09 03:57:08,76,2,3,Santa Fe,9072.0,0.0,52272.0
1000001487,20240816,2024-08-16 04:47:21,1435,1,3,Santa Fe,2268.0,0.0,13068.0
1000001488,20241003,2024-10-03 08:49:49,703,1,1,Buenos Aires,2716.56,1200.0,16852.56
1000001489,20250730,2025-07-30 02:14:01,792,2,1,Buenos Aires,2772.0,0.0,15972.0
1000001490,20240517,2024-05-17 01:06:47,332,1,1,Buenos Aires,2154.6,900.0,13314.6
1000001491,20250130,2025-01-30 21:09:03,69,1,1,Buenos Aires,15833.16,1200.0,92429.16
1000001492,20240701,2024-07-01 13:29:31,311,2,4,Mendoza,2992.5,0.0,17242.5
1000001493,20250520,2025-05-20 00:05:59,724,1,2,Córdoba,5953.5,900.0,35203.5
1000001494,20250717,2025-07-17 06:41:02,1238,1,2,Córdoba,5027.4,900.0,29867.4
1000001495,20240323,2024-03-23 14:42:28,488,2,3,Santa Fe,9724.05,0.0,56029.05
1000001496,20241106,2024-11-06 03:09:21,1435,2,3,Santa Fe,7182.0,0.0,41382.0
1000001497,20250430,2025-04-30 06:34:05,612,2,3,Santa Fe,2835.0,0.0,16335.0
1000001498,20240222,2024-02-22 05:30:47,1116,2,3,Santa Fe,6930.0,0.0,39930.0
1000001499,20240822,2024-08-22 17:07:58,1496,1,1,Buenos Aires,6237.0,1200.0,37137.0
1000001500,20240127,2024-01-27 19:27:13,559,2,2,Córdoba,2513.7,0.0,14483.7
1000001501,20241231,2024-12-31 04:28:59,745,2,3,Santa Fe,17577.0,0.0,101277.0
1000001502,20241210,2024-12-10 18:12:56,790,1,3,Santa Fe,11522.7,0.0,66392.7
1000001503,20240410,2024-04-10 07:45:23,67,2,4,Mendoza,2520.0,0.0,14520.0
1000001504,20250224,2025-02-24 21:30:55,1029,1,1,Buenos Aires,6804.0,0.0,39204.0
1000001505,20250821,2025-08-21 18:57:51,1360,2,1,Buenos Aires,8505.0,0.0,49005.0
1000001506,20250623,2025-06-23 05:37:27,1366,1,1,Buenos Aires,5040.0,1200.0,30240.0
1000001507,20250219,2025-02-19 22:25:47,404,1,3,Santa Fe,7779.24,900.0,45723.24
1000001508,20241215,2024-12-15 20:56:25,102,2,2,Córdoba,2268.0,0.0,13068.0
1000001509,20250930,2025-09-30 15:18:09,1386,1,1,Buenos Aires,6237.0,1200.0,37137.0
1000001510,20240510,2024-05-10 00:16:54,1026,1,1,Buenos Aires,15825.6,1200.0,92385.6
1000001511,20240730,2024-07-30 13:22:23,185,1,2,Córdoba,5103.0,900.0,30303.0
1000001512,20240327,2024-03-27 09:03:02,875,1,1,Buenos Aires,7560.0,1200.0,44760.0
1000001513,20250601,2025-06-01 23:36:43,1054,2,4,Mendoza,4851.0,0.0,27951.0
1000001514,20250730,2025-07-30 19:11:25,351,1,3,Santa Fe,2992.5,900.0,18142.5
1000001515,20250831,2025-08-31 03:18:32,1162,1,1,Buenos Aires,7560.0,1200.0,44760.0
1000001516,20241231,2024-12-31 05:40:36,1237,1,1,Buenos Aires,9450.0,1200.0,55650.0
1000001517,20250905,2025-09-05 14:41:51,633,2,1,Buenos Aires,8930.25,0.0,51455.25
1000001518,20240906,2024-09-06 18:11:06,405,1,1,Buenos Aires,8505.0,1200.0,50205.0
1000001519,20241126,2024-11-26 19:33:05,244,1,4,Mendoza,7812.0,900.0,45912.0
1000001520,20250605,2025-06-05 04:34:34,1048,2,1,Buenos Aires,7960.05,0.0,45865.05
1000001521,20240606,2024-06-06 04:39:50,324,2,1,Buenos Aires,9828.0,0.0,56628.0
1000001522,20241120,2024-11-20 13:32:47,179,1,1,Buenos Aires,7541.1,0.0,43451.1
1000001523,20241222,2024-12-22 02:10:09,518,2,4,Mendoza,7931.7,0.0,45701.7
1000001524,20250416,2025-04-16 09:56:03,222,1,1,Buenos Aires,6174.0,0.0,35574.0
1000001525,20250311,2025-03-11 21:06:34,1301,1,2,Córdoba,2976.75,900.0,18051.75
1000001526,20240704,2024-07-04 11:51:09,884,1,2,Córdoba,4536.0,1500.0,27636.0
1000001527,20240806,2024-08-06 05:42:46,865,2,3,Santa Fe,7182.0,0.0,41382.0
1000001528,20240101,2024-01-01 12:54:18,576,1,1,Buenos Aires,13765.5,1200.0,80515.5
1000001529,20240901,2024-09-01 02:45:46,642,2,1,Buenos Aires,2394.0,0.0,13794.0
1000001530,20250127,2025-01-27 19:37:27,1318,1,2,Córdoba,7144.2,1500.0,42664.2
1000001531,20250407,2025-04-07 19:51:16,1392,1,1,Buenos Aires,8618.4,900.0,50558.4
1000001532,20240328,2024-03-28 11:55:24,22,2,3,Santa Fe,6284.25,0.0,36209.25
1000001533,20250519,2025-05-19 11:46:01,1086,2,1,Buenos Aires,7182.0,0.0,41382.0
1000001534,20241110,2024-11-10 22:20:47,995,1,1,Buenos Aires,8162.91,1200.0,48233.91
1000001535,20241112,2024-11-12 04:26:04,1362,1,1,Buenos Aires,14490.0,0.0,83490.0
1000001536,20240410,2024-04-10 20:56:37,1176,2,3,Santa Fe,3087.0,0.0,17787.0
1000001537,20240826,2024-08-26 15:23:50,991,2,3,Santa Fe,2268.0,0.0,13068.0
1000001538,20240401,2024-04-01 12:25:13,461,2,4,Mendoza,5229.0,0.0,30129.0
1000001539,20250216,2025-02-16 11:52:57,656,2,4,Mendoza,6791.4,0.0,39131.4
1000001540,20240407,2024-04-07 15:06:37,1327,1,3,Santa Fe,11529.0,900.0,67329.0
1000001541,20240530,2024-05-30 03:21:47,974,2,3,Santa Fe,7560.0,0.0,43560.0
1000001542,20250301,2025-03-01 13:14:31,305,1,1,Buenos Aires,8977.5,900.0,52627.5
1000001543,20250702,2025-07-02 08:17:52,858,1,2,Córdoba,8505.0,1200.0,50205.0
1000001544,20250616,2025-06-16 18:24:00,1078,1,1,Buenos Aires,11497.5,1200.0,67447.5
1000001545,20240611,2024-06-11 00:55:07,1382,1,1,Buenos Aires,2992.5,1200.0,18442.5
1000001546,20240109,2024-01-09 07:11:19,739,2,3,Santa Fe,4536.0,0.0,26136.0
1000001547,20250615,2025-06-15 13:59:50,878,1,1,Buenos Aires,7931.7,1200.0,46901.7
1000001548,20250409,2025-04-09 11:50:28,863,1,1,Buenos Aires,8505.0,1500.0,50505.0
1000001549,20240322,2024-03-22 00:15:12,504,2,3,Santa Fe,2992.5,0.0,17242.5
1000001550,20250106,2025-01-06 17:04:23,810,1,2,Córdoba,5670.0,1200.0,33870.0
1000001551,20250201,2025-02-01 20:40:52,1339,1,1,Buenos Aires,7408.8,0.0,42688.8
1000001552,20250121,2025-01-21 16:52:44,769,1,3,Santa Fe,7560.0,900.0,44460.0
1000001553,20240820,2024-08-20 06:49:31,952,1,1,Buenos Aires,3307.5,1500.0,20557.5
1000001554,20240517,2024-05-17 21:51:56,389,1,1,Buenos Aires,14994.0,900.0,87294.0
1000001555,20250821,2025-08-21 19:43:01,1039,1,1,Buenos Aires,3307.5,1200.0,20257.5
1000001556,20240702,2024-07-02 21:34:13,91,1,1,Buenos Aires,6804.0,900.0,40104.0
1000001557,20240621,2024-06-21 07:51:55,1190,1,1,Buenos Aires,7408.8,1200.0,43888.8
1000001558,20250727,2025-07-27 09:19:27,762,2,1,Buenos Aires,9974.16,0.0,57470.16
1000001559,20240324,2024-03-24 15:03:18,520,2,1,Buenos Aires,13986.0,0.0,80586.0
1000001560,20250416,2025-04-16 06:00:03,604,2,2,Córdoba,11403.0,0.0,65703.0
1000001561,20241226,2024-12-26 08:12:36,1133,1,3,Santa Fe,9261.0,1500.0,54861.0
1000001562,20241201,2024-12-01 11:47:16,1401,1,1,Buenos Aires,11060.28,900.0,64628.28
1000001563,20240515,2024-05-15 09:39:25,298,2,1,Buenos Aires,5040.0,0.0,29040.0
1000001564,20250226,2025-02-26 12:47:01,1104,1,1,Buenos Aires,2778.3,1200.0,17208.3
1000001565,20241103,2024-11-03 08:45:49,1309,1,1,Buenos Aires,4788.0,1200.0,28788.0
1000001566,20250513,2025-05-13 15:29:44,483,2,4,Mendoza,7408.8,0.0,42688.8
1000001567,20240620,2024-06-20 08:40:04,208,1,3,Santa Fe,2268.0,0.0,13068.0
1000001568,20250910,2025-09-10 19:28:28,1493,2,4,Mendoza,7408.8,0.0,42688.8
1000001569,20240520,2024-05-20 01:53:58,746,1,3,Santa Fe,2520.0,1500.0,16020.0
1000001570,20250208,2025-02-08 07:37:19,1263,1,2,Córdoba,5670.0,1200.0,33870.0
1000001571,20250414,2025-04-14 03:16:26,878,1,1,Buenos Aires,7931.7,1200.0,46901.7
1000001572,20250804,2025-08-04 18:02:35,625,2,4,Mendoza,3142.12,0.0,18104.62
1000001573,20250417,2025-04-17 12:48:37,1236,1,1,Buenos Aires,5969.25,0.0,34394.25
1000001574,20250509,2025-05-09 23:21:20,700,1,1,Buenos Aires,4788.0,900.0,28488.0
1000001575,20250409,2025-04-09 05:22:15,777,1,1,Buenos Aires,3142.12,0.0,18104.62
1000001576,20240212,2024-02-12 02:56:11,1341,1,2,Córdoba,5040.0,1200.0,30240.0
1000001577,20241021,2024-10-21 22:18:58,1168,1,2,Córdoba,4309.2,1200.0,26029.2
1000001578,20240313,2024-03-13 12:26:40,715,2,2,Córdoba,4788.0,0.0,27588.0
1000001579,20250325,2025-03-25 09:14:08,26,2,4,Mendoza,7182.0,0.0,41382.0
1000001580,20240712,2024-07-12 22:38:19,1469,1,1,Buenos Aires,14023.8,1200.0,82003.8
1000001581,20241219,2024-12-19 19:47:15,783,1,1,Buenos Aires,3150.0,1200.0,19350.0
1000001582,20240904,2024-09-04 14:17:45,1323,2,1,Buenos Aires,2778.3,0.0,16008.3
1000001583,20250629,2025-06-29 20:57:30,8,2,4,Mendoza,14742.0,0.0,84942.0
1000001584,20241228,2024-12-28 21:53:37,336,2,2,Córdoba,15913.8,0.0,91693.8
1000001585,20240530,2024-05-30 13:37:30,386,1,3,Santa Fe,9450.0,1200.0,55650.0
1000001586,20250921,2025-09-21 03:11:24,1375,2,4,Mendoza,6804.0,0.0,39204.0
1000001587,20250613,2025-06-13 21:34:39,162,1,3,Santa Fe,7408.8,0.0,42688.8
1000001588,20240304,2024-03-04 14:38:17,1203,2,3,Santa Fe,7408.8,0.0,42688.8
1000001589,20240911,2024-09-11 14:07:24,835,1,2,Córdoba,7484.4,1200.0,44324.4
1000001590,20240315,2024-03-15 20:24:05,566,2,1,Buenos Aires,10319.4,0.0,59459.4
1000001591,20250209,2025-02-09 13:48:12,383,1,3,Santa Fe,5670.0,1200.0,33870.0
1000001592,20240612,2024-06-12 17:11:10,746,1,2,Córdoba,6602.4,1500.0,39542.4
1000001593,20240405,2024-04-05 20:46:13,383,2,1,Buenos Aires,4788.0,0.0,27588.0
1000001594,20250924,2025-09-24 12:11:25,1419,1,1,Buenos Aires,14616.0,1200.0,85416.0
1000001595,20241121,2024-11-21 23:59:34,1037,2,3,Santa Fe,2992.5,0.0,17242.5
1000001596,20240125,2024-01-25 06:00:54,775,2,3,Santa Fe,2268.0,0.0,13068.0
1000001597,20250307,2025-03-07 19:53:03,1015,1,1,Buenos Aires,9426.38,1200.0,55513.88
1000001598,20250608,2025-06-08 07:32:55,1197,2,1,Buenos Aires,7623.0,0.0,43923.0
1000001599,20250329,2025-03-29 07:16:06,773,2,3,Santa Fe,13860.0,0.0,79860.0
1000001600,20250709,2025-07-09 06:06:19,413,1,1,Buenos Aires,6791.4,900.0,40031.4
1000001601,20250826,2025-08-26 11:05:49,681,1,1,Buenos Aires,11497.5,1200.0,67447.5
1000001602,20250607,2025-06-07 17:34:36,1425,2,4,Mendoza,2593.08,0.0,14941.08
1000001603,20250812,2025-08-12 13:10:08,394,1,1,Buenos Aires,8977.5,1200.0,52927.5
1000001604,20250616,2025-06-16 06:15:18,942,2,2,Córdoba,14310.45,0.0,82455.45
1000001605,20250604,2025-06-04 20:07:41,1238,2,2,Córdoba,14805.0,0.0,85305.0
1000001606,20250314,2025-03-14 22:45:51,1045,1,4,Mendoza,6804.0,900.0,40104.0
1000001607,20250519,2025-05-19 08:22:29,594,2,4,Mendoza,14817.6,0.0,85377.6
1000001608,20250518,2025-05-18 22:01:21,58,1,3,Santa Fe,2976.75,1200.0,18351.75
1000001609,20250126,2025-01-26 20:36:54,1008,2,4,Mendoza,19051.2,0.0,109771.2
1000001610,20240515,2024-05-15 07:49:41,1028,2,3,Santa Fe,7902.72,0.0,45534.72
1000001611,20250503,2025-05-03 21:26:57,1024,2,4,Mendoza,7560.0,0.0,43560.0
1000001612,20241214,2024-12-14 06:44:16,426,1,3,Santa Fe,5292.0,1500.0,31992.0
1000001613,20250601,2025-06-01 13:36:48,90,1,3,Santa Fe,6482.7,1200.0,38552.7
1000001614,20250912,2025-09-12 11:34:27,728,1,2,Córdoba,8079.75,0.0,46554.75
1000001615,20240403,2024-04-03 06:06:39,294,1,1,Buenos Aires,8977.5,900.0,52627.5
1000001616,20250318,2025-03-18 08:39:15,200,1,3,Santa Fe,2778.3,1200.0,17208.3
1000001617,20240302,2024-03-02 17:55:13,676,2,2,Córdoba,8505.0,0.0,49005.0
1000001618,20250227,2025-02-27 23:43:22,694,1,2,Córdoba,10395.0,1200.0,61095.0
1000001619,20250420,2025-04-20 11:51:59,800,2,4,Mendoza,5953.5,0.0,34303.5
1000001620,20250511,2025-05-11 03:49:23,1418,1,3,Santa Fe,2268.0,1200.0,14268.0
1000001621,20240410,2024-04-10 21:13:20,245,1,1,Buenos Aires,7144.2,1200.0,42364.2
1000001622,20250518,2025-05-18 02:56:07,441,1,1,Buenos Aires,6804.0,1200.0,40404.0
1000001623,20250312,2025-03-12 10:37:22,393,1,3,Santa Fe,17482.5,1200.0,101932.5
1000001624,20250918,2025-09-18 17:05:46,1428,1,1,Buenos Aires,8977.5,1500.0,53227.5
1000001625,20240702,2024-07-02 20:39:04,852,1,4,Mendoza,9261.0,0.0,53361.0
1000001626,20240207,2024-02-07 11:10:07,379,1,2,Córdoba,4788.0,1500.0,29088.0
1000001627,20240918,2024-09-18 19:52:19,653,1,2,Córdoba,4939.2,1200.0,29659.2
1000001628,20250712,2025-07-12 20:41:02,230,1,2,Córdoba,7938.0,900.0,46638.0
1000001629,20250820,2025-08-20 11:06:47,310,1,1,Buenos Aires,7560.0,1200.0,44760.0
1000001630,20250729,2025-07-29 01:46:45,689,1,2,Córdoba,2835.0,0.0,16335.0
1000001631,20240705,2024-07-05 04:14:43,715,2,2,Córdoba,4788.0,0.0,27588.0
1000001632,20250814,2025-08-14 06:04:16,520,1,1,Buenos Aires,8694.0,1200.0,51294.0
1000001633,20250728,2025-07-28 23:00:52,896,1,1,Buenos Aires,8977.5,1500.0,53227.5
1000001634,20250714,2025-07-14 07:08:01,703,1,2,Córdoba,9450.0,900.0,55350.0
1000001635,20241118,2024-11-18 12:44:05,1365,2,3,Santa Fe,2646.0,0.0,15246.0
1000001636,20241228,2024-12-28 05:24:55,746,2,2,Córdoba,3150.0,0.0,18150.0
1000001637,20250314,2025-03-14 10:18:19,789,2,2,Córdoba,7900.2,0.0,45520.2
1000001638,20250702,2025-07-02 04:45:18,77,1,2,Córdoba,4788.0,1200.0,28788.0
1000001639,20240612,2024-06-12 05:27:09,953,1,1,Buenos Aires,14175.0,1200.0,82875.0
1000001640,20240927,2024-09-27 18:22:10,515,1,1,Buenos Aires,2520.0,900.0,15420.0
1000001641,20240827,2024-08-27 12:08:33,1066,1,1,Buenos Aires,5040.0,1200.0,30240.0
1000001642,20240429,2024-04-29 15:01:23,1081,1,1,Buenos Aires,16014.6,1500.0,93774.6
1000001643,20241031,2024-10-31 11:02:12,1232,1,2,Córdoba,7541.1,900.0,44351.1
1000001644,20240714,2024-07-14 02:01:16,585,2,4,Mendoza,5985.0,0.0,34485.0
1000001645,20250326,2025-03-26 15:55:13,624,2,1,Buenos Aires,6930.0,0.0,39930.0
1000001646,20240317,2024-03-17 01:36:25,931,2,1,Buenos Aires,6300.0,0.0,36300.0
1000001647,20240722,2024-07-22 04:23:13,932,1,1,Buenos Aires,6237.0,1500.0,37437.0
1000001648,20240209,2024-02-09 19:36:19,930,1,1,Buenos Aires,2394.0,1200.0,14994.0
1000001649,20250311,2025-03-11 02:07:53,1114,2,3,Santa Fe,2469.6,0.0,14229.6
1000001650,20240112,2024-01-12 12:43:21,746,1,2,Córdoba,7900.2,1200.0,46720.2
1000001651,20250818,2025-08-18 13:56:58,1306,1,2,Córdoba,4788.0,0.0,27588.0
1000001652,20240109,2024-01-09 21:06:57,741,1,2,Córdoba,4536.0,1500.0,27636.0
1000001653,20250430,2025-04-30 16:56:52,1305,2,4,Mendoza,8334.9,0.0,48024.9
1000001654,20250309,2025-03-09 16:49:00,435,1,1,Buenos Aires,7207.2,900.0,42427.2
1000001655,20241229,2024-12-29 16:20:50,217,2,2,Córdoba,6237.0,0.0,35937.0
1000001656,20250527,2025-05-27 22:49:48,944,2,3,Santa Fe,12222.0,0.0,70422.0
1000001657,20241203,2024-12-03 02:39:43,595,2,1,Buenos Aires,4914.0,0.0,28314.0
1000001658,20240109,2024-01-09 04:13:18,156,2,2,Córdoba,4536.0,0.0,26136.0
1000001659,20250616,2025-06-16 00:22:29,1323,2,2,Córdoba,13230.0,0.0,76230.0
1000001660,20240531,2024-05-31 19:39:18,1345,1,1,Buenos Aires,3087.0,900.0,18687.0
1000001661,20240126,2024-01-26 04:14:34,860,1,1,Buenos Aires,4536.0,1500.0,27636.0
1000001662,20240723,2024-07-23 04:17:27,136,2,1,Buenos Aires,4536.0,0.0,26136.0
1000001663,20241003,2024-10-03 09:04:49,1460,2,1,Buenos Aires,10206.0,0.0,58806.0
1000001664,20241115,2024-11-15 10:13:26,23,1,1,Buenos Aires,2268.0,900.0,13968.0
1000001665,20240407,2024-04-07 17:18:22,258,1,3,Santa Fe,2394.0,1200.0,14994.0
1000001666,20240216,2024-02-16 19:59:46,1343,2,4,Mendoza,9235.8,0.0,53215.8
1000001667,20240412,2024-04-12 10:27:35,311,1,4,Mendoza,12688.2,900.0,74008.2
1000001668,20241001,2024-10-01 12:01:24,662,1,3,Santa Fe,2268.0,1500.0,14568.0
1000001669,20240514,2024-05-14 21:12:03,538,2,1,Buenos Aires,2268.0,0.0,13068.0
1000001670,20241010,2024-10-10 23:06:01,1212,1,1,Buenos Aires,2716.56,0.0,15652.56
1000001671,20250303,2025-03-03 07:46:09,282,2,1,Buenos Aires,6174.0,0.0,35574.0
1000001672,20240213,2024-02-13 02:58:13,1248,1,1,Buenos Aires,8505.0,900.0,49905.0
1000001673,20241105,2024-11-05 06:58:50,294,2,3,Santa Fe,5266.8,0.0,30346.8
1000001674,20240326,2024-03-26 12:16:55,1148,1,3,Santa Fe,9450.0,900.0,55350.0
1000001675,20250311,2025-03-11 17:38:24,475,1,3,Santa Fe,8977.5,1200.0,52927.5
1000001676,20250830,2025-08-30 13:40:28,1492,1,1,Buenos Aires,8568.0,900.0,50268.0
1000001677,20241114,2024-11-14 04:45:24,1004,1,3,Santa Fe,7633.08,900.0,44881.08
1000001678,20250521,2025-05-21 05:59:44,427,1,2,Córdoba,12253.5,900.0,71503.5
1000001679,20250129,2025-01-29 08:47:55,1490,1,1,Buenos Aires,7654.5,900.0,45004.5
1000001680,20241124,2024-11-24 16:23:26,1403,1,1,Buenos Aires,5027.4,1200.0,30167.4
1000001681,20240412,2024-04-12 00:53:55,142,1,4,Mendoza,5040.0,900.0,29940.0
1000001682,20250717,2025-07-17 23:56:29,890,2,3,Santa Fe,7541.1,0.0,43451.1
1000001683,20241218,2024-12-18 03:41:49,1265,1,1,Buenos Aires,5544.0,1200.0,33144.0
1000001684,20240303,2024-03-03 01:57:31,612,1,2,Córdoba,9724.05,1200.0,57229.05
1000001685,20240108,2024-01-08 10:34:26,166,1,1,Buenos Aires,2693.25,0.0,15518.25
1000001686,20240601,2024-06-01 16:06:43,330,2,2,Córdoba,13274.1,0.0,76484.1
1000001687,20240624,2024-06-24 19:39:35,1467,2,3,Santa Fe,3465.0,0.0,19965.0
1000001688,20250209,2025-02-09 15:46:17,899,1,2,Córdoba,11854.08,1200.0,69502.08
1000001689,20240914,2024-09-14 23:30:32,728,1,4,Mendoza,4939.2,1500.0,29959.2
1000001690,20240526,2024-05-26 23:09:01,1097,2,3,Santa Fe,11327.4,0.0,65267.4
1000001691,20250226,2025-02-26 01:59:19,1003,1,2,Córdoba,2976.75,1500.0,18651.75
1000001692,20240715,2024-07-15 08:20:10,1147,2,3,Santa Fe,2646.0,0.0,15246.0
1000001693,20240905,2024-09-05 19:53:47,747,2,4,Mendoza,21454.65,0.0,123619.65
1000001694,20250109,2025-01-09 20:46:07,956,2,4,Mendoza,3142.12,0.0,18104.62
1000001695,20240129,2024-01-29 04:59:53,379,2,4,Mendoza,5953.5,0.0,34303.5
1000001696,20241214,2024-12-14 02:57:08,115,1,4,Mendoza,6482.7,1500.0,38852.7
1000001697,20250313,2025-03-13 01:21:15,293,1,1,Buenos Aires,6482.7,1200.0,38552.7
1000001698,20250401,2025-04-01 23:31:03,1002,2,2,Córdoba,23070.6,0.0,132930.6
1000001699,20250811,2025-08-11 12:23:24,1015,2,1,Buenos Aires,6583.5,0.0,37933.5
1000001700,20250124,2025-01-24 16:23:56,126,1,1,Buenos Aires,11497.5,900.0,67147.5
1000001701,20240818,2024-08-18 01:07:20,946,1,1,Buenos Aires,2394.0,1500.0,15294.0
1000001702,20250729,2025-07-29 04:01:25,1005,1,4,Mendoza,2835.0,0.0,16335.0
1000001703,20241102,2024-11-02 09:11:06,1018,1,1,Buenos Aires,4536.0,900.0,27036.0
1000001704,20240623,2024-06-23 22:23:34,333,2,4,Mendoza,4939.2,0.0,28459.2
1000001705,20250212,2025-02-12 23:50:55,77,2,3,Santa Fe,3395.7,0.0,19565.7
1000001706,20250402,2025-04-02 02:53:52,493,1,1,Buenos Aires,9724.05,0.0,56029.05
1000001707,20240815,2024-08-15 01:10:46,793,2,4,Mendoza,14814.45,0.0,85359.45
1000001708,20240820,2024-08-20 19:26:17,864,2,3,Santa Fe,2394.0,0.0,13794.0
1000001709,20240624,2024-06-24 04:13:08,982,2,3,Santa Fe,8505.0,0.0,49005.0
1000001710,20241006,2024-10-06 10:50:50,146,1,1,Buenos Aires,7560.0,900.0,44460.0
1000001711,20240621,2024-06-21 11:53:12,10,2,4,Mendoza,12222.0,0.0,70422.0
1000001712,20241007,2024-10-07 21:31:19,174,1,1,Buenos Aires,5266.8,1200.0,31546.8
1000001713,20250904,2025-09-04 10:31:03,210,1,4,Mendoza,6174.0,1200.0,36774.0
1000001714,20250612,2025-06-12 17:48:29,1326,2,3,Santa Fe,2469.6,0.0,14229.6
1000001715,20250111,2025-01-11 01:49:35,1032,2,3,Santa Fe,12423.6,0.0,71583.6
1000001716,20241207,2024-12-07 20:11:21,708,1,4,Mendoza,6804.0,900.0,40104.0
1000001717,20240916,2024-09-16 01:39:46,956,1,2,Córdoba,2520.0,900.0,15420.0
1000001718,20240305,2024-03-05 19:02:19,1468,1,4,Mendoza,14742.0,1500.0,86442.0
1000001719,20241003,2024-10-03 04:28:32,182,1,1,Buenos Aires,7408.8,0.0,42688.8
1000001720,20241008,2024-10-08 17:35:48,295,2,2,Córdoba,9292.5,0.0,53542.5
1000001721,20250507,2025-05-07 20:59:19,1388,2,4,Mendoza,11623.5,0.0,66973.5
1000001722,20250731,2025-07-31 08:37:51,282,1,1,Buenos Aires,4762.8,0.0,27442.8
1000001723,20250812,2025-08-12 23:48:08,1365,1,1,Buenos Aires,7182.0,0.0,41382.0
1000001724,20250722,2025-07-22 02:43:33,505,2,2,Córdoba,5433.12,0.0,31305.12
1000001725,20250417,2025-04-17 22:36:12,774,1,2,Córdoba,9702.0,1500.0,57402.0
1000001726,20250524,2025-05-24 11:25:14,504,1,1,Buenos Aires,4939.2,900.0,29359.2
1000001727,20240413,2024-04-13 15:20:56,748,1,1,Buenos Aires,7182.0,1200.0,42582.0
1000001728,20250526,2025-05-26 18:22:21,479,2,1,Buenos Aires,4939.2,0.0,28459.2
1000001729,20250907,2025-09-07 19:04:46,975,1,4,Mendoza,16795.8,900.0,97675.8
1000001730,20250701,2025-07-01 11:45:29,156,1,2,Córdoba,2469.6,1200.0,15429.6
1000001731,20250713,2025-07-13 03:49:23,380,2,4,Mendoza,5985.0,0.0,34485.0
1000001732,20250724,2025-07-24 14:18:28,823,1,2,Córdoba,2469.6,1200.0,15429.6
1000001733,20240718,2024-07-18 04:52:11,561,2,1,Buenos Aires,14553.0,0.0,83853.0
1000001734,20240220,2024-02-20 08:51:52,40,1,1,Buenos Aires,16969.68,900.0,98677.68
1000001735,20250513,2025-05-13 15:55:02,270,2,1,Buenos Aires,2513.7,0.0,14483.7
1000001736,20240724,2024-07-24 15:22:53,557,1,4,Mendoza,2646.0,1200.0,16446.0
1000001737,20240614,2024-06-14 00:46:55,303,2,1,Buenos Aires,8675.1,0.0,49985.1
1000001738,20240902,2024-09-02 07:00:12,345,1,1,Buenos Aires,2469.6,1200.0,15429.6
1000001739,20240419,2024-04-19 06:58:35,676,2,2,Córdoba,5292.0,0.0,30492.0
1000001740,20241209,2024-12-09 17:42:55,1373,2,3,Santa Fe,6174.0,0.0,35574.0
1000001741,20240426,2024-04-26 13:38:45,564,2,3,Santa Fe,8851.5,0.0,51001.5
1000001742,20240524,2024-05-24 06:59:29,182,2,3,Santa Fe,9261.0,0.0,53361.0
1000001743,20240507,2024-05-07 11:39:47,216,2,4,Mendoza,9450.0,0.0,54450.0
1000001744,20250820,2025-08-20 08:23:27,752,1,1,Buenos Aires,7408.8,1200.0,43888.8
1000001745,20250103,2025-01-03 01:52:42,413,1,1,Buenos Aires,4781.7,0.0,27551.7
1000001746,20241001,2024-10-01 06:17:37,1384,1,2,Córdoba,4788.0,900.0,28488.0
1000001747,20240113,2024-01-13 14:01:52,478,2,4,Mendoza,2469.6,0.0,14229.6
1000001748,20240303,2024-03-03 07:42:28,1049,1,1,Buenos Aires,12600.0,1200.0,73800.0
1000001749,20240502,2024-05-02 06:59:36,1271,1,1,Buenos Aires,6804.0,900.0,40104.0
1000001750,20240807,2024-08-07 10:00:28,471,2,1,Buenos Aires,21060.9,0.0,121350.9
1000001751,20250218,2025-02-18 14:29:59,650,2,4,Mendoza,4445.28,0.0,25613.28
1000001752,20240728,2024-07-28 14:19:13,685,2,4,Mendoza,15435.0,0.0,88935.0
1000001753,20250529,2025-05-29 11:06:14,936,1,2,Córdoba,4788.0,1200.0,28788.0
1000001754,20250805,2025-08-05 09:02:50,1189,1,1,Buenos Aires,3150.0,1200.0,19350.0
1000001755,20241003,2024-10-03 14:53:11,1130,1,2,Córdoba,15498.0,0.0,89298.0
1000001756,20250513,2025-05-13 05:04:58,233,1,1,Buenos Aires,4082.4,1500.0,25022.4
1000001757,20250226,2025-02-26 15:53:56,626,1,1,Buenos Aires,2381.4,900.0,14621.4
1000001758,20240105,2024-01-05 16:43:34,545,2,4,Mendoza,13167.0,0.0,75867.0
1000001759,20240704,2024-07-04 11:22:04,147,2,4,Mendoza,7560.0,0.0,43560.0
1000001760,20241219,2024-12-19 16:21:28,946,1,2,Córdoba,5027.4,900.0,29867.4
1000001761,20250703,2025-07-03 09:40:50,267,2,1,Buenos Aires,5544.0,0.0,31944.0
1000001762,20241201,2024-12-01 04:04:37,1200,2,1,Buenos Aires,5103.0,0.0,29403.0
1000001763,20250925,2025-09-25 09:48:56,106,2,2,Córdoba,14817.6,0.0,85377.6
1000001764,20250203,2025-02-03 09:51:04,656,1,2,Córdoba,7560.0,1200.0,44760.0
1000001765,20250220,2025-02-20 16:10:37,1324,2,4,Mendoza,2469.6,0.0,14229.6
1000001766,20240805,2024-08-05 06:06:02,1133,2,2,Córdoba,5985.0,0.0,34485.0
1000001767,20240629,2024-06-29 11:14:37,921,2,4,Mendoza,7541.1,0.0,43451.1
1000001768,20240525,2024-05-25 21:46:53,16,1,3,Santa Fe,7408.8,1500.0,44188.8
1000001769,20240818,2024-08-18 09:29:02,1099,1,3,Santa Fe,2394.0,900.0,14694.0
1000001770,20240226,2024-02-26 05:01:48,920,2,3,Santa Fe,8505.0,0.0,49005.0
1000001771,20240924,2024-09-24 10:22:45,503,1,1,Buenos Aires,6300.0,900.0,37200.0
1000001772,20250614,2025-06-14 10:12:00,1057,2,4,Mendoza,3150.0,0.0,18150.0
1000001773,20250620,2025-06-20 23:01:41,1044,1,3,Santa Fe,6174.0,1200.0,36774.0
1000001774,20250106,2025-01-06 15:13:19,1012,1,2,Córdoba,5985.0,900.0,35385.0
1000001775,20250525,2025-05-25 15:48:57,163,2,1,Buenos Aires,5040.0,0.0,29040.0
1000001776,20240804,2024-08-04 18:10:16,347,2,4,Mendoza,5985.0,0.0,34485.0
1000001777,20250928,2025-09-28 02:41:34,634,1,4,Mendoza,5544.0,0.0,31944.0
1000001778,20240507,2024-05-07 15:57:42,1463,1,1,Buenos Aires,14962.5,1500.0,87712.5
1000001779,20241021,2024-10-21 14:39:41,123,1,1,Buenos Aires,7308.0,900.0,43008.0
1000001780,20250925,2025-09-25 05:53:35,638,1,1,Buenos Aires,12474.0,1200.0,73074.0
1000001781,20250808,2025-08-08 22:37:18,1230,1,1,Buenos Aires,2520.0,1200.0,15720.0
1000001782,20241103,2024-11-03 19:35:48,689,2,1,Buenos Aires,2520.0,0.0,14520.0
1000001783,20240806,2024-08-06 14:39:17,1069,1,4,Mendoza,12789.0,1200.0,74889.0
1000001784,20240427,2024-04-27 00:06:57,1335,1,1,Buenos Aires,4309.2,1200.0,26029.2
1000001785,20241121,2024-11-21 13:32:32,1312,2,4,Mendoza,2778.3,0.0,16008.3
1000001786,20240125,2024-01-25 12:10:52,992,2,4,Mendoza,5670.0,0.0,32670.0
1000001787,20241102,2024-11-02 01:55:07,713,2,4,Mendoza,8643.6,0.0,49803.6
1000001788,20250717,2025-07-17 18:23:54,1477,2,2,Córdoba,2268.0,0.0,13068.0
1000001789,20250429,2025-04-29 01:15:12,1333,1,1,Buenos Aires,5040.0,1200.0,30240.0
1000001790,20250114,2025-01-14 18:00:42,980,1,4,Mendoza,12442.5,1200.0,72892.5
1000001791,20250416,2025-04-16 13:15:22,977,2,4,Mendoza,9261.0,0.0,53361.0
1000001792,20240711,2024-07-11 08:28:46,1254,1,3,Santa Fe,2154.6,1500.0,13914.6
1000001793,20240722,2024-07-22 11:12:18,1126,1,1,Buenos Aires,13293.0,1200.0,77793.0
1000001794,20241101,2024-11-01 15:27:07,436,1,1,Buenos Aires,2520.0,0.0,14520.0
1000001795,20240707,2024-07-07 06:17:50,1117,1,1,Buenos Aires,5670.0,900.0,33570.0
1000001796,20241014,2024-10-14 18:35:09,276,2,1,Buenos Aires,5985.0,0.0,34485.0
1000001797,20250202,2025-02-02 02:23:55,551,1,3,Santa Fe,6804.0,900.0,40104.0
1000001798,20250322,2025-03-22 04:48:25,1479,2,1,Buenos Aires,6804.0,0.0,39204.0
1000001799,20240113,2024-01-13 17:12:40,274,2,2,Córdoba,2835.0,0.0,16335.0
1000001800,20240629,2024-06-29 22:48:39,361,2,3,Santa Fe,5292.0,0.0,30492.0
1000001801,20240911,2024-09-11 01:30:58,17,1,1,Buenos Aires,6804.0,900.0,40104.0
1000001802,20240204,2024-02-04 04:22:06,713,1,3,Santa Fe,6791.4,0.0,39131.4
1000001803,20250804,2025-08-04 08:49:22,1142,2,4,Mendoza,2394.0,0.0,13794.0
1000001804,20240918,2024-09-18 05:50:20,1094,1,1,Buenos Aires,5670.0,900.0,33570.0
1000001805,20250828,2025-08-28 13:02:46,637,1,2,Córdoba,2778.3,900.0,16908.3
1000001806,20241013,2024-10-13 10:39:49,1416,1,1,Buenos Aires,7560.0,1200.0,44760.0
1000001807,20240925,2024-09-25 07:40:28,949,1,2,Córdoba,14590.8,1500.0,85570.8
1000001808,20240229,2024-02-29 06:13:37,1146,1,1,Buenos Aires,13847.4,1200.0,80987.4
1000001809,20240312,2024-03-12 18:48:41,1482,1,1,Buenos Aires,2646.0,1500.0,16746.0
1000001810,20240913,2024-09-13 16:02:59,496,1,4,Mendoza,7408.8,1500.0,44188.8
1000001811,20250805,2025-08-05 15:31:04,991,1,2,Córdoba,9974.16,900.0,58370.16
1000001812,20240723,2024-07-23 22:04:58,915,2,2,Córdoba,6804.0,0.0,39204.0
1000001813,20250329,2025-03-29 20:04:37,970,2,3,Santa Fe,4536.0,0.0,26136.0
1000001814,20241120,2024-11-20 06:30:59,1166,2,3,Santa Fe,3087.0,0.0,17787.0
1000001815,20241203,2024-12-03 02:25:01,1038,2,3,Santa Fe,7892.64,0.0,45476.64
1000001816,20250810,2025-08-10 02:39:59,1103,2,4,Mendoza,12303.9,0.0,70893.9
1000001817,20241013,2024-10-13 07:30:00,1326,1,1,Buenos Aires,8618.4,1200.0,50858.4
1000001818,20250107,2025-01-07 17:31:44,1066,2,4,Mendoza,6237.0,0.0,35937.0
1000001819,20240602,2024-06-02 08:38:24,1067,1,1,Buenos Aires,7182.0,1200.0,42582.0
1000001820,20250818,2025-08-18 09:18:15,202,2,1,Buenos Aires,8706.6,0.0,50166.6
1000001821,20240928,2024-09-28 14:54:06,1456,1,1,Buenos Aires,5670.0,1200.0,33870.0
1000001822,20250522,2025-05-22 06:32:56,101,2,4,Mendoza,3150.0,0.0,18150.0
1000001823,20240724,2024-07-24 10:08:06,312,2,1,Buenos Aires,2394.0,0.0,13794.0
1000001824,20241223,2024-12-23 01:09:17,982,2,2,Córdoba,8930.25,0.0,51455.25
1000001825,20240507,2024-05-07 15:20:32,650,2,3,Santa Fe,6174.0,0.0,35574.0
1000001826,20240727,2024-07-27 16:17:23,645,2,2,Córdoba,9261.0,0.0,53361.0
1000001827,20240110,2024-01-10 19:22:17,852,2,3,Santa Fe,4762.8,0.0,27442.8
1000001828,20241016,2024-10-16 17:17:54,1291,1,4,Mendoza,6482.7,900.0,38252.7
1000001829,20250308,2025-03-08 04:33:27,916,1,4,Mendoza,2222.64,900.0,13706.64
1000001830,20241122,2024-11-22 00:45:11,680,1,1,Buenos Aires,2513.7,0.0,14483.7
1000001831,20240814,2024-08-14 22:32:14,1001,2,3,Santa Fe,6804.0,0.0,39204.0
1000001832,20250703,2025-07-03 14:34:22,1301,2,3,Santa Fe,7560.0,0.0,43560.0
1000001833,20250902,2025-09-02 19:47:44,1065,1,2,Córdoba,10262.7,0.0,59132.7
1000001834,20240817,2024-08-17 17:18:20,1045,1,1,Buenos Aires,11869.2,1200.0,69589.2
1000001835,20250131,2025-01-31 00:38:10,849,2,2,Córdoba,7182.0,0.0,41382.0
1000001836,20240216,2024-02-16 03:58:10,1307,2,1,Buenos Aires,7421.4,0.0,42761.4
1000001837,20250616,2025-06-16 03:58:35,731,1,1,Buenos Aires,2268.0,900.0,13968.0
1000001838,20240730,2024-07-30 17:24:03,221,1,2,Córdoba,5985.0,900.0,35385.0
1000001839,20240119,2024-01-19 03:49:33,1115,2,1,Buenos Aires,6300.0,0.0,36300.0
1000001840,20250207,2025-02-07 00:59:42,388,1,1,Buenos Aires,2716.56,1200.0,16852.56
1000001841,20240203,2024-02-03 06:26:09,789,1,3,Santa Fe,10080.0,900.0,58980.0
1000001842,20250614,2025-06-14 12:30:46,1390,1,1,Buenos Aires,7560.0,1200.0,44760.0
1000001843,20240315,2024-03-15 04:00:03,93,2,1,Buenos Aires,20160.0,0.0,116160.0
1000001844,20240611,2024-06-11 02:46:06,452,1,3,Santa Fe,8977.5,900.0,52627.5
1000001845,20250113,2025-01-13 21:57:14,103,1,2,Córdoba,8643.6,1200.0,51003.6
1000001846,20250321,2025-03-21 03:35:20,204,1,4,Mendoza,5027.4,1200.0,30167.4
1000001847,20250610,2025-06-10 07:22:39,1126,1,1,Buenos Aires,9922.5,0.0,57172.5
1000001848,20250202,2025-02-02 04:52:05,1496,2,4,Mendoza,5985.0,0.0,34485.0
1000001849,20241218,2024-12-18 19:39:06,1192,1,1,Buenos Aires,8505.0,900.0,49905.0
1000001850,20240207,2024-02-07 03:12:46,797,1,1,Buenos Aires,5040.0,1200.0,30240.0
1000001851,20240602,2024-06-02 08:22:41,391,2,4,Mendoza,7875.0,0.0,45375.0
1000001852,20240930,2024-09-30 13:14:39,1336,2,2,Córdoba,7295.4,0.0,42035.4
1000001853,20240727,2024-07-27 01:32:12,434,2,3,Santa Fe,10395.0,0.0,59895.0
1000001854,20250310,2025-03-10 21:00:56,724,1,1,Buenos Aires,2469.6,900.0,15129.6
1000001855,20250604,2025-06-04 03:41:15,1157,1,2,Córdoba,12127.5,0.0,69877.5
1000001856,20240727,2024-07-27 23:50:48,450,2,2,Córdoba,5985.0,0.0,34485.0
1000001857,20250609,2025-06-09 01:11:10,655,1,1,Buenos Aires,6300.0,1500.0,37800.0
1000001858,20241008,2024-10-08 18:59:31,688,1,4,Mendoza,6804.0,1200.0,40404.0
1000001859,20240923,2024-09-23 06:49:20,274,2,2,Córdoba,6482.7,0.0,37352.7
1000001860,20241227,2024-12-27 19:46:29,815,1,2,Córdoba,11655.0,900.0,68055.0
1000001861,20240926,2024-09-26 15:23:46,1202,2,1,Buenos Aires,5985.0,0.0,34485.0
1000001862,20240506,2024-05-06 10:16:29,208,1,1,Buenos Aires,7560.0,900.0,44460.0
1000001863,20250314,2025-03-14 18:35:03,1119,1,1,Buenos Aires,8079.75,900.0,47454.75
1000001864,20241206,2024-12-06 01:30:18,871,2,4,Mendoza,4788.0,0.0,27588.0
1000001865,20250204,2025-02-04 06:22:39,1089,1,1,Buenos Aires,7371.0,900.0,43371.0
1000001866,20240831,2024-08-31 10:09:52,1313,1,3,Santa Fe,7144.2,1200.0,42364.2
1000001867,20240817,2024-08-17 20:54:41,1169,2,1,Buenos Aires,7408.8,0.0,42688.8
1000001868,20250114,2025-01-14 23:17:32,497,2,1,Buenos Aires,10584.0,0.0,60984.0
1000001869,20240707,2024-07-07 22:21:20,274,1,1,Buenos Aires,3142.12,900.0,19004.62
1000001870,20240531,2024-05-31 19:52:05,1391,1,1,Buenos Aires,8977.5,1200.0,52927.5
1000001871,20250316,2025-03-16 15:09:45,682,1,1,Buenos Aires,6300.0,1200.0,37500.0
1000001872,20250628,2025-06-28 11:41:41,1063,2,2,Córdoba,6174.0,0.0,35574.0
1000001873,20240806,2024-08-06 21:17:35,535,1,1,Buenos Aires,3395.7,1200.0,20765.7
1000001874,20250409,2025-04-09 13:10:29,1140,2,3,Santa Fe,13211.1,0.0,76121.1
1000001875,20240501,2024-05-01 14:26:45,712,1,3,Santa Fe,2222.64,1500.0,14306.64
1000001876,20240406,2024-04-06 03:32:58,771,2,3,Santa Fe,7408.8,0.0,42688.8
1000001877,20250720,2025-07-20 02:32:29,1234,2,3,Santa Fe,14200.2,0.0,81820.2
1000001878,20250710,2025-07-10 22:35:19,193,1,1,Buenos Aires,2992.5,900.0,18142.5
1000001879,20240520,2024-05-20 13:47:10,1481,2,3,Santa Fe,5670.0,0.0,32670.0
1000001880,20240911,2024-09-11 14:01:04,1420,1,1,Buenos Aires,2778.3,1200.0,17208.3
1000001881,20241101,2024-11-01 14:06:55,866,1,1,Buenos Aires,9576.0,0.0,55176.0
1000001882,20240804,2024-08-04 18:21:08,1360,1,1,Buenos Aires,5162.85,1500.0,31247.85
1000001883,20240403,2024-04-03 03:39:37,26,2,2,Córdoba,6463.8,0.0,37243.8
1000001884,20241110,2024-11-10 05:43:03,890,2,1,Buenos Aires,4939.2,0.0,28459.2
1000001885,20250307,2025-03-07 07:32:25,1466,2,2,Córdoba,6667.92,0.0,38419.92
1000001886,20240122,2024-01-22 21:41:16,1114,1,4,Mendoza,5103.0,900.0,30303.0
1000001887,20240305,2024-03-05 17:59:52,952,2,2,Córdoba,5266.8,0.0,30346.8
1000001888,20241103,2024-11-03 22:53:51,235,1,1,Buenos Aires,2992.5,1500.0,18742.5
1000001889,20250530,2025-05-30 07:17:47,264,1,2,Córdoba,2469.6,0.0,14229.6
1000001890,20240716,2024-07-16 16:46:13,649,1,1,Buenos Aires,5292.0,900.0,31392.0
1000001891,20241226,2024-12-26 09:40:22,1220,1,1,Buenos Aires,9875.25,1200.0,58100.25
1000001892,20240916,2024-09-16 23:08:17,868,1,3,Santa Fe,2041.2,900.0,12661.2
1000001893,20250512,2025-05-12 11:10:47,298,1,1,Buenos Aires,2520.0,1200.0,15720.0
1000001894,20250202,2025-02-02 09:50:42,447,1,2,Córdoba,4788.0,1200.0,28788.0
1000001895,20241218,2024-12-18 20:40:10,464,2,3,Santa Fe,7560.0,0.0,43560.0
1000001896,20240410,2024-04-10 20:33:27,49,1,3,Santa Fe,6667.92,1200.0,39619.92
1000001897,20240727,2024-07-27 06:27:51,454,1,1,Buenos Aires,2520.0,1500.0,16020.0
1000001898,20250716,2025-07-16 15:13:06,1185,2,4,Mendoza,6804.0,0.0,39204.0
1000001899,20250205,2025-02-05 19:58:09,226,1,1,Buenos Aires,9875.25,900.0,57800.25
1000001900,20240422,2024-04-22 10:58:57,147,2,2,Córdoba,6174.0,0.0,35574.0
1000001901,20240914,2024-09-14 22:26:40,899,1,2,Córdoba,6284.25,0.0,36209.25
1000001902,20250612,2025-06-12 06:52:08,1306,2,3,Santa Fe,4082.4,0.0,23522.4
1000001903,20240530,2024-05-30 12:55:45,768,2,1,Buenos Aires,7408.8,0.0,42688.8
1000001904,20250806,2025-08-06 10:12:40,59,2,3,Santa Fe,5670.0,0.0,32670.0
1000001905,20240728,2024-07-28 01:04:12,772,2,4,Mendoza,6667.92,0.0,38419.92
1000001906,20250915,2025-09-15 19:51:26,656,1,1,Buenos Aires,5670.0,900.0,33570.0
1000001907,20240115,2024-01-15 07:18:01,903,2,4,Mendoza,8977.5,0.0,51727.5
1000001908,20250609,2025-06-09 20:11:39,30,2,1,Buenos Aires,4762.8,0.0,27442.8
1000001909,20250908,2025-09-08 03:02:13,301,2,1,Buenos Aires,4851.0,0.0,27951.0
1000001910,20250616,2025-06-16 18:53:16,779,2,4,Mendoza,14883.12,0.0,85755.12
1000001911,20250216,2025-02-16 09:19:09,883,1,2,Córdoba,5985.0,1500.0,35985.0
1000001912,20240120,2024-01-20 07:26:14,737,1,1,Buenos Aires,2268.0,1500.0,14568.0
1000001913,20250921,2025-09-21 07:24:06,1160,1,2,Córdoba,4788.0,1200.0,28788.0
1000001914,20241201,2024-12-01 03:31:37,140,1,2,Córdoba,7182.0,1200.0,42582.0
1000001915,20250507,2025-05-07 10:50:33,218,1,3,Santa Fe,8505.0,900.0,49905.0
1000001916,20240705,2024-07-05 05:59:53,562,2,3,Santa Fe,9450.0,0.0,54450.0
1000001917,20250601,2025-06-01 11:47:55,294,1,3,Santa Fe,2041.2,900.0,12661.2
1000001918,20250324,2025-03-24 04:30:08,1053,2,1,Buenos Aires,3291.75,0.0,18966.75
1000001919,20240518,2024-05-18 08:52:11,733,2,1,Buenos Aires,26460.0,0.0,152460.0
1000001920,20250324,2025-03-24 13:45:32,548,2,1,Buenos Aires,3150.0,0.0,18150.0
1000001921,20241111,2024-11-11 21:08:52,370,2,1,Buenos Aires,3142.12,0.0,18104.62
1000001922,20240401,2024-04-01 04:52:18,1293,2,2,Córdoba,4939.2,0.0,28459.2
1000001923,20250106,2025-01-06 16:30:57,1458,1,2,Córdoba,10521.0,1200.0,61821.0
1000001924,20250117,2025-01-17 22:04:00,233,2,2,Córdoba,8211.42,0.0,47313.42
1000001925,20241128,2024-11-28 23:41:38,820,1,1,Buenos Aires,2469.6,0.0,14229.6
1000001926,20240211,2024-02-11 00:20:03,1300,1,1,Buenos Aires,2992.5,1200.0,18442.5
1000001927,20250313,2025-03-13 07:39:02,1468,2,1,Buenos Aires,10458.0,0.0,60258.0
1000001928,20250310,2025-03-10 11:04:15,503,1,1,Buenos Aires,4939.2,1200.0,29659.2
1000001929,20250529,2025-05-29 17:46:36,734,1,2,Córdoba,2222.64,1200.0,14006.64
1000001930,20240517,2024-05-17 05:08:19,1479,1,1,Buenos Aires,10401.3,900.0,60831.3
1000001931,20241006,2024-10-06 03:17:56,494,2,4,Mendoza,4939.2,0.0,28459.2
1000001932,20241023,2024-10-23 08:04:23,296,2,2,Córdoba,2394.0,0.0,13794.0
1000001933,20250523,2025-05-23 21:29:44,957,2,4,Mendoza,5670.0,0.0,32670.0
1000001934,20250807,2025-08-07 22:15:00,851,2,3,Santa Fe,4082.4,0.0,23522.4
1000001935,20250809,2025-08-09 00:17:49,1068,1,1,Buenos Aires,5556.6,900.0,32916.6
1000001936,20240928,2024-09-28 00:03:28,387,2,3,Santa Fe,13513.5,0.0,77863.5
1000001937,20241229,2024-12-29 09:59:00,634,1,3,Santa Fe,10614.24,1200.0,62358.24
1000001938,20240912,2024-09-12 16:43:01,533,1,3,Santa Fe,6463.8,900.0,38143.8
1000001939,20241101,2024-11-01 13:15:26,851,2,2,Córdoba,10710.0,0.0,61710.0
1000001940,20250129,2025-01-29 20:38:17,1393,1,1,Buenos Aires,2835.0,1200.0,17535.0
1000001941,20250417,2025-04-17 08:56:03,27,2,1,Buenos Aires,13075.65,0.0,75340.65
1000001942,20240625,2024-06-25 17:44:38,782,2,2,Córdoba,3142.12,0.0,18104.62
1000001943,20250120,2025-01-20 17:45:10,195,1,1,Buenos Aires,7711.2,1500.0,45931.2
1000001944,20240308,2024-03-08 14:57:41,278,2,1,Buenos Aires,7182.0,0.0,41382.0
1000001945,20250331,2025-03-31 02:57:04,904,2,2,Córdoba,2772.0,0.0,15972.0
1000001946,20250406,2025-04-06 02:37:46,555,1,1,Buenos Aires,7560.0,1200.0,44760.0
1000001947,20240617,2024-06-17 23:10:26,131,1,1,Buenos Aires,16669.8,1200.0,97249.8
1000001948,20240322,2024-03-22 08:14:14,1309,1,1,Buenos Aires,2633.4,900.0,16073.4
1000001949,20250811,2025-08-11 21:56:44,1496,1,2,Córdoba,3087.0,1200.0,18987.0
1000001950,20241017,2024-10-17 19:57:58,1260,1,2,Córdoba,4536.0,900.0,27036.0
1000001951,20240220,2024-02-20 04:29:38,9,1,1,Buenos Aires,6174.0,900.0,36474.0
1000001952,20240903,2024-09-03 00:14:51,129,1,3,Santa Fe,2513.7,0.0,14483.7
1000001953,20240711,2024-07-11 15:11:32,349,1,3,Santa Fe,6804.0,1500.0,40704.0
1000001954,20250422,2025-04-22 02:16:20,1399,2,2,Córdoba,4939.2,0.0,28459.2
1000001955,20250314,2025-03-14 10:21:05,197,2,4,Mendoza,3307.5,0.0,19057.5
1000001956,20250910,2025-09-10 13:39:54,729,2,1,Buenos Aires,2593.08,0.0,14941.08
1000001957,20240731,2024-07-31 08:28:06,414,1,1,Buenos Aires,6804.0,900.0,40104.0
1000001958,20240130,2024-01-30 16:31:15,1394,1,2,Córdoba,6583.5,900.0,38833.5
1000001959,20250415,2025-04-15 03:08:34,1380,1,1,Buenos Aires,6667.92,1200.0,39619.92
1000001960,20250301,2025-03-01 21:56:04,1087,2,4,Mendoza,12166.56,0.0,70102.56
1000001961,20250406,2025-04-06 03:09:01,1218,1,2,Córdoba,15913.8,900.0,92593.8
1000001962,20240228,2024-02-28 12:17:06,650,2,4,Mendoza,7938.0,0.0,45738.0
1000001963,20250416,2025-04-16 21:49:26,114,1,4,Mendoza,4989.6,1500.0,30249.6
1000001964,20240901,2024-09-01 06:43:07,1004,1,1,Buenos Aires,7654.5,900.0,45004.5
1000001965,20241029,2024-10-29 22:02:50,567,1,1,Buenos Aires,13163.85,1500.0,77348.85
1000001966,20240904,2024-09-04 03:37:33,967,1,2,Córdoba,8505.0,900.0,49905.0
1000001967,20250507,2025-05-07 17:29:29,944,1,1,Buenos Aires,5186.16,1200.0,31082.16
1000001968,20240923,2024-09-23 23:44:16,1150,1,1,Buenos Aires,6804.0,1200.0,40404.0
1000001969,20241025,2024-10-25 00:55:54,1301,1,1,Buenos Aires,13608.0,0.0,78408.0
1000001970,20250530,2025-05-30 22:08:44,415,2,3,Santa Fe,8505.0,0.0,49005.0
1000001971,20240828,2024-08-28 15:37:57,197,2,2,Córdoba,2835.0,0.0,16335.0
1000001972,20250615,2025-06-15 18:07:47,1280,2,3,Santa Fe,14149.8,0.0,81529.8
1000001973,20240520,2024-05-20 11:42:28,707,1,1,Buenos Aires,13356.0,0.0,76956.0
1000001974,20240922,2024-09-22 16:53:54,750,1,3,Santa Fe,6804.0,1200.0,40404.0
1000001975,20240526,2024-05-26 20:57:57,420,1,1,Buenos Aires,2633.4,900.0,16073.4
1000001976,20240406,2024-04-06 16:50:43,264,1,2,Córdoba,2469.6,0.0,14229.6
1000001977,20240706,2024-07-06 20:13:27,451,2,3,Santa Fe,9922.5,0.0,57172.5
1000001978,20240322,2024-03-22 09:29:20,554,2,2,Córdoba,8725.5,0.0,50275.5
1000001979,20240611,2024-06-11 17:44:01,863,2,2,Córdoba,13041.0,0.0,75141.0
1000001980,20240701,2024-07-01 10:57:31,1469,1,3,Santa Fe,2469.6,1200.0,15429.6
1000001981,20250727,2025-07-27 21:03:23,530,2,4,Mendoza,7560.0,0.0,43560.0
1000001982,20250808,2025-08-08 18:08:01,1191,2,2,Córdoba,9261.0,0.0,53361.0
1000001983,20240331,2024-03-31 15:25:23,258,2,3,Santa Fe,7371.0,0.0,42471.0
1000001984,20250304,2025-03-04 08:58:21,82,1,3,Santa Fe,5556.6,900.0,32916.6
1000001985,20241213,2024-12-13 20:27:34,18,1,1,Buenos Aires,2268.0,900.0,13968.0
1000001986,20240314,2024-03-14 05:32:08,282,2,2,Córdoba,5985.0,0.0,34485.0
1000001987,20240505,2024-05-05 19:09:38,1322,1,4,Mendoza,8149.68,1200.0,48157.68
1000001988,20241115,2024-11-15 00:19:27,1459,2,4,Mendoza,2593.08,0.0,14941.08
1000001989,20250731,2025-07-31 01:51:10,186,2,2,Córdoba,5670.0,0.0,32670.0
1000001990,20250103,2025-01-03 03:11:31,405,1,1,Buenos Aires,2976.75,900.0,18051.75
1000001991,20240514,2024-05-14 15:05:42,1056,1,4,Mendoza,2469.6,900.0,15129.6
1000001992,20250627,2025-06-27 03:26:43,1134,1,1,Buenos Aires,2716.56,1200.0,16852.56
1000001993,20241228,2024-12-28 02:07:38,407,1,1,Buenos Aires,4939.2,900.0,29359.2
1000001994,20240327,2024-03-27 21:54:40,280,1,1,Buenos Aires,2154.6,900.0,13314.6
1000001995,20250930,2025-09-30 08:35:41,1401,2,4,Mendoza,8334.9,0.0,48024.9
1000001996,20241129,2024-11-29 08:29:10,586,1,2,Córdoba,6463.8,1200.0,38443.8
1000001997,20241112,2024-11-12 21:09:28,359,1,1,Buenos Aires,5040.0,900.0,29940.0
1000001998,20241107,2024-11-07 08:12:39,498,1,1,Buenos Aires,5556.6,1200.0,33216.6
1000001999,20250908,2025-09-08 19:04:39,952,2,4,Mendoza,16906.05,0.0,97411.05
1000002000,20250501,2025-05-01 12:09:49,763,1,1,Buenos Aires,4939.2,900.0,29359.2
1000002001,20240809,2024-08-09 05:48:06,1454,2,2,Córdoba,6174.0,0.0,35574.0
1000002002,20250422,2025-04-22 22:07:57,388,1,1,Buenos Aires,7182.0,1200.0,42582.0
1000002003,20250704,2025-07-04 21:33:17,1047,1,1,Buenos Aires,3150.0,1200.0,19350.0
1000002004,20240603,2024-06-03 07:03:48,574,2,4,Mendoza,4939.2,0.0,28459.2
1000002005,20250723,2025-07-23 07:40:36,1108,2,2,Córdoba,15620.85,0.0,90005.85
1000002006,20241101,2024-11-01 01:00:12,791,2,2,Córdoba,4536.0,0.0,26136.0
1000002007,20240920,2024-09-20 20:08:32,353,1,1,Buenos Aires,7408.8,1200.0,43888.8
1000002008,20250624,2025-06-24 10:39:12,1162,1,1,Buenos Aires,4082.4,1500.0,25022.4
1000002009,20240823,2024-08-23 00:23:10,1062,1,1,Buenos Aires,7900.2,1200.0,46720.2
1000002010,20250126,2025-01-26 22:58:37,895,2,2,Córdoba,4309.2,0.0,24829.2
1000002011,20250821,2025-08-21 17:40:41,731,1,2,Córdoba,5827.5,900.0,34477.5
1000002012,20241110,2024-11-10 23:20:01,16,1,1,Buenos Aires,9166.5,900.0,53716.5
1000002013,20241202,2024-12-02 08:41:12,1390,2,2,Córdoba,2520.0,0.0,14520.0
1000002014,20250503,2025-05-03 23:24:34,1166,1,1,Buenos Aires,4536.0,1500.0,27636.0
1000002015,20240909,2024-09-09 22:51:51,884,2,4,Mendoza,14250.6,0.0,82110.6
1000002016,20240803,2024-08-03 09:22:43,322,1,1,Buenos Aires,8977.5,900.0,52627.5
1000002017,20240116,2024-01-16 06:39:03,177,1,1,Buenos Aires,2520.0,1200.0,15720.0
1000002018,20241003,2024-10-03 16:33:22,283,2,1,Buenos Aires,6463.8,0.0,37243.8
1000002019,20250110,2025-01-10 01:21:51,346,1,3,Santa Fe,3150.0,1200.0,19350.0
1000002020,20240616,2024-06-16 15:20:36,1170,1,1,Buenos Aires,5670.0,1200.0,33870.0
1000002021,20240520,2024-05-20 19:03:31,471,1,1,Buenos Aires,6930.0,1200.0,41130.0
1000002022,20240817,2024-08-17 09:09:29,1493,1,1,Buenos Aires,2469.6,900.0,15129.6
1000002023,20241005,2024-10-05 20:58:58,825,2,3,Santa Fe,2268.0,0.0,13068.0
1000002024,20240501,2024-05-01 17:43:45,324,1,4,Mendoza,6583.5,900.0,38833.5
1000002025,20240902,2024-09-02 12:01:34,1393,1,2,Córdoba,4989.6,1200.0,29949.6
1000002026,20250822,2025-08-22 15:40:17,645,2,1,Buenos Aires,3307.5,0.0,19057.5
1000002027,20250411,2025-04-11 19:57:08,107,1,1,Buenos Aires,11358.9,1500.0,66948.9
1000002028,20250308,2025-03-08 01:10:06,1335,1,4,Mendoza,7408.8,900.0,43588.8
1000002029,20250519,2025-05-19 17:21:29,549,1,1,Buenos Aires,4788.0,1500.0,29088.0
1000002030,20250324,2025-03-24 14:47:15,1235,1,2,Córdoba,9468.9,0.0,54558.9
1000002031,20240327,2024-03-27 14:45:40,1281,1,1,Buenos Aires,9450.0,1200.0,55650.0
1000002032,20240423,2024-04-23 14:42:42,307,1,4,Mendoza,6284.25,1500.0,37709.25
1000002033,20240407,2024-04-07 22:28:53,619,1,1,Buenos Aires,4788.0,1200.0,28788.0
1000002034,20240927,2024-09-27 11:53:08,828,1,3,Santa Fe,4536.0,1500.0,27636.0
1000002035,20240626,2024-06-26 03:15:04,477,2,1,Buenos Aires,2716.56,0.0,15652.56
1000002036,20241205,2024-12-05 18:28:50,516,1,2,Córdoba,16235.1,1500.0,95045.1
1000002037,20240520,2024-05-20 04:36:32,1324,1,1,Buenos Aires,2394.0,900.0,14694.0
1000002038,20240118,2024-01-18 11:44:33,321,1,1,Buenos Aires,9875.25,1200.0,58100.25
1000002039,20250328,2025-03-28 16:44:09,902,2,4,Mendoza,6300.0,0.0,36300.0
1000002040,20250424,2025-04-24 03:57:13,82,1,4,Mendoza,5670.0,1500.0,34170.0
1000002041,20250626,2025-06-26 12:37:07,809,1,1,Buenos Aires,4788.0,1200.0,28788.0
1000002042,20240417,2024-04-17 10:00:36,246,1,3,Santa Fe,9450.0,1200.0,55650.0
1000002043,20240302,2024-03-02 04:35:22,1235,1,3,Santa Fe,3307.5,0.0,19057.5
1000002044,20240710,2024-07-10 06:40:14,196,1,1,Buenos Aires,2394.0,0.0,13794.0
1000002045,20240531,2024-05-31 03:48:08,1163,1,1,Buenos Aires,6804.0,900.0,40104.0
1000002046,20250518,2025-05-18 07:31:18,709,2,1,Buenos Aires,6300.0,0.0,36300.0
1000002047,20241030,2024-10-30 02:27:35,382,1,1,Buenos Aires,14453.78,0.0,83281.28
1000002048,20240707,2024-07-07 10:45:12,202,1,1,Buenos Aires,15432.48,1200.0,90120.48
1000002049,20240123,2024-01-23 18:23:58,304,1,3,Santa Fe,6791.4,1200.0,40331.4
1000002050,20240111,2024-01-11 06:38:03,560,1,1,Buenos Aires,2646.0,1500.0,16746.0
1000002051,20241216,2024-12-16 13:55:39,571,2,1,Buenos Aires,2494.8,0.0,14374.8
1000002052,20241230,2024-12-30 18:36:27,131,2,1,Buenos Aires,7182.0,0.0,41382.0
1000002053,20240215,2024-02-15 06:27:13,1484,2,4,Mendoza,4536.0,0.0,26136.0
1000002054,20241210,2024-12-10 21:09:23,241,1,2,Córdoba,4536.0,900.0,27036.0
1000002055,20240827,2024-08-27 08:03:27,1098,2,2,Córdoba,13286.7,0.0,76556.7
1000002056,20240330,2024-03-30 11:06:32,835,2,1,Buenos Aires,6237.0,0.0,35937.0
1000002057,20240524,2024-05-24 07:14:32,1246,2,4,Mendoza,4536.0,0.0,26136.0
1000002058,20240219,2024-02-19 19:23:12,1499,1,4,Mendoza,5186.16,0.0,29882.16
1000002059,20250711,2025-07-11 09:05:44,919,1,1,Buenos Aires,2469.6,900.0,15129.6
1000002060,20240728,2024-07-28 17:55:52,1120,2,2,Córdoba,10385.55,0.0,59840.55
1000002061,20240302,2024-03-02 15:57:36,1364,1,2,Córdoba,7408.8,1200.0,43888.8
1000002062,20250326,2025-03-26 23:58:27,85,1,1,Buenos Aires,5985.0,1200.0,35685.0
1000002063,20240522,2024-05-22 07:15:43,971,2,1,Buenos Aires,11749.5,0.0,67699.5
1000002064,20240426,2024-04-26 05:39:19,431,2,4,Mendoza,11491.2,0.0,66211.2
1000002065,20240215,2024-02-15 14:44:47,927,2,4,Mendoza,2835.0,0.0,16335.0
1000002066,20250223,2025-02-23 07:38:20,27,1,1,Buenos Aires,9355.5,1200.0,55105.5
1000002067,20250917,2025-09-17 12:19:10,120,1,1,Buenos Aires,4939.2,1200.0,29659.2
1000002068,20250328,2025-03-28 09:07:28,917,1,1,Buenos Aires,6174.0,1200.0,36774.0
1000002069,20240326,2024-03-26 10:02:56,1138,1,1,Buenos Aires,4939.2,0.0,28459.2
1000002070,20240525,2024-05-25 07:03:02,1139,1,2,Córdoba,7541.1,1200.0,44651.1
1000002071,20250419,2025-04-19 19:40:16,588,1,4,Mendoza,8694.0,900.0,50994.0
1000002072,20241228,2024-12-28 14:26:44,1336,1,2,Córdoba,2469.6,1500.0,15729.6
1000002073,20240521,2024-05-21 08:39:03,702,1,3,Santa Fe,2835.0,0.0,16335.0
1000002074,20240930,2024-09-30 15:43:45,779,2,2,Córdoba,7560.0,0.0,43560.0
1000002075,20241227,2024-12-27 15:16:40,483,1,1,Buenos Aires,13189.68,1200.0,77197.68
1000002076,20250422,2025-04-22 20:47:28,757,2,4,Mendoza,7182.0,0.0,41382.0
1000002077,20250413,2025-04-13 20:09:51,927,2,4,Mendoza,9426.38,0.0,54313.88
1000002078,20241111,2024-11-11 03:33:49,560,1,4,Mendoza,5292.0,900.0,31392.0
1000002079,20241101,2024-11-01 00:47:07,832,1,4,Mendoza,13545.0,900.0,78945.0
1000002080,20240427,2024-04-27 22:48:33,301,1,2,Córdoba,2154.6,1500.0,13914.6
1000002081,20240504,2024-05-04 23:18:27,425,1,1,Buenos Aires,5027.4,1200.0,30167.4
1000002082,20241009,2024-10-09 02:13:12,1453,1,1,Buenos Aires,2716.56,0.0,15652.56
1000002083,20250329,2025-03-29 22:03:06,1135,1,3,Santa Fe,2154.6,1200.0,13614.6
1000002084,20250805,2025-08-05 02:59:24,149,1,2,Córdoba,5027.4,1500.0,30467.4
1000002085,20240419,2024-04-19 09:56:43,12,1,2,Córdoba,16644.6,900.0,96804.6
1000002086,20250313,2025-03-13 05:22:02,1328,1,1,Buenos Aires,3150.0,0.0,18150.0
1000002087,20240605,2024-06-05 08:46:22,492,2,2,Córdoba,6300.0,0.0,36300.0
1000002088,20250519,2025-05-19 21:24:02,343,1,1,Buenos Aires,9324.0,900.0,54624.0
1000002089,20240721,2024-07-21 06:51:12,729,2,1,Buenos Aires,5040.0,0.0,29040.0
1000002090,20240108,2024-01-08 05:29:02,1261,2,3,Santa Fe,16065.0,0.0,92565.0
1000002091,20250615,2025-06-15 15:49:31,829,2,4,Mendoza,2646.0,0.0,15246.0
1000002092,20240206,2024-02-06 12:31:39,342,1,3,Santa Fe,5985.0,1500.0,35985.0
1000002093,20240622,2024-06-22 14:02:30,944,2,4,Mendoza,15564.15,0.0,89679.15
1000002094,20240801,2024-08-01 21:02:20,1499,2,4,Mendoza,14968.8,0.0,86248.8
1000002095,20250716,2025-07-16 12:18:10,852,2,4,Mendoza,14981.4,0.0,86321.4
1000002096,20241106,2024-11-06 02:55:01,52,2,1,Buenos Aires,2693.25,0.0,15518.25
1000002097,20240325,2024-03-25 05:13:59,397,1,2,Córdoba,15939.0,900.0,92739.0
1000002098,20240213,2024-02-13 14:18:52,1111,1,1,Buenos Aires,8334.9,900.0,48924.9
1000002099,20250518,2025-05-18 10:51:05,1380,1,1,Buenos Aires,17866.8,1200.0,104146.8
1000002100,20240125,2024-01-25 15:17:41,1359,1,3,Santa Fe,18465.3,900.0,107295.3
1000002101,20240514,2024-05-14 21:13:40,332,1,1,Buenos Aires,2646.0,900.0,16146.0
1000002102,20240104,2024-01-04 06:23:57,631,1,2,Córdoba,5386.5,900.0,31936.5
1000002103,20250402,2025-04-02 18:57:15,1055,2,1,Buenos Aires,10848.6,0.0,62508.6
1000002104,20250515,2025-05-15 20:38:36,1478,1,1,Buenos Aires,2520.0,900.0,15420.0
1000002105,20240114,2024-01-14 05:43:03,831,2,2,Córdoba,9261.0,0.0,53361.0
1000002106,20250818,2025-08-18 17:39:28,1108,2,2,Córdoba,11743.2,0.0,67663.2
1000002107,20250609,2025-06-09 18:28:34,1227,2,3,Santa Fe,12442.5,0.0,71692.5
1000002108,20250718,2025-07-18 17:33:15,1049,2,4,Mendoza,14379.75,0.0,82854.75
1000002109,20240518,2024-05-18 16:10:51,582,2,3,Santa Fe,10867.5,0.0,62617.5
1000002110,20250425,2025-04-25 11:07:48,119,1,2,Córdoba,8505.0,900.0,49905.0
1000002111,20240411,2024-04-11 21:41:49,6,1,1,Buenos Aires,3395.7,1500.0,21065.7
1000002112,20250506,2025-05-06 20:24:01,736,2,2,Córdoba,8930.25,0.0,51455.25
1000002113,20250222,2025-02-22 13:16:42,611,2,2,Córdoba,6174.0,0.0,35574.0
1000002114,20240824,2024-08-24 08:42:48,921,2,1,Buenos Aires,9828.0,0.0,56628.0
1000002115,20240418,2024-04-18 08:30:42,259,1,1,Buenos Aires,3087.0,1200.0,18987.0
1000002116,20240318,2024-03-18 04:19:02,795,1,1,Buenos Aires,2693.25,1200.0,16718.25
1000002117,20240703,2024-07-03 01:24:31,5,1,1,Buenos Aires,2469.6,1200.0,15429.6
1000002118,20250314,2025-03-14 06:04:58,178,2,2,Córdoba,12348.0,0.0,71148.0
1000002119,20250307,2025-03-07 08:02:42,708,1,1,Buenos Aires,7408.8,900.0,43588.8
1000002120,20240703,2024-07-03 05:09:01,1062,1,2,Córdoba,2222.64,1500.0,14306.64
1000002121,20250215,2025-02-15 09:03:24,463,1,1,Buenos Aires,7900.2,900.0,46420.2
1000002122,20250603,2025-06-03 19:29:56,819,2,1,Buenos Aires,7182.0,0.0,41382.0
1000002123,20250808,2025-08-08 04:05:16,106,1,1,Buenos Aires,14326.2,900.0,83446.2
1000002124,20240627,2024-06-27 02:37:56,353,1,2,Córdoba,6583.5,1200.0,39133.5
1000002125,20250329,2025-03-29 04:07:56,1270,1,3,Santa Fe,10395.0,1200.0,61095.0
1000002126,20250424,2025-04-24 01:37:10,320,1,1,Buenos Aires,9450.0,900.0,55350.0
1000002127,20241130,2024-11-30 04:26:23,1053,2,3,Santa Fe,2154.6,0.0,12414.6
1000002128,20250620,2025-06-20 05:12:24,474,1,1,Buenos Aires,17892.0,0.0,103092.0
1000002129,20250412,2025-04-12 22:12:26,991,2,3,Santa Fe,2268.0,0.0,13068.0
1000002130,20250228,2025-02-28 08:17:13,161,1,1,Buenos Aires,2381.4,0.0,13721.4
1000002131,20250625,2025-06-25 00:21:13,1395,1,3,Santa Fe,19637.1,0.0,113147.1
1000002132,20250213,2025-02-13 01:33:10,937,2,4,Mendoza,4939.2,0.0,28459.2
1000002133,20240108,2024-01-08 14:30:04,373,1,1,Buenos Aires,5670.0,1200.0,33870.0
1000002134,20250812,2025-08-12 02:54:26,1001,2,2,Córdoba,4309.2,0.0,24829.2
1000002135,20240604,2024-06-04 05:10:07,399,2,4,Mendoza,11907.0,0.0,68607.0
1000002136,20240703,2024-07-03 06:05:04,663,1,2,Córdoba,7532.28,900.0,44300.28
1000002137,20240429,2024-04-29 03:30:18,240,1,1,Buenos Aires,6804.0,1200.0,40404.0
1000002138,20250109,2025-01-09 09:51:55,255,1,3,Santa Fe,8334.9,900.0,48924.9
1000002139,20240906,2024-09-06 01:49:20,1061,2,1,Buenos Aires,23700.6,0.0,136560.6
1000002140,20241105,2024-11-05 10:04:36,216,1,1,Buenos Aires,4762.8,1200.0,28642.8
1000002141,20250210,2025-02-10 12:19:56,526,1,1,Buenos Aires,7182.0,900.0,42282.0
1000002142,20240423,2024-04-23 13:49:36,1030,2,1,Buenos Aires,14345.1,0.0,82655.1
1000002143,20241122,2024-11-22 09:47:40,802,1,2,Córdoba,2992.5,900.0,18142.5
1000002144,20250310,2025-03-10 18:44:45,1337,1,2,Córdoba,8178.66,900.0,48024.66
1000002145,20250814,2025-08-14 15:15:56,690,1,1,Buenos Aires,13718.25,1500.0,80543.25
1000002146,20240814,2024-08-14 15:49:27,1323,2,3,Santa Fe,4939.2,0.0,28459.2
1000002147,20250514,2025-05-14 00:48:58,204,1,3,Santa Fe,3150.0,900.0,19050.0
1000002148,20240927,2024-09-27 18:44:05,155,1,1,Buenos Aires,7560.0,1200.0,44760.0
1000002149,20241210,2024-12-10 00:26:46,559,2,2,Córdoba,6804.0,0.0,39204.0
1000002150,20241105,2024-11-05 15:10:15,1137,1,1,Buenos Aires,4939.2,0.0,28459.2
1000002151,20240520,2024-05-20 09:11:44,132,1,1,Buenos Aires,4939.2,1200.0,29659.2
1000002152,20250826,2025-08-26 22:15:40,674,2,3,Santa Fe,4082.4,0.0,23522.4
1000002153,20240703,2024-07-03 09:27:20,747,1,2,Córdoba,2716.56,1500.0,17152.56
1000002154,20241102,2024-11-02 16:26:27,503,2,2,Córdoba,9261.0,0.0,53361.0
1000002155,20240404,2024-04-04 12:58:29,55,1,1,Buenos Aires,15019.2,900.0,87439.2
1000002156,20250909,2025-09-09 13:35:48,146,1,1,Buenos Aires,13482.0,1200.0,78882.0
1000002157,20250819,2025-08-19 02:44:31,978,2,3,Santa Fe,12436.2,0.0,71656.2
1000002158,20250411,2025-04-11 16:09:22,1414,1,1,Buenos Aires,16821.0,1200.0,98121.0
1000002159,20240411,2024-04-11 21:23:53,1406,2,1,Buenos Aires,5292.0,0.0,30492.0
1000002160,20250225,2025-02-25 08:12:09,1188,1,1,Buenos Aires,5292.0,1200.0,31692.0
1000002161,20241123,2024-11-23 02:39:32,212,1,1,Buenos Aires,14269.5,1200.0,83419.5
1000002162,20240208,2024-02-08 20:27:09,1075,2,1,Buenos Aires,6930.0,0.0,39930.0
1000002163,20250831,2025-08-31 22:05:57,974,1,1,Buenos Aires,4788.0,900.0,28488.0
1000002164,20240620,2024-06-20 05:24:37,1476,2,2,Córdoba,7541.1,0.0,43451.1
1000002165,20250126,2025-01-26 21:49:09,1438,1,2,Córdoba,3087.0,0.0,17787.0
1000002166,20240202,2024-02-02 07:32:38,1012,2,4,Mendoza,2992.5,0.0,17242.5
1000002167,20250504,2025-05-04 15:28:01,27,2,1,Buenos Aires,2646.0,0.0,15246.0
1000002168,20250122,2025-01-22 12:16:01,723,2,4,Mendoza,5670.0,0.0,32670.0
1000002169,20250913,2025-09-13 11:23:46,247,1,3,Santa Fe,7408.8,1200.0,43888.8
1000002170,20250401,2025-04-01 19:29:40,304,1,2,Córdoba,9450.0,1200.0,55650.0
1000002171,20240226,2024-02-26 23:16:10,394,1,3,Santa Fe,7678.12,900.0,45140.62
1000002172,20250109,2025-01-09 19:49:47,1485,2,2,Córdoba,2835.0,0.0,16335.0
1000002173,20240418,2024-04-18 14:40:32,1210,1,1,Buenos Aires,6300.0,0.0,36300.0
1000002174,20240107,2024-01-07 06:07:33,381,1,4,Mendoza,2469.6,900.0,15129.6
1000002175,20240310,2024-03-10 18:06:42,1108,2,3,Santa Fe,2693.25,0.0,15518.25
1000002176,20250717,2025-07-17 20:14:29,1171,2,2,Córdoba,2513.7,0.0,14483.7
1000002177,20240204,2024-02-04 11:35:03,834,2,1,Buenos Aires,14490.0,0.0,83490.0
1000002178,20250331,2025-03-31 12:30:37,746,1,2,Córdoba,2835.0,900.0,17235.0
1000002179,20240620,2024-06-20 08:24:21,796,1,1,Buenos Aires,4939.2,1200.0,29659.2
1000002180,20250730,2025-07-30 21:35:53,814,2,2,Córdoba,7541.1,0.0,43451.1
1000002181,20250820,2025-08-20 21:17:09,843,1,2,Córdoba,9450.0,1200.0,55650.0
1000002182,20250622,2025-06-22 04:05:12,218,1,1,Buenos Aires,2976.75,1200.0,18351.75
1000002183,20240216,2024-02-16 23:43:15,209,2,4,Mendoza,4788.0,0.0,27588.0
1000002184,20250618,2025-06-18 22:06:26,367,2,1,Buenos Aires,2394.0,0.0,13794.0
1000002185,20240424,2024-04-24 09:50:46,902,1,4,Mendoza,3118.5,1500.0,19468.5
1000002186,20240528,2024-05-28 09:03:26,1484,2,4,Mendoza,5241.6,0.0,30201.6
1000002187,20250123,2025-01-23 19:35:51,1094,1,1,Buenos Aires,8079.75,1500.0,48054.75
1000002188,20240119,2024-01-19 19:31:21,1113,2,3,Santa Fe,4762.8,0.0,27442.8
1000002189,20240503,2024-05-03 23:44:21,930,1,1,Buenos Aires,12310.2,0.0,70930.2
1000002190,20250412,2025-04-12 17:33:35,1135,2,1,Buenos Aires,2394.0,0.0,13794.0
1000002191,20250718,2025-07-18 22:11:12,476,1,1,Buenos Aires,8032.5,1200.0,47482.5
1000002192,20241003,2024-10-03 17:57:36,972,2,2,Córdoba,4914.0,0.0,28314.0
1000002193,20240525,2024-05-25 08:58:41,872,2,4,Mendoza,7144.2,0.0,41164.2
1000002194,20240925,2024-09-25 20:01:12,1396,2,2,Córdoba,11730.6,0.0,67590.6
1000002195,20240710,2024-07-10 13:20:09,998,2,2,Córdoba,9922.5,0.0,57172.5
1000002196,20250601,2025-06-01 20:05:41,69,1,3,Santa Fe,8505.0,1200.0,50205.0
1000002197,20250915,2025-09-15 12:53:42,873,1,1,Buenos Aires,8505.0,900.0,49905.0
1000002198,20241204,2024-12-04 16:15:54,862,2,3,Santa Fe,9276.75,0.0,53451.75
1000002199,20250401,2025-04-01 20:36:31,1029,1,2,Córdoba,6482.7,1200.0,38552.7
1000002200,20250514,2025-05-14 06:37:52,721,2,3,Santa Fe,7560.0,0.0,43560.0
1000002201,20250320,2025-03-20 19:24:33,150,2,4,Mendoza,9966.6,0.0,57426.6
1000002202,20250124,2025-01-24 02:14:04,1004,1,3,Santa Fe,5985.0,0.0,34485.0
1000002203,20250425,2025-04-25 00:00:36,450,2,1,Buenos Aires,13769.28,0.0,79337.28
1000002204,20240328,2024-03-28 11:02:16,172,2,1,Buenos Aires,6284.25,0.0,36209.25
1000002205,20250220,2025-02-20 06:43:20,1376,2,3,Santa Fe,5985.0,0.0,34485.0
1000002206,20250928,2025-09-28 18:31:30,234,2,4,Mendoza,2381.4,0.0,13721.4
1000002207,20250525,2025-05-25 08:33:36,234,1,2,Córdoba,2381.4,0.0,13721.4
1000002208,20250228,2025-02-28 03:06:56,117,1,1,Buenos Aires,8536.5,1200.0,50386.5
1000002209,20240105,2024-01-05 01:08:30,37,1,4,Mendoza,2520.0,1200.0,15720.0
1000002210,20240129,2024-01-29 13:16:08,1116,2,4,Mendoza,3150.0,0.0,18150.0
1000002211,20250414,2025-04-14 07:57:18,235,1,1,Buenos Aires,6463.8,1200.0,38443.8
1000002212,20250514,2025-05-14 06:52:58,285,1,2,Córdoba,2520.0,1200.0,15720.0
1000002213,20240301,2024-03-01 22:39:00,1188,1,3,Santa Fe,2268.0,1200.0,14268.0
1000002214,20250929,2025-09-29 00:57:20,230,2,1,Buenos Aires,18711.0,0.0,107811.0
1000002215,20250513,2025-05-13 08:12:03,1399,2,4,Mendoza,3395.7,0.0,19565.7
1000002216,20250115,2025-01-15 00:18:56,1363,1,3,Santa Fe,3150.0,1200.0,19350.0
1000002217,20241102,2024-11-02 08:27:49,855,2,3,Santa Fe,13131.72,0.0,75663.72
1000002218,20241027,2024-10-27 09:24:06,498,1,1,Buenos Aires,2268.0,900.0,13968.0
1000002219,20240606,2024-06-06 01:21:49,140,1,1,Buenos Aires,2394.0,1200.0,14994.0
1000002220,20241231,2024-12-31 02:22:27,956,2,1,Buenos Aires,8769.6,0.0,50529.6
1000002221,20240917,2024-09-17 21:47:19,235,2,1,Buenos Aires,2520.0,0.0,14520.0
1000002222,20250429,2025-04-29 18:25:06,1268,1,1,Buenos Aires,2394.0,1200.0,14994.0
1000002223,20240412,2024-04-12 08:03:42,1322,1,1,Buenos Aires,15581.16,1500.0,91277.16
1000002224,20250201,2025-02-01 20:22:39,194,1,2,Córdoba,6804.0,900.0,40104.0
1000002225,20250105,2025-01-05 19:47:48,1446,1,1,Buenos Aires,7144.2,900.0,42064.2
1000002226,20240704,2024-07-04 04:00:06,502,2,1,Buenos Aires,2520.0,0.0,14520.0
1000002227,20250130,2025-01-30 21:24:02,1410,2,3,Santa Fe,7560.0,0.0,43560.0
1000002228,20250528,2025-05-28 08:35:10,951,1,4,Mendoza,5040.0,900.0,29940.0
1000002229,20250821,2025-08-21 05:14:27,1124,1,1,Buenos Aires,11831.4,1200.0,69371.4
1000002230,20240516,2024-05-16 17:39:22,1005,2,2,Córdoba,11954.25,0.0,68879.25
1000002231,20240407,2024-04-07 10:44:23,578,2,4,Mendoza,2469.6,0.0,14229.6
1000002232,20250514,2025-05-14 15:17:22,881,1,1,Buenos Aires,8757.0,0.0,50457.0
1000002233,20250107,2025-01-07 05:43:05,865,2,3,Santa Fe,4939.2,0.0,28459.2
1000002234,20240815,2024-08-15 16:21:49,411,2,3,Santa Fe,7900.2,0.0,45520.2
1000002235,20250214,2025-02-14 06:48:15,1412,2,4,Mendoza,2381.4,0.0,13721.4
1000002236,20240114,2024-01-14 13:10:39,167,1,4,Mendoza,2394.0,1200.0,14994.0
1000002237,20240220,2024-02-20 22:28:42,623,1,1,Buenos Aires,20676.6,900.0,120036.6
1000002238,20250316,2025-03-16 17:38:15,1245,1,3,Santa Fe,10180.8,1200.0,59860.8
1000002239,20240612,2024-06-12 05:24:56,1389,1,1,Buenos Aires,2835.0,1500.0,17835.0
1000002240,20241018,2024-10-18 18:41:57,354,1,1,Buenos Aires,7144.2,900.0,42064.2
1000002241,20241209,2024-12-09 15:26:46,217,1,1,Buenos Aires,8505.0,1200.0,50205.0
1000002242,20240303,2024-03-03 02:34:05,502,2,2,Córdoba,3087.0,0.0,17787.0
1000002243,20240714,2024-07-14 02:21:27,320,1,3,Santa Fe,22283.1,1200.0,129593.1
1000002244,20250126,2025-01-26 22:39:21,590,1,1,Buenos Aires,2772.0,1200.0,17172.0
1000002245,20241012,2024-10-12 00:29:57,1358,1,1,Buenos Aires,2494.8,0.0,14374.8
1000002246,20241223,2024-12-23 02:40:50,1413,2,3,Santa Fe,5386.5,0.0,31036.5
1000002247,20250315,2025-03-15 11:02:30,1183,1,1,Buenos Aires,3150.0,1200.0,19350.0
1000002248,20240911,2024-09-11 12:45:46,1270,1,1,Buenos Aires,9426.38,1500.0,55813.88
1000002249,20250413,2025-04-13 17:23:20,991,1,3,Santa Fe,10432.8,0.0,60112.8
1000002250,20240406,2024-04-06 18:56:25,748,1,2,Córdoba,6284.25,0.0,36209.25
1000002251,20241030,2024-10-30 04:09:03,1315,1,1,Buenos Aires,8505.0,1500.0,50505.0
1000002252,20250913,2025-09-13 07:01:34,529,2,1,Buenos Aires,4536.0,0.0,26136.0
1000002253,20241219,2024-12-19 04:26:13,1186,1,1,Buenos Aires,10061.1,900.0,58871.1
1000002254,20240803,2024-08-03 13:10:59,826,1,1,Buenos Aires,13608.0,1200.0,79608.0
1000002255,20240616,2024-06-16 19:03:48,53,1,4,Mendoza,3150.0,900.0,19050.0
1000002256,20240816,2024-08-16 16:28:59,810,2,3,Santa Fe,9261.0,0.0,53361.0
1000002257,20250221,2025-02-21 16:31:41,1442,2,1,Buenos Aires,8505.0,0.0,49005.0
1000002258,20240720,2024-07-20 03:03:40,397,2,3,Santa Fe,8694.0,0.0,50094.0
1000002259,20240619,2024-06-19 15:19:36,292,1,1,Buenos Aires,2520.0,1200.0,15720.0
1000002260,20240904,2024-09-04 07:27:08,73,1,1,Buenos Aires,2520.0,900.0,15420.0
1000002261,20250930,2025-09-30 19:52:19,462,1,2,Córdoba,12285.0,900.0,71685.0
1000002262,20250729,2025-07-29 18:24:20,1441,1,2,Córdoba,2520.0,900.0,15420.0
1000002263,20240311,2024-03-11 15:21:25,696,1,1,Buenos Aires,9922.5,900.0,58072.5
1000002264,20250910,2025-09-10 06:06:45,568,2,2,Córdoba,2469.6,0.0,14229.6
1000002265,20250611,2025-06-11 01:00:12,888,1,1,Buenos Aires,7560.0,1200.0,44760.0
1000002266,20240413,2024-04-13 05:44:09,1065,2,4,Mendoza,18333.0,0.0,105633.0
1000002267,20240520,2024-05-20 04:31:12,667,1,1,Buenos Aires,16858.8,900.0,98038.8
1000002268,20250410,2025-04-10 09:17:45,156,1,1,Buenos Aires,2520.0,1200.0,15720.0
1000002269,20240117,2024-01-17 19:06:04,272,1,2,Córdoba,7408.8,900.0,43588.8
1000002270,20240927,2024-09-27 06:24:47,515,1,3,Santa Fe,13718.25,900.0,79943.25
1000002271,20241126,2024-11-26 23:04:10,1109,2,1,Buenos Aires,19259.1,0.0,110969.1
1000002272,20241101,2024-11-01 12:18:56,4,2,1,Buenos Aires,5670.0,0.0,32670.0
1000002273,20250802,2025-08-02 22:42:05,1406,2,3,Santa Fe,2520.0,0.0,14520.0
1000002274,20250324,2025-03-24 20:55:00,701,2,4,Mendoza,2693.25,0.0,15518.25
1000002275,20240920,2024-09-20 12:46:16,438,2,1,Buenos Aires,6300.0,0.0,36300.0
1000002276,20240613,2024-06-13 03:47:13,275,1,3,Santa Fe,10962.0,1200.0,64362.0
1000002277,20240403,2024-04-03 08:14:19,1054,1,3,Santa Fe,15928.92,1200.0,92980.92
1000002278,20240820,2024-08-20 11:19:06,831,2,2,Córdoba,5040.0,0.0,29040.0
1000002279,20240302,2024-03-02 09:44:31,161,2,3,Santa Fe,7900.2,0.0,45520.2
1000002280,20240112,2024-01-12 11:07:47,1379,1,2,Córdoba,5670.0,900.0,33570.0
1000002281,20241005,2024-10-05 21:13:26,1004,1,1,Buenos Aires,2494.8,0.0,14374.8
1000002282,20241016,2024-10-16 21:16:05,7,1,4,Mendoza,5386.5,1200.0,32236.5
1000002283,20240517,2024-05-17 20:15:17,728,1,1,Buenos Aires,14868.0,1200.0,86868.0
1000002284,20250202,2025-02-02 21:40:10,832,1,2,Córdoba,2835.0,1200.0,17535.0
1000002285,20250521,2025-05-21 07:38:30,177,1,4,Mendoza,4788.0,900.0,28488.0
1000002286,20250110,2025-01-10 11:00:30,526,2,2,Córdoba,4914.0,0.0,28314.0
1000002287,20240720,2024-07-20 08:30:00,312,2,1,Buenos Aires,9426.38,0.0,54313.88
1000002288,20241015,2024-10-15 02:29:41,297,1,1,Buenos Aires,14647.5,1200.0,85597.5
1000002289,20240831,2024-08-31 03:41:31,472,2,4,Mendoza,6284.25,0.0,36209.25
1000002290,20250521,2025-05-21 10:46:41,133,1,1,Buenos Aires,12549.6,900.0,73209.6
1000002291,20240314,2024-03-14 06:04:38,718,2,4,Mendoza,11642.4,0.0,67082.4
1000002292,20241212,2024-12-12 05:07:22,378,1,2,Córdoba,4788.0,1500.0,29088.0
1000002293,20240326,2024-03-26 16:45:28,1390,1,1,Buenos Aires,6174.0,1200.0,36774.0
1000002294,20240330,2024-03-30 05:12:53,1114,2,3,Santa Fe,2992.5,0.0,17242.5
1000002295,20240713,2024-07-13 05:39:53,102,2,3,Santa Fe,4445.28,0.0,25613.28
1000002296,20250530,2025-05-30 23:19:18,484,1,4,Mendoza,2469.6,0.0,14229.6
1000002297,20241222,2024-12-22 02:25:42,1297,2,2,Córdoba,7182.0,0.0,41382.0
1000002298,20240519,2024-05-19 12:30:57,716,1,2,Córdoba,4939.2,900.0,29359.2
1000002299,20240304,2024-03-04 23:51:42,1009,1,4,Mendoza,6123.6,1200.0,36483.6
1000002300,20250503,2025-05-03 11:19:54,860,1,3,Santa Fe,10395.0,1200.0,61095.0
1000002301,20240620,2024-06-20 22:27:13,118,1,2,Córdoba,2693.25,900.0,16418.25
1000002302,20240809,2024-08-09 20:46:41,891,1,1,Buenos Aires,6804.0,0.0,39204.0
1000002303,20250206,2025-02-06 05:56:30,1091,2,2,Córdoba,16027.2,0.0,92347.2
1000002304,20250324,2025-03-24 00:36:20,1373,1,1,Buenos Aires,5670.0,1200.0,33870.0
1000002305,20250206,2025-02-06 01:50:59,557,2,4,Mendoza,6111.0,0.0,35211.0
1000002306,20241121,2024-11-21 01:07:44,757,1,1,Buenos Aires,8505.0,900.0,49905.0
1000002307,20240118,2024-01-18 06:25:32,1015,1,1,Buenos Aires,7371.0,1200.0,43671.0
1000002308,20240517,2024-05-17 00:43:30,635,1,2,Córdoba,10432.8,1200.0,61312.8
1000002309,20250301,2025-03-01 19:06:17,498,1,1,Buenos Aires,3118.5,1200.0,19168.5
1000002310,20240811,2024-08-11 19:37:12,886,2,4,Mendoza,5040.0,0.0,29040.0
1000002311,20250502,2025-05-02 05:07:52,1127,2,4,Mendoza,12880.35,0.0,74215.35
1000002312,20240414,2024-04-14 06:09:58,1220,1,4,Mendoza,2520.0,1500.0,16020.0
1000002313,20241115,2024-11-15 03:46:59,16,1,1,Buenos Aires,12143.25,1200.0,71168.25
1000002314,20240319,2024-03-19 05:23:50,350,1,1,Buenos Aires,3087.0,900.0,18687.0
1000002315,20240423,2024-04-23 02:40:12,37,1,2,Córdoba,4536.0,900.0,27036.0
1000002316,20241025,2024-10-25 15:37:55,1445,1,1,Buenos Aires,2593.08,1500.0,16441.08
1000002317,20240116,2024-01-16 09:46:14,18,1,3,Santa Fe,2646.0,1200.0,16446.0
1000002318,20240408,2024-04-08 13:02:50,975,1,4,Mendoza,3087.0,0.0,17787.0
1000002319,20250210,2025-02-10 23:14:24,304,2,3,Santa Fe,3087.0,0.0,17787.0
1000002320,20250107,2025-01-07 14:46:24,1199,1,1,Buenos Aires,6804.0,0.0,39204.0
1000002321,20240422,2024-04-22 20:42:55,437,2,2,Córdoba,2394.0,0.0,13794.0
1000002322,20240621,2024-06-21 22:28:58,424,1,1,Buenos Aires,7938.0,900.0,46638.0
1000002323,20240901,2024-09-01 18:05:11,1364,1,1,Buenos Aires,6300.0,1500.0,37800.0
1000002324,20250327,2025-03-27 01:43:59,979,1,1,Buenos Aires,2268.0,900.0,13968.0
1000002325,20250702,2025-07-02 08:26:15,110,1,1,Buenos Aires,12269.25,0.0,70694.25
1000002326,20241114,2024-11-14 02:18:33,751,1,1,Buenos Aires,12967.92,900.0,75619.92
1000002327,20240628,2024-06-28 14:54:03,1427,1,1,Buenos Aires,6804.0,900.0,40104.0
1000002328,20250316,2025-03-16 13:56:28,252,1,1,Buenos Aires,5386.5,1200.0,32236.5
1000002329,20241206,2024-12-06 04:26:41,846,2,2,Córdoba,4989.6,0.0,28749.6
1000002330,20250306,2025-03-06 06:19:38,1183,1,1,Buenos Aires,2716.56,1500.0,17152.56
1000002331,20250623,2025-06-23 22:27:48,874,1,1,Buenos Aires,12606.3,900.0,73536.3
1000002332,20250801,2025-08-01 10:33:42,469,1,1,Buenos Aires,5040.0,900.0,29940.0
1000002333,20250510,2025-05-10 08:09:02,637,1,1,Buenos Aires,6300.0,1500.0,37800.0
1000002334,20250610,2025-06-10 06:21:48,1068,2,3,Santa Fe,13916.7,0.0,80186.7
1000002335,20250809,2025-08-09 14:30:34,1230,2,3,Santa Fe,2778.3,0.0,16008.3
1000002336,20250330,2025-03-30 06:46:52,249,1,1,Buenos Aires,10700.55,1500.0,63155.55
1000002337,20241201,2024-12-01 04:42:27,390,1,1,Buenos Aires,2992.5,1200.0,18442.5
1000002338,20240209,2024-02-09 21:08:40,162,2,2,Córdoba,6174.0,0.0,35574.0
1000002339,20250311,2025-03-11 00:18:46,493,2,1,Buenos Aires,5670.0,0.0,32670.0
1000002340,20241008,2024-10-08 04:43:53,1231,1,1,Buenos Aires,5266.8,900.0,31246.8
1000002341,20241102,2024-11-02 17:32:39,382,1,1,Buenos Aires,4536.0,1200.0,27336.0
1000002342,20250314,2025-03-14 15:48:22,887,1,1,Buenos Aires,4788.0,900.0,28488.0
1000002343,20250101,2025-01-01 06:53:17,949,1,1,Buenos Aires,16065.0,1200.0,93765.0
1000002344,20241015,2024-10-15 22:44:21,78,1,1,Buenos Aires,14200.2,1200.0,83020.2
1000002345,20240913,2024-09-13 06:36:01,747,1,1,Buenos Aires,2394.0,1200.0,14994.0
1000002346,20240530,2024-05-30 03:28:52,138,1,4,Mendoza,5266.8,900.0,31246.8
1000002347,20250824,2025-08-24 11:42:24,1058,1,1,Buenos Aires,9261.0,900.0,54261.0
1000002348,20250615,2025-06-15 08:06:46,189,2,2,Córdoba,7484.4,0.0,43124.4
1000002349,20250519,2025-05-19 21:57:48,507,1,3,Santa Fe,9443.7,900.0,55313.7
1000002350,20240511,2024-05-11 23:13:10,1374,2,4,Mendoza,2268.0,0.0,13068.0
1000002351,20241231,2024-12-31 03:59:57,85,1,1,Buenos Aires,7938.0,1500.0,47238.0
1000002352,20240806,2024-08-06 17:08:34,239,1,2,Córdoba,4536.0,900.0,27036.0
1000002353,20240630,2024-06-30 04:37:55,17,1,3,Santa Fe,5433.12,900.0,32205.12
1000002354,20240329,2024-03-29 23:14:35,351,1,1,Buenos Aires,6902.28,1200.0,40970.28
1000002355,20240608,2024-06-08 14:29:54,1421,1,1,Buenos Aires,5985.0,900.0,35385.0
1000002356,20240529,2024-05-29 22:16:06,719,2,2,Córdoba,4939.2,0.0,28459.2
1000002357,20240306,2024-03-06 20:55:02,58,1,1,Buenos Aires,5040.0,900.0,29940.0
1000002358,20240913,2024-09-13 13:36:02,245,1,1,Buenos Aires,7779.24,900.0,45723.24
1000002359,20250817,2025-08-17 21:56:39,1320,2,2,Córdoba,8379.0,0.0,48279.0
1000002360,20241201,2024-12-01 14:56:36,947,2,1,Buenos Aires,6930.0,0.0,39930.0
1000002361,20241005,2024-10-05 08:55:03,29,1,2,Córdoba,7408.8,1200.0,43888.8
1000002362,20240716,2024-07-16 17:43:12,375,1,1,Buenos Aires,3087.0,1200.0,18987.0
1000002363,20240210,2024-02-10 15:29:08,314,1,2,Córdoba,2835.0,900.0,17235.0
1000002364,20250421,2025-04-21 23:51:14,974,1,3,Santa Fe,5462.1,1200.0,32672.1
1000002365,20240905,2024-09-05 10:33:19,345,1,1,Buenos Aires,9415.35,900.0,55150.35
1000002366,20250405,2025-04-05 22:15:16,1331,1,1,Buenos Aires,2520.0,1200.0,15720.0
1000002367,20240824,2024-08-24 14:05:08,1008,2,1,Buenos Aires,3087.0,0.0,17787.0
1000002368,20250722,2025-07-22 15:09:05,588,2,4,Mendoza,2520.0,0.0,14520.0
1000002369,20250320,2025-03-20 19:31:25,274,1,3,Santa Fe,5985.0,1200.0,35685.0
1000002370,20240823,2024-08-23 14:19:33,1488,2,2,Córdoba,2992.5,0.0,17242.5
1000002371,20240718,2024-07-18 00:04:42,1089,1,1,Buenos Aires,7900.2,1200.0,46720.2
1000002372,20240714,2024-07-14 23:48:49,1472,1,1,Buenos Aires,4445.28,1200.0,26813.28
1000002373,20250130,2025-01-30 00:17:52,1294,1,2,Córdoba,8977.5,1200.0,52927.5
1000002374,20250324,2025-03-24 22:22:26,10,2,2,Córdoba,7207.2,0.0,41527.2
1000002375,20241115,2024-11-15 05:49:06,905,1,4,Mendoza,5670.0,1200.0,33870.0
1000002376,20241125,2024-11-25 18:32:03,392,1,1,Buenos Aires,12211.92,1500.0,71863.92
1000002377,20241018,2024-10-18 05:53:22,872,1,1,Buenos Aires,4907.7,1200.0,29477.7
1000002378,20240420,2024-04-20 22:43:06,825,1,1,Buenos Aires,7257.6,0.0,41817.6
1000002379,20240511,2024-05-11 05:01:56,625,2,3,Santa Fe,8977.5,0.0,51727.5
1000002380,20240226,2024-02-26 14:40:57,1389,1,2,Córdoba,6804.0,1500.0,40704.0
1000002381,20240519,2024-05-19 19:04:39,5,1,1,Buenos Aires,4536.0,900.0,27036.0
1000002382,20240602,2024-06-02 03:00:59,74,2,1,Buenos Aires,2716.56,0.0,15652.56
1000002383,20250912,2025-09-12 04:47:45,805,1,1,Buenos Aires,18900.0,0.0,108900.0
1000002384,20240920,2024-09-20 15:25:54,893,1,1,Buenos Aires,4536.0,1200.0,27336.0
1000002385,20250420,2025-04-20 10:31:25,347,1,1,Buenos Aires,15876.0,0.0,91476.0
1000002386,20240410,2024-04-10 09:31:41,705,2,4,Mendoza,12096.0,0.0,69696.0
1000002387,20240316,2024-03-16 06:19:26,1342,1,1,Buenos Aires,13471.92,900.0,78523.92
1000002388,20250602,2025-06-02 09:58:23,97,1,4,Mendoza,8977.5,1200.0,52927.5
1000002389,20240515,2024-05-15 06:51:52,1308,2,1,Buenos Aires,11970.0,0.0,68970.0
1000002390,20240618,2024-06-18 14:19:35,714,2,1,Buenos Aires,12121.2,0.0,69841.2
1000002391,20250809,2025-08-09 11:51:41,1357,1,2,Córdoba,7408.8,900.0,43588.8
1000002392,20250831,2025-08-31 08:31:21,1092,1,2,Córdoba,10773.0,1200.0,63273.0
1000002393,20250518,2025-05-18 23:31:11,513,2,1,Buenos Aires,5670.0,0.0,32670.0
1000002394,20250505,2025-05-05 21:20:31,263,2,2,Córdoba,2222.64,0.0,12806.64
1000002395,20250915,2025-09-15 07:10:01,437,2,4,Mendoza,7560.0,0.0,43560.0
1000002396,20240108,2024-01-08 23:49:17,1216,1,1,Buenos Aires,8316.0,900.0,48816.0
1000002397,20240615,2024-06-15 18:11:53,1391,2,3,Santa Fe,7408.8,0.0,42688.8
1000002398,20240412,2024-04-12 04:18:58,348,1,4,Mendoza,9450.0,1200.0,55650.0
1000002399,20241221,2024-12-21 01:20:36,429,1,1,Buenos Aires,5985.0,1200.0,35685.0
1000002400,20250827,2025-08-27 22:45:49,388,2,3,Santa Fe,5433.12,0.0,31305.12
1000002401,20240819,2024-08-19 21:02:13,1062,1,1,Buenos Aires,4445.28,1500.0,27113.28
1000002402,20240109,2024-01-09 22:33:03,536,1,3,Santa Fe,6804.0,900.0,40104.0
1000002403,20241117,2024-11-17 07:20:08,516,1,1,Buenos Aires,12568.5,0.0,72418.5
1000002404,20250226,2025-02-26 17:23:49,1025,2,3,Santa Fe,3150.0,0.0,18150.0
1000002405,20240116,2024-01-16 15:16:26,1405,2,1,Buenos Aires,9450.0,0.0,54450.0
1000002406,20250603,2025-06-03 17:21:29,1317,1,1,Buenos Aires,9450.0,0.0,54450.0
1000002407,20240120,2024-01-20 02:26:27,1200,2,4,Mendoza,6804.0,0.0,39204.0
1000002408,20250325,2025-03-25 18:00:19,984,2,4,Mendoza,12096.0,0.0,69696.0
1000002409,20240218,2024-02-18 05:28:27,1465,2,4,Mendoza,7484.4,0.0,43124.4
1000002410,20250913,2025-09-13 23:20:21,831,1,2,Córdoba,11249.28,1200.0,66017.28
1000002411,20241210,2024-12-10 11:25:21,1206,1,1,Buenos Aires,7938.0,900.0,46638.0
1000002412,20241003,2024-10-03 11:13:42,1431,2,4,Mendoza,18641.7,0.0,107411.7
1000002413,20250906,2025-09-06 13:56:43,1288,1,2,Córdoba,5670.0,1500.0,34170.0
1000002414,20240524,2024-05-24 14:45:10,812,1,1,Buenos Aires,6174.0,900.0,36474.0
1000002415,20250320,2025-03-20 15:01:41,587,1,3,Santa Fe,9434.25,900.0,55259.25
1000002416,20240825,2024-08-25 08:16:34,709,2,2,Córdoba,2394.0,0.0,13794.0
1000002417,20240424,2024-04-24 19:14:15,544,2,2,Córdoba,2693.25,0.0,15518.25
1000002418,20250517,2025-05-17 18:06:50,1174,2,3,Santa Fe,5103.0,0.0,29403.0
1000002419,20250308,2025-03-08 17:20:28,249,1,1,Buenos Aires,7459.2,900.0,43879.2
1000002420,20241219,2024-12-19 22:50:55,709,1,2,Córdoba,4082.4,1500.0,25022.4
1000002421,20241225,2024-12-25 00:16:15,368,2,4,Mendoza,5103.0,0.0,29403.0
1000002422,20250725,2025-07-25 23:43:06,991,1,1,Buenos Aires,6804.0,900.0,40104.0
1000002423,20240829,2024-08-29 22:35:53,217,2,1,Buenos Aires,6583.5,0.0,37933.5
1000002424,20250712,2025-07-12 16:24:30,146,1,1,Buenos Aires,8977.5,1200.0,52927.5
1000002425,20240307,2024-03-07 23:14:01,1376,1,1,Buenos Aires,4662.0,900.0,27762.0
1000002426,20240701,2024-07-01 10:37:44,583,1,1,Buenos Aires,13849.92,0.0,79801.92
1000002427,20240216,2024-02-16 05:19:01,779,1,1,Buenos Aires,11730.6,1200.0,68790.6
1000002428,20250107,2025-01-07 05:37:46,216,1,1,Buenos Aires,8961.75,1200.0,52836.75
1000002429,20250717,2025-07-17 00:50:59,1266,2,4,Mendoza,8079.75,0.0,46554.75
1000002430,20250704,2025-07-04 23:43:43,629,1,1,Buenos Aires,7389.9,1200.0,43779.9
1000002431,20250106,2025-01-06 17:19:48,245,2,4,Mendoza,4536.0,0.0,26136.0
1000002432,20250829,2025-08-29 08:32:58,1256,2,4,Mendoza,2268.0,0.0,13068.0
1000002433,20241008,2024-10-08 04:23:15,1195,1,1,Buenos Aires,7408.8,900.0,43588.8
1000002434,20240127,2024-01-27 23:19:58,191,2,3,Santa Fe,2835.0,0.0,16335.0
1000002435,20250826,2025-08-26 11:47:13,1477,1,3,Santa Fe,4989.6,900.0,29649.6
1000002436,20240402,2024-04-02 20:04:31,464,2,4,Mendoza,5040.0,0.0,29040.0
1000002437,20240717,2024-07-17 22:30:21,667,2,2,Córdoba,7408.8,0.0,42688.8
1000002438,20250424,2025-04-24 20:29:18,622,1,1,Buenos Aires,5186.16,0.0,29882.16
1000002439,20250910,2025-09-10 18:37:29,866,1,1,Buenos Aires,5743.08,900.0,33991.08
1000002440,20240503,2024-05-03 17:10:35,308,1,1,Buenos Aires,2992.5,1200.0,18442.5
1000002441,20240607,2024-06-07 09:07:22,304,2,1,Buenos Aires,11592.0,0.0,66792.0
1000002442,20240322,2024-03-22 00:47:34,1405,1,4,Mendoza,7779.24,900.0,45723.24
1000002443,20250124,2025-01-24 20:04:36,1369,2,3,Santa Fe,9450.0,0.0,54450.0
1000002444,20241113,2024-11-13 09:57:09,849,1,2,Córdoba,5481.0,1200.0,32781.0
1000002445,20250622,2025-06-22 07:34:52,658,1,3,Santa Fe,2469.6,1200.0,15429.6
1000002446,20240505,2024-05-05 19:09:10,1400,2,4,Mendoza,2646.0,0.0,15246.0
1000002447,20240404,2024-04-04 01:41:38,345,1,2,Córdoba,9450.0,900.0,55350.0
1000002448,20240920,2024-09-20 04:15:51,617,1,2,Córdoba,7182.0,900.0,42282.0
1000002449,20240926,2024-09-26 21:47:11,219,2,4,Mendoza,2494.8,0.0,14374.8
1000002450,20241001,2024-10-01 20:42:17,1253,1,1,Buenos Aires,10747.8,1200.0,63127.8
1000002451,20240109,2024-01-09 08:11:39,377,2,4,Mendoza,11844.0,0.0,68244.0
1000002452,20241201,2024-12-01 17:21:58,577,2,2,Córdoba,9450.0,0.0,54450.0
1000002453,20250327,2025-03-27 21:27:09,769,1,3,Santa Fe,6123.6,0.0,35283.6
1000002454,20250719,2025-07-19 23:26:55,209,1,2,Córdoba,8977.5,900.0,52627.5
1000002455,20240102,2024-01-02 01:37:18,449,1,4,Mendoza,18585.0,1200.0,108285.0
1000002456,20240616,2024-06-16 20:32:19,859,2,1,Buenos Aires,2222.64,0.0,12806.64
1000002457,20250427,2025-04-27 07:57:18,960,1,2,Córdoba,15561.0,1500.0,91161.0
1000002458,20241201,2024-12-01 04:16:51,1120,1,1,Buenos Aires,2835.0,1500.0,17835.0
1000002459,20250402,2025-04-02 14:31:12,993,1,1,Buenos Aires,4939.2,1200.0,29659.2
1000002460,20240727,2024-07-27 17:40:28,375,2,3,Santa Fe,7560.0,0.0,43560.0
1000002461,20241127,2024-11-27 15:40:14,421,2,2,Córdoba,3087.0,0.0,17787.0
1000002462,20241018,2024-10-18 11:05:27,1219,2,4,Mendoza,2520.0,0.0,14520.0
1000002463,20250206,2025-02-06 22:42:08,1418,2,1,Buenos Aires,5213.25,0.0,30038.25
1000002464,20250130,2025-01-30 18:30:13,1034,1,1,Buenos Aires,9450.0,1200.0,55650.0
1000002465,20241125,2024-11-25 19:00:31,801,1,1,Buenos Aires,6174.0,900.0,36474.0
1000002466,20250122,2025-01-22 20:19:18,89,2,3,Santa Fe,12700.8,0.0,73180.8
1000002467,20250725,2025-07-25 16:07:43,436,2,1,Buenos Aires,4082.4,0.0,23522.4
1000002468,20250927,2025-09-27 15:30:52,281,1,1,Buenos Aires,7182.0,900.0,42282.0
1000002469,20240729,2024-07-29 04:13:02,593,1,1,Buenos Aires,26466.62,0.0,152498.12
1000002470,20240628,2024-06-28 00:10:01,996,2,2,Córdoba,8505.0,0.0,49005.0
1000002471,20250727,2025-07-27 06:48:58,205,1,1,Buenos Aires,2513.7,1200.0,15683.7
1000002472,20240109,2024-01-09 19:45:06,520,1,4,Mendoza,8505.0,1200.0,50205.0
1000002473,20250823,2025-08-23 01:08:54,12,1,2,Córdoba,2394.0,1200.0,14994.0
1000002474,20241014,2024-10-14 10:16:14,126,1,1,Buenos Aires,9724.05,1200.0,57229.05
1000002475,20240623,2024-06-23 13:17:14,826,2,1,Buenos Aires,9426.38,0.0,54313.88
1000002476,20250326,2025-03-26 08:19:19,1062,1,1,Buenos Aires,2394.0,1500.0,15294.0
1000002477,20240119,2024-01-19 16:40:32,382,2,3,Santa Fe,6577.2,0.0,37897.2
1000002478,20240418,2024-04-18 17:56:57,668,1,2,Córdoba,2154.6,900.0,13314.6
1000002479,20250116,2025-01-16 00:38:03,1049,1,2,Córdoba,13324.5,1200.0,77974.5
1000002480,20240705,2024-07-05 17:48:05,1479,1,1,Buenos Aires,2520.0,1500.0,16020.0
1000002481,20250924,2025-09-24 13:21:30,586,2,1,Buenos Aires,2716.56,0.0,15652.56
1000002482,20250120,2025-01-20 09:07:30,983,1,1,Buenos Aires,6804.0,1200.0,40404.0
1000002483,20240621,2024-06-21 06:27:01,921,1,1,Buenos Aires,5040.0,1200.0,30240.0
1000002484,20240928,2024-09-28 22:02:54,837,1,4,Mendoza,9450.0,1200.0,55650.0
1000002485,20250906,2025-09-06 19:54:18,1404,2,4,Mendoza,8694.0,0.0,50094.0
1000002486,20241122,2024-11-22 13:59:12,605,2,4,Mendoza,7182.0,0.0,41382.0
1000002487,20240405,2024-04-05 10:16:03,836,1,1,Buenos Aires,7560.0,1200.0,44760.0
1000002488,20250506,2025-05-06 15:17:25,30,1,1,Buenos Aires,6300.0,0.0,36300.0
1000002489,20240725,2024-07-25 21:09:00,1358,1,1,Buenos Aires,2041.2,1500.0,13261.2
1000002490,20241019,2024-10-19 06:40:43,569,1,4,Mendoza,2835.0,900.0,17235.0
1000002491,20240903,2024-09-03 02:36:47,459,2,1,Buenos Aires,2593.08,0.0,14941.08
1000002492,20250816,2025-08-16 09:18:19,870,1,1,Buenos Aires,6667.92,1500.0,39919.92
1000002493,20240825,2024-08-25 21:48:40,1123,1,1,Buenos Aires,3307.5,900.0,19957.5
1000002494,20250107,2025-01-07 16:13:03,146,2,3,Santa Fe,6463.8,0.0,37243.8
1000002495,20240306,2024-03-06 03:20:12,826,2,1,Buenos Aires,11466.0,0.0,66066.0
1000002496,20240131,2024-01-31 19:48:57,1228,1,2,Córdoba,2154.6,1200.0,13614.6
1000002497,20240416,2024-04-16 03:15:22,495,1,1,Buenos Aires,9922.5,900.0,58072.5
1000002498,20240506,2024-05-06 00:43:28,1159,2,1,Buenos Aires,9450.0,0.0,54450.0
1000002499,20250612,2025-06-12 06:38:43,1344,1,1,Buenos Aires,2268.0,1200.0,14268.0
1000002500,20240926,2024-09-26 14:23:14,847,1,4,Mendoza,4536.0,900.0,27036.0
1000002501,20240926,2024-09-26 19:23:12,690,1,2,Córdoba,5433.12,0.0,31305.12
1000002502,20250613,2025-06-13 08:26:48,985,1,1,Buenos Aires,3087.0,1200.0,18987.0
1000002503,20250315,2025-03-15 23:34:32,1413,2,2,Córdoba,5953.5,0.0,34303.5
1000002504,20240406,2024-04-06 21:17:26,1280,2,3,Santa Fe,2976.75,0.0,17151.75
1000002505,20250319,2025-03-19 04:40:21,1130,1,4,Mendoza,27688.5,900.0,160438.5
1000002506,20250702,2025-07-02 19:22:08,247,1,1,Buenos Aires,6123.6,1200.0,36483.6
1000002507,20250831,2025-08-31 07:24:57,666,2,1,Buenos Aires,2394.0,0.0,13794.0
1000002508,20240804,2024-08-04 14:30:59,995,1,1,Buenos Aires,13362.3,900.0,77892.3
1000002509,20250429,2025-04-29 15:18:48,1081,1,1,Buenos Aires,5040.0,0.0,29040.0
1000002510,20241015,2024-10-15 03:32:02,723,1,2,Córdoba,2394.0,900.0,14694.0
1000002511,20240319,2024-03-19 11:39:27,1284,2,1,Buenos Aires,2469.6,0.0,14229.6
1000002512,20241216,2024-12-16 18:03:29,1372,2,4,Mendoza,8977.5,0.0,51727.5
1000002513,20241029,2024-10-29 09:06:51,397,1,4,Mendoza,2268.0,1500.0,14568.0
1000002514,20240711,2024-07-11 22:02:59,508,1,1,Buenos Aires,9922.5,0.0,57172.5
1000002515,20250526,2025-05-26 00:30:41,1212,2,1,Buenos Aires,7560.0,0.0,43560.0
1000002516,20240228,2024-02-28 06:46:18,765,1,1,Buenos Aires,4536.0,1500.0,27636.0
1000002517,20250215,2025-02-15 17:07:51,444,1,3,Santa Fe,5433.12,0.0,31305.12
1000002518,20240819,2024-08-19 21:40:43,798,1,1,Buenos Aires,2469.6,1200.0,15429.6
1000002519,20240804,2024-08-04 11:32:54,1380,2,2,Córdoba,2520.0,0.0,14520.0
1000002520,20240624,2024-06-24 15:27:33,260,1,2,Córdoba,8316.0,1200.0,49116.0
1000002521,20250716,2025-07-16 17:57:08,25,1,3,Santa Fe,9450.0,900.0,55350.0
1000002522,20250711,2025-07-11 13:04:12,1301,2,2,Córdoba,2835.0,0.0,16335.0
1000002523,20240411,2024-04-11 09:07:32,600,2,4,Mendoza,6482.7,0.0,37352.7
1000002524,20240229,2024-02-29 03:51:14,678,1,1,Buenos Aires,14812.88,900.0,86250.38
1000002525,20250730,2025-07-30 15:42:08,1500,1,2,Córdoba,16669.8,1200.0,97249.8
1000002526,20250403,2025-04-03 05:05:38,1414,1,3,Santa Fe,6237.0,900.0,36837.0
1000002527,20250615,2025-06-15 13:05:15,490,1,2,Córdoba,5611.72,900.0,33234.22
1000002528,20250329,2025-03-29 18:12:31,932,1,1,Buenos Aires,6123.6,900.0,36183.6
1000002529,20240216,2024-02-16 04:23:37,812,2,1,Buenos Aires,14149.8,0.0,81529.8
1000002530,20240908,2024-09-08 03:16:31,1160,1,3,Santa Fe,5027.4,900.0,29867.4
1000002531,20250107,2025-01-07 13:27:36,290,1,1,Buenos Aires,4445.28,1200.0,26813.28
1000002532,20250613,2025-06-13 21:00:20,891,1,1,Buenos Aires,2976.75,1200.0,18351.75
1000002533,20240609,2024-06-09 01:32:07,870,1,3,Santa Fe,7144.2,900.0,42064.2
1000002534,20240109,2024-01-09 01:00:31,991,2,2,Córdoba,5115.6,0.0,29475.6
1000002535,20240430,2024-04-30 02:37:56,793,1,1,Buenos Aires,8935.92,1500.0,52987.92
1000002536,20240617,2024-06-17 11:14:45,741,1,2,Córdoba,2693.25,900.0,16418.25
1000002537,20250502,2025-05-02 01:39:02,229,1,1,Buenos Aires,4939.2,900.0,29359.2
1000002538,20240207,2024-02-07 13:36:27,177,2,2,Córdoba,5027.4,0.0,28967.4
1000002539,20240310,2024-03-10 16:23:52,706,1,1,Buenos Aires,3118.5,1200.0,19168.5
1000002540,20240305,2024-03-05 12:34:35,665,1,1,Buenos Aires,8207.64,900.0,48191.64
1000002541,20241228,2024-12-28 20:34:12,510,2,2,Córdoba,6804.0,0.0,39204.0
1000002542,20240914,2024-09-14 12:11:09,1172,1,1,Buenos Aires,4536.0,0.0,26136.0
1000002543,20241121,2024-11-21 10:22:50,392,2,2,Córdoba,9450.0,0.0,54450.0
1000002544,20250522,2025-05-22 16:07:59,163,1,1,Buenos Aires,2520.0,1200.0,15720.0
1000002545,20250113,2025-01-13 09:15:13,918,1,1,Buenos Aires,5103.0,0.0,29403.0
1000002546,20240209,2024-02-09 05:14:09,788,2,2,Córdoba,4945.5,0.0,28495.5
1000002547,20240719,2024-07-19 11:11:03,1008,1,3,Santa Fe,5985.0,1200.0,35685.0
1000002548,20250912,2025-09-12 00:58:59,157,1,1,Buenos Aires,13740.3,900.0,80070.3
1000002549,20240505,2024-05-05 07:15:18,1387,1,1,Buenos Aires,10716.3,1200.0,62946.3
1000002550,20250709,2025-07-09 12:18:38,448,1,1,Buenos Aires,8149.68,900.0,47857.68
1000002551,20240727,2024-07-27 12:42:23,180,1,3,Santa Fe,2593.08,1200.0,16141.08
1000002552,20240918,2024-09-18 21:58:07,988,1,1,Buenos Aires,3142.12,900.0,19004.62
1000002553,20250918,2025-09-18 06:53:21,1133,1,2,Córdoba,7408.8,1200.0,43888.8
1000002554,20240706,2024-07-06 17:00:25,441,1,1,Buenos Aires,8505.0,1200.0,50205.0
1000002555,20240803,2024-08-03 13:49:37,44,1,2,Córdoba,4536.0,1200.0,27336.0
1000002556,20250521,2025-05-21 23:48:11,194,1,1,Buenos Aires,2041.2,0.0,11761.2
1000002557,20240513,2024-05-13 14:53:07,622,1,1,Buenos Aires,11229.75,1200.0,65904.75
1000002558,20250218,2025-02-18 16:20:37,81,1,2,Córdoba,7144.2,900.0,42064.2
1000002559,20250825,2025-08-25 16:02:57,525,1,1,Buenos Aires,5186.16,1200.0,31082.16
1000002560,20250503,2025-05-03 12:10:55,204,2,2,Córdoba,9450.0,0.0,54450.0
1000002561,20241201,2024-12-01 04:39:01,1393,2,2,Córdoba,5670.0,0.0,32670.0
1000002562,20240621,2024-06-21 18:06:53,1057,1,1,Buenos Aires,7144.2,1500.0,42664.2
1000002563,20241219,2024-12-19 19:13:07,310,1,4,Mendoza,22204.35,1200.0,129139.35
1000002564,20240116,2024-01-16 20:36:13,358,1,4,Mendoza,7484.4,1500.0,44624.4
1000002565,20240711,2024-07-11 18:18:47,1271,1,1,Buenos Aires,9979.2,900.0,58399.2
1000002566,20250517,2025-05-17 20:17:55,1158,1,2,Córdoba,5103.0,900.0,30303.0
1000002567,20250703,2025-07-03 06:01:10,492,2,4,Mendoza,6174.0,0.0,35574.0
1000002568,20250122,2025-01-22 03:48:33,1207,1,1,Buenos Aires,4788.0,900.0,28488.0
1000002569,20250509,2025-05-09 08:55:14,1015,2,3,Santa Fe,2646.0,0.0,15246.0
1000002570,20241218,2024-12-18 20:25:34,698,2,2,Córdoba,9878.4,0.0,56918.4
1000002571,20250210,2025-02-10 18:24:39,860,2,4,Mendoza,7827.12,0.0,45099.12
1000002572,20250103,2025-01-03 22:08:09,1258,1,1,Buenos Aires,12162.15,900.0,70977.15
1000002573,20241118,2024-11-18 11:54:56,1032,1,2,Córdoba,8977.5,1200.0,52927.5
1000002574,20250914,2025-09-14 09:11:25,26,1,1,Buenos Aires,4939.2,1200.0,29659.2
1000002575,20240727,2024-07-27 05:50:06,268,1,1,Buenos Aires,13986.0,900.0,81486.0
1000002576,20240503,2024-05-03 15:03:58,1242,1,2,Córdoba,7144.2,1200.0,42364.2
1000002577,20240406,2024-04-06 19:45:07,393,1,4,Mendoza,12600.0,0.0,72600.0
1000002578,20240911,2024-09-11 18:07:00,99,2,4,Mendoza,2268.0,0.0,13068.0
1000002579,20250921,2025-09-21 08:06:08,518,1,2,Córdoba,5103.0,0.0,29403.0
1000002580,20240906,2024-09-06 17:24:59,420,1,4,Mendoza,12005.28,1500.0,70673.28
1000002581,20240303,2024-03-03 06:11:23,323,2,3,Santa Fe,7849.8,0.0,45229.8
1000002582,20240223,2024-02-23 03:57:02,1359,1,1,Buenos Aires,10596.6,900.0,61956.6
1000002583,20250131,2025-01-31 07:30:56,988,1,2,Córdoba,9576.0,900.0,56076.0
1000002584,20250207,2025-02-07 19:51:47,687,2,3,Santa Fe,2835.0,0.0,16335.0
1000002585,20240624,2024-06-24 03:19:35,395,1,1,Buenos Aires,5040.0,1200.0,30240.0
1000002586,20241220,2024-12-20 01:16:43,35,2,3,Santa Fe,5544.0,0.0,31944.0
1000002587,20250304,2025-03-04 12:56:14,264,2,2,Córdoba,15498.0,0.0,89298.0
1000002588,20241013,2024-10-13 14:24:56,1085,1,1,Buenos Aires,4536.0,900.0,27036.0
1000002589,20241112,2024-11-12 09:43:53,1023,1,1,Buenos Aires,8505.0,900.0,49905.0
1000002590,20250209,2025-02-09 13:50:13,789,1,3,Santa Fe,17325.0,900.0,100725.0
1000002591,20250720,2025-07-20 10:31:52,524,2,2,Córdoba,14364.0,0.0,82764.0
1000002592,20240615,2024-06-15 04:12:56,189,1,1,Buenos Aires,9563.4,0.0,55103.4
1000002593,20250524,2025-05-24 08:48:18,806,2,4,Mendoza,10395.0,0.0,59895.0
1000002594,20240924,2024-09-24 00:22:39,1241,1,2,Córdoba,9450.0,1500.0,55950.0
1000002595,20240208,2024-02-08 21:14:32,1210,1,2,Córdoba,5670.0,1200.0,33870.0
1000002596,20250626,2025-06-26 15:56:02,1034,1,2,Córdoba,8284.5,1500.0,49234.5
1000002597,20250622,2025-06-22 13:53:07,653,2,1,Buenos Aires,5985.0,0.0,34485.0
1000002598,20240420,2024-04-20 01:51:51,662,2,1,Buenos Aires,2520.0,0.0,14520.0
1000002599,20241007,2024-10-07 17:49:11,726,2,3,Santa Fe,6300.0,0.0,36300.0
1000002600,20250216,2025-02-16 10:47:43,1306,1,1,Buenos Aires,9724.05,0.0,56029.05
1000002601,20240525,2024-05-25 05:08:37,1383,2,3,Santa Fe,13797.0,0.0,79497.0
1000002602,20250730,2025-07-30 13:21:25,489,1,1,Buenos Aires,2992.5,900.0,18142.5
1000002603,20250705,2025-07-05 16:24:43,1476,1,1,Buenos Aires,15781.5,900.0,91831.5
1000002604,20240524,2024-05-24 04:53:20,90,2,3,Santa Fe,4788.0,0.0,27588.0
1000002605,20240118,2024-01-18 21:57:57,938,1,1,Buenos Aires,6300.0,1200.0,37500.0
1000002606,20240115,2024-01-15 00:06:43,1239,1,1,Buenos Aires,2772.0,900.0,16872.0
1000002607,20240804,2024-08-04 13:24:40,594,2,4,Mendoza,6174.0,0.0,35574.0
1000002608,20240617,2024-06-17 09:55:39,1277,2,4,Mendoza,7484.4,0.0,43124.4
1000002609,20250821,2025-08-21 02:26:06,1386,1,4,Mendoza,7182.0,1500.0,42882.0
1000002610,20241105,2024-11-05 16:19:19,88,1,1,Buenos Aires,4536.0,1500.0,27636.0
1000002611,20241029,2024-10-29 07:00:45,1274,1,3,Santa Fe,22891.68,1500.0,133399.68
1000002612,20250718,2025-07-18 09:32:55,1083,2,2,Córdoba,4939.2,0.0,28459.2
1000002613,20240816,2024-08-16 18:31:01,405,1,3,Santa Fe,2268.0,1200.0,14268.0
1000002614,20250217,2025-02-17 14:09:30,1206,2,1,Buenos Aires,7633.08,0.0,43981.08
1000002615,20240925,2024-09-25 13:03:33,427,1,3,Santa Fe,7182.0,0.0,41382.0
1000002616,20250915,2025-09-15 00:02:47,1230,1,1,Buenos Aires,11340.0,900.0,66240.0
1000002617,20250519,2025-05-19 07:07:00,119,2,3,Santa Fe,11529.0,0.0,66429.0
1000002618,20240619,2024-06-19 05:43:45,1305,1,1,Buenos Aires,5040.0,1500.0,30540.0
1000002619,20250918,2025-09-18 11:27:19,1274,2,3,Santa Fe,2154.6,0.0,12414.6
1000002620,20240321,2024-03-21 10:52:39,77,1,2,Córdoba,6237.0,900.0,36837.0
1000002621,20250411,2025-04-11 19:55:49,136,1,1,Buenos Aires,5680.08,900.0,33628.08
1000002622,20240315,2024-03-15 00:28:38,782,2,2,Córdoba,8079.75,0.0,46554.75
1000002623,20240718,2024-07-18 01:50:26,293,1,4,Mendoza,8149.68,1500.0,48457.68
1000002624,20241104,2024-11-04 08:56:16,481,2,3,Santa Fe,6804.0,0.0,39204.0
1000002625,20250202,2025-02-02 07:35:35,593,1,1,Buenos Aires,2772.0,1200.0,17172.0
1000002626,20240521,2024-05-21 19:07:47,617,1,2,Córdoba,14490.0,900.0,84390.0
1000002627,20241106,2024-11-06 07:08:42,1021,2,1,Buenos Aires,6300.0,0.0,36300.0
1000002628,20240411,2024-04-11 16:52:10,382,2,2,Córdoba,7484.4,0.0,43124.4
1000002629,20241101,2024-11-01 23:57:21,1356,2,4,Mendoza,2772.0,0.0,15972.0
1000002630,20250512,2025-05-12 14:52:21,464,1,1,Buenos Aires,9891.0,1200.0,58191.0
1000002631,20240127,2024-01-27 12:05:35,618,1,1,Buenos Aires,6583.5,1500.0,39433.5
1000002632,20241022,2024-10-22 03:43:34,950,2,3,Santa Fe,9941.4,0.0,57281.4
1000002633,20240607,2024-06-07 01:00:11,1371,2,1,Buenos Aires,7408.8,0.0,42688.8
1000002634,20240222,2024-02-22 18:11:42,1007,2,2,Córdoba,10974.6,0.0,63234.6
1000002635,20250424,2025-04-24 20:20:04,48,1,1,Buenos Aires,8149.68,0.0,46957.68
1000002636,20241209,2024-12-09 12:35:54,1231,2,2,Córdoba,9450.0,0.0,54450.0
1000002637,20240628,2024-06-28 16:56:36,1143,2,2,Córdoba,11340.0,0.0,65340.0
1000002638,20250227,2025-02-27 11:38:33,1374,2,3,Santa Fe,4536.0,0.0,26136.0
1000002639,20241109,2024-11-09 05:53:01,1014,1,4,Mendoza,8930.25,1200.0,52655.25
1000002640,20241209,2024-12-09 08:00:02,1161,1,1,Buenos Aires,2394.0,1500.0,15294.0
1000002641,20240603,2024-06-03 01:31:03,423,1,1,Buenos Aires,6804.0,900.0,40104.0
1000002642,20240110,2024-01-10 18:12:11,52,1,2,Córdoba,6615.0,1500.0,39615.0
1000002643,20250727,2025-07-27 09:22:13,1112,1,2,Córdoba,7532.28,1200.0,44600.28
1000002644,20240901,2024-09-01 12:26:03,1046,1,4,Mendoza,6174.0,900.0,36474.0
1000002645,20241226,2024-12-26 05:50:54,555,2,3,Santa Fe,16669.8,0.0,96049.8
1000002646,20250222,2025-02-22 07:26:58,24,1,2,Córdoba,5985.0,900.0,35385.0
1000002647,20240511,2024-05-11 00:13:39,506,2,2,Córdoba,4788.0,0.0,27588.0
1000002648,20241202,2024-12-02 11:23:05,1211,1,1,Buenos Aires,7010.64,1500.0,41894.64
1000002649,20240717,2024-07-17 23:10:32,859,1,2,Córdoba,9891.0,900.0,57891.0
1000002650,20241110,2024-11-10 06:54:49,1376,1,1,Buenos Aires,2551.5,1200.0,15901.5
1000002651,20250604,2025-06-04 23:44:14,83,2,1,Buenos Aires,13318.2,0.0,76738.2
1000002652,20250830,2025-08-30 19:31:55,284,1,2,Córdoba,6804.0,1500.0,40704.0
1000002653,20250202,2025-02-02 16:55:46,517,2,1,Buenos Aires,2394.0,0.0,13794.0
1000002654,20240406,2024-04-06 16:46:25,521,2,1,Buenos Aires,8977.5,0.0,51727.5
1000002655,20240126,2024-01-26 21:23:44,585,1,2,Córdoba,14049.0,900.0,81849.0
1000002656,20240812,2024-08-12 02:04:34,282,2,3,Santa Fe,9261.0,0.0,53361.0
1000002657,20250509,2025-05-09 17:54:54,1234,2,1,Buenos Aires,5266.8,0.0,30346.8
1000002658,20240602,2024-06-02 04:21:06,1350,2,4,Mendoza,17803.8,0.0,102583.8
1000002659,20250504,2025-05-04 11:09:03,31,1,1,Buenos Aires,16764.3,1200.0,97794.3
1000002660,20241224,2024-12-24 21:02:16,1356,1,3,Santa Fe,5670.0,900.0,33570.0
1000002661,20250314,2025-03-14 08:32:42,1392,1,2,Córdoba,4445.28,900.0,26513.28
1000002662,20250419,2025-04-19 06:44:49,702,2,4,Mendoza,5556.6,0.0,32016.6
1000002663,20240121,2024-01-21 03:58:44,1414,1,1,Buenos Aires,2520.0,1200.0,15720.0
1000002664,20240722,2024-07-22 06:07:37,216,1,1,Buenos Aires,5953.5,900.0,35203.5
1000002665,20250224,2025-02-24 03:11:06,87,1,1,Buenos Aires,3118.5,0.0,17968.5
1000002666,20240803,2024-08-03 11:51:10,173,2,2,Córdoba,6300.0,0.0,36300.0
1000002667,20240202,2024-02-02 18:24:01,767,2,2,Córdoba,2778.3,0.0,16008.3
1000002668,20250927,2025-09-27 12:35:56,49,1,1,Buenos Aires,16222.5,1200.0,94672.5
1000002669,20250103,2025-01-03 03:05:06,706,1,1,Buenos Aires,10395.0,1200.0,61095.0
1000002670,20241215,2024-12-15 12:09:39,1456,1,1,Buenos Aires,8253.0,900.0,48453.0
1000002671,20250918,2025-09-18 01:05:31,87,2,1,Buenos Aires,4445.28,0.0,25613.28
1000002672,20250303,2025-03-03 15:19:34,1066,2,3,Santa Fe,6463.8,0.0,37243.8
1000002673,20240504,2024-05-04 21:55:44,1398,2,3,Santa Fe,2268.0,0.0,13068.0
1000002674,20240911,2024-09-11 07:26:58,544,1,2,Córdoba,13734.0,0.0,79134.0
1000002675,20240511,2024-05-11 14:07:27,135,1,1,Buenos Aires,5985.0,900.0,35385.0
1000002676,20250106,2025-01-06 17:04:00,806,1,3,Santa Fe,6174.0,1200.0,36774.0
1000002677,20250504,2025-05-04 07:51:36,1230,1,1,Buenos Aires,7434.0,900.0,43734.0
1000002678,20240305,2024-03-05 01:41:15,995,1,3,Santa Fe,13872.6,0.0,79932.6
1000002679,20250427,2025-04-27 04:54:58,629,2,1,Buenos Aires,7408.8,0.0,42688.8
1000002680,20240630,2024-06-30 04:24:14,1312,1,1,Buenos Aires,2992.5,900.0,18142.5
1000002681,20250201,2025-02-01 22:04:20,1339,1,4,Mendoza,8190.0,900.0,48090.0
1000002682,20241122,2024-11-22 14:31:19,1172,2,3,Santa Fe,3142.12,0.0,18104.62
1000002683,20240113,2024-01-13 19:31:00,1064,2,3,Santa Fe,2268.0,0.0,13068.0
1000002684,20250805,2025-08-05 02:13:55,913,2,2,Córdoba,2835.0,0.0,16335.0
1000002685,20250704,2025-07-04 01:24:22,295,1,1,Buenos Aires,9450.0,0.0,54450.0
1000002686,20241025,2024-10-25 15:44:46,461,1,2,Córdoba,9261.0,0.0,53361.0
1000002687,20250627,2025-06-27 18:23:49,326,1,3,Santa Fe,18055.8,900.0,104935.8
1000002688,20240403,2024-04-03 13:01:59,971,1,1,Buenos Aires,13091.4,1200.0,76631.4
1000002689,20240617,2024-06-17 20:31:49,70,2,4,Mendoza,6791.4,0.0,39131.4
1000002690,20240303,2024-03-03 09:35:05,415,1,1,Buenos Aires,2992.5,0.0,17242.5
1000002691,20240305,2024-03-05 14:23:18,292,2,3,Santa Fe,2992.5,0.0,17242.5
1000002692,20250917,2025-09-17 00:40:30,717,1,1,Buenos Aires,9878.4,900.0,57818.4
1000002693,20250831,2025-08-31 10:11:15,904,1,1,Buenos Aires,14389.2,1200.0,84109.2
1000002694,20250921,2025-09-21 19:03:08,437,1,1,Buenos Aires,14156.1,900.0,82466.1
1000002695,20250821,2025-08-21 08:11:24,1396,2,3,Santa Fe,5386.5,0.0,31036.5
1000002696,20250607,2025-06-07 11:16:51,393,1,1,Buenos Aires,6300.0,900.0,37200.0
1000002697,20250923,2025-09-23 10:40:08,1289,1,1,Buenos Aires,14836.5,900.0,86386.5
1000002698,20240704,2024-07-04 03:00:05,394,2,3,Santa Fe,2268.0,0.0,13068.0
1000002699,20241208,2024-12-08 19:47:59,1413,2,2,Córdoba,12348.0,0.0,71148.0
1000002700,20240817,2024-08-17 07:27:15,1157,2,1,Buenos Aires,9702.0,0.0,55902.0
1000002701,20250912,2025-09-12 15:53:00,1308,1,2,Córdoba,13267.8,1200.0,77647.8
1000002702,20241008,2024-10-08 11:50:10,628,1,1,Buenos Aires,2154.6,900.0,13314.6
1000002703,20241207,2024-12-07 16:02:40,317,1,3,Santa Fe,9426.38,1200.0,55513.88
1000002704,20240708,2024-07-08 15:19:17,55,2,1,Buenos Aires,10187.1,0.0,58697.1
1000002705,20250720,2025-07-20 18:55:37,339,2,1,Buenos Aires,8958.6,0.0,51618.6
1000002706,20241220,2024-12-20 06:30:31,1277,1,4,Mendoza,8404.2,1200.0,49624.2
1000002707,20240404,2024-04-04 13:12:08,823,1,3,Santa Fe,7408.8,900.0,43588.8
1000002708,20240317,2024-03-17 15:23:01,272,1,1,Buenos Aires,7560.0,0.0,43560.0
1000002709,20240704,2024-07-04 06:07:39,1147,1,1,Buenos Aires,10483.2,900.0,61303.2
1000002710,20250109,2025-01-09 18:12:54,594,2,1,Buenos Aires,4536.0,0.0,26136.0
1000002711,20241216,2024-12-16 13:57:41,639,1,1,Buenos Aires,4989.6,900.0,29649.6
1000002712,20250906,2025-09-06 14:32:19,172,1,2,Córdoba,3241.35,0.0,18676.35
1000002713,20250831,2025-08-31 23:10:31,1182,1,2,Córdoba,3307.5,0.0,19057.5
1000002714,20250203,2025-02-03 11:02:51,35,1,1,Buenos Aires,3465.0,1200.0,21165.0
1000002715,20240216,2024-02-16 20:39:46,572,2,1,Buenos Aires,7512.75,0.0,43287.75
1000002716,20250125,2025-01-25 12:53:48,816,1,1,Buenos Aires,7333.2,1500.0,43753.2
1000002717,20240610,2024-06-10 01:45:48,359,1,1,Buenos Aires,11781.0,0.0,67881.0
1000002718,20250522,2025-05-22 05:43:36,272,1,1,Buenos Aires,9053.1,0.0,52163.1
1000002719,20250622,2025-06-22 10:33:02,402,2,4,Mendoza,2222.64,0.0,12806.64
1000002720,20240323,2024-03-23 04:32:44,1137,1,1,Buenos Aires,4762.8,0.0,27442.8
1000002721,20240614,2024-06-14 01:58:01,1267,2,3,Santa Fe,18459.0,0.0,106359.0
1000002722,20241116,2024-11-16 18:02:42,603,1,3,Santa Fe,7560.0,1200.0,44760.0
1000002723,20240915,2024-09-15 04:51:29,606,2,4,Mendoza,4536.0,0.0,26136.0
1000002724,20241214,2024-12-14 11:16:34,1268,1,3,Santa Fe,6300.0,1200.0,37500.0
1000002725,20250816,2025-08-16 19:43:14,1393,1,1,Buenos Aires,2646.0,0.0,15246.0
1000002726,20250710,2025-07-10 09:57:03,1486,1,3,Santa Fe,10187.1,0.0,58697.1
1000002727,20250413,2025-04-13 07:30:28,1453,1,4,Mendoza,2835.0,0.0,16335.0
1000002728,20241123,2024-11-23 23:36:55,1352,1,2,Córdoba,4788.0,900.0,28488.0
1000002729,20240403,2024-04-03 21:04:39,1357,2,1,Buenos Aires,7182.0,0.0,41382.0
1000002730,20250120,2025-01-20 23:59:22,725,2,1,Buenos Aires,2394.0,0.0,13794.0
1000002731,20250909,2025-09-09 21:39:47,260,2,3,Santa Fe,6791.4,0.0,39131.4
1000002732,20250202,2025-02-02 06:45:53,378,2,3,Santa Fe,13230.0,0.0,76230.0
1000002733,20250117,2025-01-17 12:07:01,1425,1,1,Buenos Aires,17375.4,1200.0,101315.4
1000002734,20240706,2024-07-06 07:41:29,85,1,2,Córdoba,16915.5,0.0,97465.5
1000002735,20250909,2025-09-09 18:56:28,1313,2,3,Santa Fe,9355.5,0.0,53905.5
1000002736,20250118,2025-01-18 23:14:15,704,2,4,Mendoza,12096.0,0.0,69696.0
1000002737,20241014,2024-10-14 15:59:35,1133,2,2,Córdoba,8845.2,0.0,50965.2
1000002738,20250223,2025-02-23 16:03:02,176,1,3,Santa Fe,14411.25,0.0,83036.25
1000002739,20240710,2024-07-10 06:04:30,264,1,3,Santa Fe,7010.64,1200.0,41594.64
1000002740,20240521,2024-05-21 02:19:57,882,2,1,Buenos Aires,9550.8,0.0,55030.8
1000002741,20250907,2025-09-07 10:40:31,529,1,1,Buenos Aires,12773.25,900.0,74498.25
1000002742,20240702,2024-07-02 06:57:25,511,2,1,Buenos Aires,7654.5,0.0,44104.5
1000002743,20241026,2024-10-26 14:07:34,1192,2,4,Mendoza,8505.0,0.0,49005.0
1000002744,20250609,2025-06-09 17:05:21,866,2,2,Córdoba,6482.7,0.0,37352.7
1000002745,20250326,2025-03-26 22:02:59,147,1,4,Mendoza,7182.0,1500.0,42882.0
1000002746,20240114,2024-01-14 08:56:01,846,2,2,Córdoba,7938.0,0.0,45738.0
1000002747,20250425,2025-04-25 01:58:44,487,1,3,Santa Fe,13645.8,900.0,79525.8
1000002748,20241108,2024-11-08 19:28:24,1252,2,4,Mendoza,7509.6,0.0,43269.6
1000002749,20241110,2024-11-10 06:43:04,746,2,1,Buenos Aires,20094.48,0.0,115782.48
1000002750,20250801,2025-08-01 19:58:25,760,1,2,Córdoba,6463.8,1200.0,38443.8
1000002751,20250808,2025-08-08 04:57:32,414,2,1,Buenos Aires,7859.88,0.0,45287.88
1000002752,20240606,2024-06-06 06:06:16,180,2,3,Santa Fe,16065.0,0.0,92565.0
1000002753,20240624,2024-06-24 02:03:40,369,1,1,Buenos Aires,17134.74,900.0,99628.74
1000002754,20241210,2024-12-10 18:43:11,1391,1,1,Buenos Aires,8740.62,900.0,51262.62
1000002755,20240623,2024-06-23 02:13:24,1181,1,4,Mendoza,2646.0,900.0,16146.0
1000002756,20240728,2024-07-28 16:09:34,841,1,1,Buenos Aires,2992.5,900.0,18142.5
1000002757,20250328,2025-03-28 03:34:11,282,1,1,Buenos Aires,6804.0,1200.0,40404.0
1000002758,20240623,2024-06-23 13:18:46,1491,1,1,Buenos Aires,9544.5,900.0,55894.5
1000002759,20240825,2024-08-25 22:38:27,787,2,2,Córdoba,9261.0,0.0,53361.0
1000002760,20250620,2025-06-20 20:54:10,484,2,2,Córdoba,6300.0,0.0,36300.0
1000002761,20250728,2025-07-28 09:04:49,559,1,1,Buenos Aires,13211.1,1200.0,77321.1
1000002762,20250526,2025-05-26 07:27:26,872,1,2,Córdoba,7408.8,900.0,43588.8
1000002763,20250411,2025-04-11 18:26:16,568,1,3,Santa Fe,3150.0,1200.0,19350.0
1000002764,20250901,2025-09-01 16:19:34,578,2,1,Buenos Aires,5040.0,0.0,29040.0
1000002765,20240310,2024-03-10 13:10:31,291,2,1,Buenos Aires,4536.0,0.0,26136.0
1000002766,20250219,2025-02-19 09:25:05,549,1,1,Buenos Aires,6667.92,1200.0,39619.92
1000002767,20240615,2024-06-15 09:32:42,511,1,1,Buenos Aires,6804.0,1500.0,40704.0
1000002768,20250411,2025-04-11 08:31:53,185,1,1,Buenos Aires,6804.0,1200.0,40404.0
1000002769,20250307,2025-03-07 04:28:51,575,2,3,Santa Fe,8977.5,0.0,51727.5
1000002770,20240604,2024-06-04 01:32:22,798,1,2,Córdoba,8334.9,900.0,48924.9
1000002771,20241115,2024-11-15 07:47:01,1108,1,1,Buenos Aires,9450.0,1200.0,55650.0
1000002772,20240406,2024-04-06 04:40:22,1145,2,3,Santa Fe,13708.8,0.0,78988.8
1000002773,20250506,2025-05-06 22:52:22,1421,1,1,Buenos Aires,5103.0,1200.0,30603.0
1000002774,20250126,2025-01-26 05:18:00,613,1,3,Santa Fe,9316.12,0.0,53678.62
1000002775,20250410,2025-04-10 19:56:32,67,2,1,Buenos Aires,9261.0,0.0,53361.0
1000002776,20250623,2025-06-23 10:13:47,415,1,3,Santa Fe,9875.25,1200.0,58100.25
1000002777,20240320,2024-03-20 07:52:40,1101,2,2,Córdoba,4536.0,0.0,26136.0
1000002778,20250409,2025-04-09 06:02:33,939,1,2,Córdoba,8334.9,0.0,48024.9
1000002779,20241005,2024-10-05 19:09:40,700,1,2,Córdoba,7938.0,1200.0,46938.0
1000002780,20250225,2025-02-25 03:55:50,258,1,1,Buenos Aires,4536.0,900.0,27036.0
1000002781,20250615,2025-06-15 17:43:24,623,1,4,Mendoza,11138.4,1200.0,65378.4
1000002782,20250512,2025-05-12 10:03:03,164,1,4,Mendoza,9072.0,0.0,52272.0
1000002783,20250219,2025-02-19 00:35:54,684,2,2,Córdoba,2520.0,0.0,14520.0
1000002784,20250409,2025-04-09 11:17:49,271,2,4,Mendoza,7541.1,0.0,43451.1
1000002785,20241018,2024-10-18 15:24:03,816,2,4,Mendoza,2513.7,0.0,14483.7
1000002786,20240815,2024-08-15 20:20:42,1449,2,3,Santa Fe,3087.0,0.0,17787.0
1000002787,20250531,2025-05-31 09:32:52,1293,1,1,Buenos Aires,2992.5,1200.0,18442.5
1000002788,20250711,2025-07-11 21:09:21,1097,1,2,Córdoba,3087.0,1200.0,18987.0
1000002789,20240114,2024-01-14 06:02:21,1184,2,1,Buenos Aires,2494.8,0.0,14374.8
1000002790,20240712,2024-07-12 19:27:33,877,2,4,Mendoza,14238.0,0.0,82038.0
1000002791,20240531,2024-05-31 02:27:35,475,2,3,Santa Fe,3150.0,0.0,18150.0
1000002792,20250510,2025-05-10 18:08:19,1287,2,2,Córdoba,12269.25,0.0,70694.25
1000002793,20250315,2025-03-15 22:08:09,1113,1,1,Buenos Aires,5355.0,1200.0,32055.0
1000002794,20250915,2025-09-15 14:54:10,1048,1,1,Buenos Aires,5266.8,1500.0,31846.8
1000002795,20250825,2025-08-25 21:17:17,300,1,2,Córdoba,6300.0,900.0,37200.0
1000002796,20250108,2025-01-08 12:38:25,175,1,3,Santa Fe,5670.0,1200.0,33870.0
1000002797,20250317,2025-03-17 10:08:17,514,1,2,Córdoba,7282.8,900.0,42862.8
1000002798,20240428,2024-04-28 06:51:49,1448,1,1,Buenos Aires,4939.2,900.0,29359.2
1000002799,20250902,2025-09-02 19:10:14,1361,2,1,Buenos Aires,3395.7,0.0,19565.7
1000002800,20240601,2024-06-01 23:01:50,883,2,4,Mendoza,4536.0,0.0,26136.0
1000002801,20241208,2024-12-08 10:30:24,302,2,1,Buenos Aires,4788.0,0.0,27588.0
1000002802,20240701,2024-07-01 20:34:08,638,1,3,Santa Fe,7890.75,0.0,45465.75
1000002803,20250805,2025-08-05 23:39:31,537,1,3,Santa Fe,2520.0,1500.0,16020.0
1000002804,20241005,2024-10-05 10:01:05,922,1,4,Mendoza,3291.75,0.0,18966.75
1000002805,20241208,2024-12-08 08:56:44,740,2,3,Santa Fe,2394.0,0.0,13794.0
1000002806,20240802,2024-08-02 17:27:18,1474,1,4,Mendoza,7560.0,0.0,43560.0
1000002807,20250111,2025-01-11 14:09:03,1234,1,1,Buenos Aires,7812.0,900.0,45912.0
1000002808,20241225,2024-12-25 12:21:21,1095,1,3,Santa Fe,14912.1,900.0,86822.1
1000002809,20240616,2024-06-16 22:05:52,610,1,1,Buenos Aires,15724.8,1200.0,91804.8
1000002810,20250511,2025-05-11 06:10:52,1326,2,1,Buenos Aires,2268.0,0.0,13068.0
1000002811,20250309,2025-03-09 12:10:34,1267,1,4,Mendoza,6804.0,900.0,40104.0
1000002812,20250216,2025-02-16 10:40:04,694,2,2,Córdoba,5670.0,0.0,32670.0
1000002813,20240325,2024-03-25 11:30:22,373,2,3,Santa Fe,7938.0,0.0,45738.0
1000002814,20241217,2024-12-17 11:17:24,1068,1,1,Buenos Aires,14647.5,900.0,85297.5
1000002815,20240419,2024-04-19 07:10:20,1209,1,1,Buenos Aires,9497.25,1500.0,56222.25
1000002816,20240807,2024-08-07 01:40:11,1370,1,1,Buenos Aires,4445.28,900.0,26513.28
1000002817,20241114,2024-11-14 11:24:04,357,2,2,Córdoba,2268.0,0.0,13068.0
1000002818,20250904,2025-09-04 18:16:48,1071,1,2,Córdoba,2835.0,900.0,17235.0
1000002819,20240223,2024-02-23 05:01:16,1110,1,1,Buenos Aires,4989.6,0.0,28749.6
1000002820,20250727,2025-07-27 12:32:46,896,2,2,Córdoba,7408.8,0.0,42688.8
1000002821,20250624,2025-06-24 17:44:16,1084,2,4,Mendoza,15558.48,0.0,89646.48
1000002822,20241215,2024-12-15 14:52:21,463,1,2,Córdoba,7408.8,1500.0,44188.8
1000002823,20240324,2024-03-24 22:54:22,1090,1,2,Córdoba,12474.0,900.0,72774.0
1000002824,20241213,2024-12-13 21:08:27,462,2,2,Córdoba,14994.0,0.0,86394.0
1000002825,20240715,2024-07-15 16:59:17,918,2,3,Santa Fe,2992.5,0.0,17242.5
1000002826,20240526,2024-05-26 08:37:00,717,1,3,Santa Fe,3087.0,900.0,18687.0
1000002827,20241002,2024-10-02 22:43:57,1418,2,4,Mendoza,9450.0,0.0,54450.0
1000002828,20250903,2025-09-03 12:41:40,1083,2,2,Córdoba,7560.0,0.0,43560.0
1000002829,20250512,2025-05-12 12:46:21,444,2,4,Mendoza,6930.0,0.0,39930.0
1000002830,20240917,2024-09-17 00:58:02,411,1,2,Córdoba,6123.6,1500.0,36783.6
1000002831,20240912,2024-09-12 19:58:25,183,1,1,Buenos Aires,6615.0,1200.0,39315.0
1000002832,20241225,2024-12-25 04:49:31,414,1,1,Buenos Aires,2268.0,900.0,13968.0
1000002833,20240407,2024-04-07 13:05:07,19,1,2,Córdoba,2835.0,1200.0,17535.0
1000002834,20240703,2024-07-03 01:21:15,276,1,1,Buenos Aires,8127.0,1500.0,48327.0
1000002835,20250226,2025-02-26 02:10:45,798,1,3,Santa Fe,7900.2,1500.0,47020.2
1000002836,20250926,2025-09-26 10:55:07,1384,1,1,Buenos Aires,22415.4,900.0,130055.4
1000002837,20250602,2025-06-02 23:18:14,757,2,3,Santa Fe,20497.05,0.0,118102.05
1000002838,20240607,2024-06-07 07:28:42,961,2,4,Mendoza,8316.0,0.0,47916.0
1000002839,20241223,2024-12-23 09:57:06,1111,2,4,Mendoza,7938.0,0.0,45738.0
1000002840,20241102,2024-11-02 12:40:21,624,1,3,Santa Fe,8505.0,1200.0,50205.0
1000002841,20250804,2025-08-04 13:01:31,1300,1,2,Córdoba,2268.0,900.0,13968.0
1000002842,20250508,2025-05-08 18:42:53,183,2,2,Córdoba,5953.5,0.0,34303.5
1000002843,20250210,2025-02-10 07:58:22,448,1,1,Buenos Aires,9298.8,0.0,53578.8
1000002844,20250918,2025-09-18 04:44:09,768,1,1,Buenos Aires,2976.75,1200.0,18351.75
1000002845,20240711,2024-07-11 04:03:10,85,2,4,Mendoza,9922.5,0.0,57172.5
1000002846,20241008,2024-10-08 03:48:46,1103,1,3,Santa Fe,6300.0,1500.0,37800.0
1000002847,20240502,2024-05-02 21:15:21,472,1,3,Santa Fe,3150.0,1200.0,19350.0
1000002848,20250824,2025-08-24 19:16:25,2,1,1,Buenos Aires,2520.0,900.0,15420.0
1000002849,20240224,2024-02-24 18:12:10,1003,1,2,Córdoba,9261.0,1200.0,54561.0
1000002850,20250629,2025-06-29 13:07:51,69,2,2,Córdoba,7182.0,0.0,41382.0
1000002851,20250121,2025-01-21 10:54:25,310,1,1,Buenos Aires,7560.0,900.0,44460.0
1000002852,20250528,2025-05-28 15:25:25,639,2,2,Córdoba,2469.6,0.0,14229.6
1000002853,20250515,2025-05-15 08:15:46,159,1,4,Mendoza,5670.0,900.0,33570.0
1000002854,20250509,2025-05-09 07:17:19,388,1,2,Córdoba,2646.0,1500.0,16746.0
1000002855,20241218,2024-12-18 16:51:29,870,1,3,Santa Fe,6123.6,900.0,36183.6
1000002856,20250627,2025-06-27 10:45:37,551,1,1,Buenos Aires,6804.0,1200.0,40404.0
1000002857,20241004,2024-10-04 20:35:45,434,1,4,Mendoza,19908.0,900.0,115608.0
1000002858,20250920,2025-09-20 14:48:34,810,1,2,Córdoba,9450.0,900.0,55350.0
1000002859,20250625,2025-06-25 00:57:59,1320,2,1,Buenos Aires,10115.28,0.0,58283.28
1000002860,20250722,2025-07-22 03:41:42,634,1,2,Córdoba,18380.25,900.0,106805.25
1000002861,20240905,2024-09-05 05:08:57,334,1,4,Mendoza,11340.0,1200.0,66540.0
1000002862,20250720,2025-07-20 07:36:49,495,1,2,Córdoba,11579.4,1200.0,67919.4
1000002863,20240528,2024-05-28 09:02:01,1227,1,1,Buenos Aires,2469.6,0.0,14229.6
1000002864,20240106,2024-01-06 16:08:19,637,2,4,Mendoza,7560.0,0.0,43560.0
1000002865,20241009,2024-10-09 21:36:24,304,1,1,Buenos Aires,6667.92,900.0,39319.92
1000002866,20240821,2024-08-21 20:09:28,695,1,1,Buenos Aires,19989.9,1500.0,116679.9
1000002867,20240719,2024-07-19 07:24:16,899,2,2,Córdoba,7408.8,0.0,42688.8
1000002868,20240128,2024-01-28 11:31:35,1296,1,1,Buenos Aires,5556.6,1200.0,33216.6
1000002869,20240422,2024-04-22 13:52:22,94,2,1,Buenos Aires,14364.0,0.0,82764.0
1000002870,20250302,2025-03-02 08:51:06,820,2,4,Mendoza,2394.0,0.0,13794.0
1000002871,20240222,2024-02-22 18:54:49,618,2,4,Mendoza,6615.0,0.0,38115.0
1000002872,20250203,2025-02-03 13:02:51,1327,1,1,Buenos Aires,11151.0,900.0,65151.0
1000002873,20250216,2025-02-16 10:47:26,4,1,1,Buenos Aires,3150.0,1500.0,19650.0
1000002874,20250906,2025-09-06 18:39:28,1131,1,1,Buenos Aires,2394.0,1500.0,15294.0
1000002875,20240416,2024-04-16 02:50:24,635,1,1,Buenos Aires,5953.5,900.0,35203.5
1000002876,20250708,2025-07-08 12:12:34,1458,1,1,Buenos Aires,2835.0,0.0,16335.0
1000002877,20250902,2025-09-02 02:58:38,612,1,4,Mendoza,13494.6,1500.0,79254.6
1000002878,20250912,2025-09-12 05:50:54,802,1,1,Buenos Aires,10495.8,0.0,60475.8
1000002879,20240929,2024-09-29 22:27:23,378,1,1,Buenos Aires,14647.5,900.0,85297.5
1000002880,20250714,2025-07-14 05:45:15,895,2,2,Córdoba,3395.7,0.0,19565.7
1000002881,20250715,2025-07-15 12:41:39,1171,2,4,Mendoza,7182.0,0.0,41382.0
1000002882,20240901,2024-09-01 01:56:00,812,2,2,Córdoba,5985.0,0.0,34485.0
1000002883,20250303,2025-03-03 10:05:04,334,1,1,Buenos Aires,11680.2,1500.0,68800.2
1000002884,20240825,2024-08-25 14:46:02,204,1,1,Buenos Aires,10124.1,0.0,58334.1
1000002885,20250414,2025-04-14 00:32:47,77,2,1,Buenos Aires,8079.75,0.0,46554.75
1000002886,20240823,2024-08-23 10:55:01,1409,2,2,Córdoba,11560.5,0.0,66610.5
1000002887,20250720,2025-07-20 13:50:22,700,1,1,Buenos Aires,5433.12,1500.0,32805.12
1000002888,20250625,2025-06-25 01:14:44,442,2,4,Mendoza,8079.75,0.0,46554.75
1000002889,20250611,2025-06-11 19:21:43,562,1,4,Mendoza,7182.0,900.0,42282.0
1000002890,20240719,2024-07-19 16:54:51,184,1,4,Mendoza,6463.8,900.0,38143.8
1000002891,20250211,2025-02-11 02:51:41,1195,2,4,Mendoza,5229.0,0.0,30129.0
1000002892,20250806,2025-08-06 01:54:35,1357,2,4,Mendoza,15101.1,0.0,87011.1
1000002893,20241007,2024-10-07 05:03:29,808,1,4,Mendoza,17416.35,1200.0,101551.35
1000002894,20240309,2024-03-09 09:24:19,175,1,2,Córdoba,9922.5,1200.0,58372.5
1000002895,20250627,2025-06-27 05:44:12,1042,1,3,Santa Fe,7654.5,900.0,45004.5
1000002896,20250628,2025-06-28 09:49:19,384,2,3,Santa Fe,2835.0,0.0,16335.0
1000002897,20240213,2024-02-13 14:24:55,46,2,2,Córdoba,11179.35,0.0,64414.35
1000002898,20250426,2025-04-26 06:35:36,185,2,2,Córdoba,11812.5,0.0,68062.5
1000002899,20240531,2024-05-31 22:10:26,275,1,2,Córdoba,5670.0,1200.0,33870.0
1000002900,20240504,2024-05-04 11:04:02,749,1,1,Buenos Aires,9248.4,1200.0,54488.4
1000002901,20240702,2024-07-02 07:09:25,54,1,1,Buenos Aires,11589.48,900.0,67677.48
1000002902,20250327,2025-03-27 06:02:54,192,1,1,Buenos Aires,4309.2,900.0,25729.2
1000002903,20241006,2024-10-06 17:11:27,707,2,2,Córdoba,5292.0,0.0,30492.0
1000002904,20250126,2025-01-26 10:08:48,502,2,2,Córdoba,6174.0,0.0,35574.0
1000002905,20240412,2024-04-12 07:17:47,67,2,1,Buenos Aires,4984.56,0.0,28720.56
1000002906,20240822,2024-08-22 07:53:52,1198,1,1,Buenos Aires,11277.0,900.0,65877.0
1000002907,20240826,2024-08-26 17:39:24,334,2,2,Córdoba,8281.35,0.0,47716.35
1000002908,20241010,2024-10-10 08:10:39,686,2,2,Córdoba,6300.0,0.0,36300.0
1000002909,20250312,2025-03-12 12:19:34,1406,2,1,Buenos Aires,3150.0,0.0,18150.0
1000002910,20240910,2024-09-10 09:05:35,1168,1,1,Buenos Aires,8316.0,1500.0,49416.0
1000002911,20240602,2024-06-02 08:09:00,1458,2,1,Buenos Aires,7560.0,0.0,43560.0
1000002912,20241027,2024-10-27 21:54:37,822,2,3,Santa Fe,2394.0,0.0,13794.0
1000002913,20240928,2024-09-28 04:41:10,916,1,1,Buenos Aires,6667.92,0.0,38419.92
1000002914,20240314,2024-03-14 22:17:28,129,2,4,Mendoza,2268.0,0.0,13068.0
1000002915,20240323,2024-03-23 02:48:46,952,2,4,Mendoza,3087.0,0.0,17787.0
1000002916,20240722,2024-07-22 10:20:04,1153,2,4,Mendoza,8870.4,0.0,51110.4
1000002917,20250706,2025-07-06 16:44:44,1441,1,1,Buenos Aires,14301.0,1200.0,83601.0
1000002918,20240129,2024-01-29 13:37:58,399,2,3,Santa Fe,5040.0,0.0,29040.0
1000002919,20240215,2024-02-15 18:33:49,884,2,2,Córdoba,2992.5,0.0,17242.5
1000002920,20250310,2025-03-10 17:19:04,503,1,1,Buenos Aires,5670.0,900.0,33570.0
1000002921,20240805,2024-08-05 04:48:32,53,2,4,Mendoza,2394.0,0.0,13794.0
1000002922,20250222,2025-02-22 23:01:44,1206,1,1,Buenos Aires,9796.5,1200.0,57646.5
1000002923,20250425,2025-04-25 14:47:57,591,2,3,Santa Fe,9450.0,0.0,54450.0
1000002924,20250611,2025-06-11 07:44:18,40,1,1,Buenos Aires,5188.05,0.0,29893.05
1000002925,20240121,2024-01-21 11:12:44,596,2,4,Mendoza,5103.0,0.0,29403.0
1000002926,20240130,2024-01-30 21:05:39,832,1,2,Córdoba,6804.0,1200.0,40404.0
1000002927,20241008,2024-10-08 21:26:23,542,1,1,Buenos Aires,19107.9,900.0,110997.9
1000002928,20240610,2024-06-10 15:48:09,748,2,1,Buenos Aires,4692.24,0.0,27036.24
1000002929,20240312,2024-03-12 11:42:28,760,2,1,Buenos Aires,8505.0,0.0,49005.0
1000002930,20250328,2025-03-28 07:19:30,1272,2,1,Buenos Aires,6463.8,0.0,37243.8
1000002931,20250131,2025-01-31 16:33:45,1330,2,2,Córdoba,2772.0,0.0,15972.0
1000002932,20250408,2025-04-08 18:44:36,984,1,3,Santa Fe,3087.0,1200.0,18987.0
1000002933,20250516,2025-05-16 11:57:53,1208,1,4,Mendoza,7591.5,1200.0,44941.5
1000002934,20250402,2025-04-02 22:24:05,623,2,1,Buenos Aires,15549.97,0.0,89597.47
1000002935,20241204,2024-12-04 22:25:30,1056,1,1,Buenos Aires,5103.0,1200.0,30603.0
1000002936,20240515,2024-05-15 04:46:21,953,1,1,Buenos Aires,6615.0,1200.0,39315.0
1000002937,20250220,2025-02-20 03:16:55,687,2,4,Mendoza,2593.08,0.0,14941.08
1000002938,20241116,2024-11-16 14:38:43,722,2,1,Buenos Aires,8334.9,0.0,48024.9
1000002939,20240902,2024-09-02 16:54:48,39,1,3,Santa Fe,8505.0,0.0,49005.0
1000002940,20240926,2024-09-26 22:10:15,1035,1,1,Buenos Aires,4445.28,1200.0,26813.28
1000002941,20250611,2025-06-11 03:38:34,1245,1,1,Buenos Aires,2469.6,0.0,14229.6
1000002942,20240224,2024-02-24 17:16:33,892,1,1,Buenos Aires,5186.16,1200.0,31082.16
1000002943,20241004,2024-10-04 15:40:38,1246,1,2,Córdoba,6019.65,1200.0,35884.65
1000002944,20240128,2024-01-28 20:42:19,1271,2,4,Mendoza,2835.0,0.0,16335.0
1000002945,20240815,2024-08-15 01:52:43,1418,1,3,Santa Fe,2992.5,1200.0,18442.5
1000002946,20240714,2024-07-14 15:19:46,1256,1,4,Mendoza,7900.2,1200.0,46720.2
1000002947,20250629,2025-06-29 01:27:11,1061,2,1,Buenos Aires,6791.4,0.0,39131.4
1000002948,20250121,2025-01-21 23:52:02,743,2,4,Mendoza,2835.0,0.0,16335.0
1000002949,20250924,2025-09-24 13:24:34,1050,1,1,Buenos Aires,14742.0,0.0,84942.0
1000002950,20250624,2025-06-24 03:07:17,1028,1,2,Córdoba,7541.1,900.0,44351.1
1000002951,20240807,2024-08-07 19:45:14,920,1,3,Santa Fe,8505.0,0.0,49005.0
1000002952,20241030,2024-10-30 00:19:00,1208,1,3,Santa Fe,14017.5,0.0,80767.5
1000002953,20250927,2025-09-27 07:57:11,489,1,1,Buenos Aires,6237.0,900.0,36837.0
1000002954,20240901,2024-09-01 17:50:05,1272,2,3,Santa Fe,2268.0,0.0,13068.0
1000002955,20240825,2024-08-25 12:15:52,1079,1,1,Buenos Aires,4788.0,1200.0,28788.0
1000002956,20250221,2025-02-21 05:09:22,346,2,3,Santa Fe,5985.0,0.0,34485.0
1000002957,20240307,2024-03-07 08:15:50,253,1,2,Córdoba,3150.0,1500.0,19650.0
1000002958,20240909,2024-09-09 12:41:47,428,2,1,Buenos Aires,8643.6,0.0,49803.6
1000002959,20250613,2025-06-13 13:07:11,312,2,1,Buenos Aires,2394.0,0.0,13794.0
1000002960,20250830,2025-08-30 19:39:32,441,1,2,Córdoba,3150.0,900.0,19050.0
1000002961,20250914,2025-09-14 13:52:26,658,2,3,Santa Fe,7182.0,0.0,41382.0
1000002962,20240204,2024-02-04 08:22:59,179,1,4,Mendoza,6174.0,900.0,36474.0
1000002963,20240208,2024-02-08 14:56:28,944,1,4,Mendoza,7761.6,0.0,44721.6
1000002964,20250422,2025-04-22 01:09:07,739,1,1,Buenos Aires,2513.7,1200.0,15683.7
1000002965,20250429,2025-04-29 06:07:14,1298,1,1,Buenos Aires,10473.75,1500.0,61848.75
1000002966,20240109,2024-01-09 22:14:19,18,2,3,Santa Fe,9450.0,0.0,54450.0
1000002967,20240201,2024-02-01 10:44:48,615,2,1,Buenos Aires,2992.5,0.0,17242.5
1000002968,20250801,2025-08-01 09:23:27,421,2,3,Santa Fe,8334.9,0.0,48024.9
1000002969,20240908,2024-09-08 06:18:15,584,1,1,Buenos Aires,11529.0,1200.0,67629.0
1000002970,20250922,2025-09-22 08:32:19,173,1,2,Córdoba,9922.5,900.0,58072.5
1000002971,20250510,2025-05-10 15:24:48,928,1,2,Córdoba,2992.5,900.0,18142.5
1000002972,20250525,2025-05-25 12:45:57,1351,2,2,Córdoba,2268.0,0.0,13068.0
1000002973,20250612,2025-06-12 20:39:55,555,1,1,Buenos Aires,3291.75,1200.0,20166.75
1000002974,20250205,2025-02-05 00:46:21,61,1,2,Córdoba,8977.5,900.0,52627.5
1000002975,20241114,2024-11-14 19:10:47,840,1,1,Buenos Aires,8977.5,1500.0,53227.5
1000002976,20250628,2025-06-28 06:08:19,928,1,1,Buenos Aires,2992.5,900.0,18142.5
1000002977,20250418,2025-04-18 13:29:37,511,2,3,Santa Fe,4788.0,0.0,27588.0
1000002978,20240209,2024-02-09 16:05:55,1068,1,1,Buenos Aires,6123.6,900.0,36183.6
1000002979,20240903,2024-09-03 12:33:19,409,1,1,Buenos Aires,4989.6,1200.0,29949.6
1000002980,20240104,2024-01-04 13:17:00,487,1,2,Córdoba,7182.0,1200.0,42582.0
1000002981,20250810,2025-08-10 04:41:27,1188,2,1,Buenos Aires,5103.0,0.0,29403.0
1000002982,20240605,2024-06-05 03:54:56,157,1,1,Buenos Aires,2222.64,900.0,13706.64
1000002983,20250916,2025-09-16 02:33:39,747,2,1,Buenos Aires,9355.5,0.0,53905.5
1000002984,20240618,2024-06-18 09:07:38,914,2,4,Mendoza,7182.0,0.0,41382.0
1000002985,20240428,2024-04-28 17:08:59,197,1,1,Buenos Aires,13482.0,0.0,77682.0
1000002986,20240630,2024-06-30 07:59:52,294,1,2,Córdoba,2693.25,900.0,16418.25
1000002987,20241225,2024-12-25 15:14:31,1411,1,3,Santa Fe,4536.0,1200.0,27336.0
1000002988,20240214,2024-02-14 23:35:48,639,1,2,Córdoba,5670.0,1200.0,33870.0
1000002989,20250205,2025-02-05 00:03:51,471,2,3,Santa Fe,9450.0,0.0,54450.0
1000002990,20240706,2024-07-06 11:45:37,559,1,4,Mendoza,7408.8,0.0,42688.8
1000002991,20241023,2024-10-23 16:14:18,690,1,1,Buenos Aires,13466.25,0.0,77591.25
1000002992,20241221,2024-12-21 01:27:17,469,1,2,Córdoba,9928.8,1200.0,58408.8
1000002993,20241006,2024-10-06 10:48:22,214,1,1,Buenos Aires,6300.0,0.0,36300.0
1000002994,20240521,2024-05-21 18:10:35,200,1,1,Buenos Aires,6804.0,1500.0,40704.0
1000002995,20240810,2024-08-10 04:21:00,1062,1,1,Buenos Aires,6300.0,1200.0,37500.0
1000002996,20240508,2024-05-08 13:07:25,224,2,2,Córdoba,7812.0,0.0,45012.0
1000002997,20240331,2024-03-31 04:10:08,672,1,1,Buenos Aires,6300.0,1200.0,37500.0
1000002998,20240306,2024-03-06 15:16:08,335,1,1,Buenos Aires,14175.0,1200.0,82875.0
1000002999,20240127,2024-01-27 09:35:53,924,2,3,Santa Fe,7777.35,0.0,44812.35
1000003000,20240914,2024-09-14 10:40:36,152,1,2,Córdoba,2394.0,900.0,14694.0
1000003001,20240216,2024-02-16 18:00:12,1281,2,3,Santa Fe,11718.0,0.0,67518.0
1000003002,20240514,2024-05-14 00:11:31,611,2,3,Santa Fe,11421.9,0.0,65811.9
1000003003,20240430,2024-04-30 00:57:44,1324,1,1,Buenos Aires,6804.0,1200.0,40404.0
1000003004,20250807,2025-08-07 15:49:56,771,1,3,Santa Fe,7030.8,1200.0,41710.8
1000003005,20250416,2025-04-16 04:29:22,900,1,2,Córdoba,11970.0,1200.0,70170.0
1000003006,20250629,2025-06-29 18:07:32,270,1,4,Mendoza,6839.28,1200.0,40607.28
1000003007,20250121,2025-01-21 18:10:32,40,1,1,Buenos Aires,5103.0,1200.0,30603.0
1000003008,20240922,2024-09-22 14:16:39,28,1,2,Córdoba,12950.28,900.0,75518.28
1000003009,20250810,2025-08-10 01:41:29,1342,1,2,Córdoba,2268.0,1200.0,14268.0
1000003010,20240313,2024-03-13 23:15:21,1270,1,4,Mendoza,3241.35,900.0,19576.35
1000003011,20250206,2025-02-06 07:30:02,346,1,1,Buenos Aires,7182.0,1200.0,42582.0
1000003012,20240102,2024-01-02 03:10:04,104,2,4,Mendoza,6804.0,0.0,39204.0
1000003013,20250226,2025-02-26 23:02:09,607,1,1,Buenos Aires,3150.0,900.0,19050.0
1000003014,20240510,2024-05-10 06:17:39,1375,2,4,Mendoza,2381.4,0.0,13721.4
1000003015,20250425,2025-04-25 10:12:04,1056,2,2,Córdoba,9072.0,0.0,52272.0
1000003016,20241217,2024-12-17 12:24:12,194,1,1,Buenos Aires,13992.3,1200.0,81822.3
1000003017,20250314,2025-03-14 22:04:59,1197,1,1,Buenos Aires,9040.5,900.0,52990.5
1000003018,20240211,2024-02-11 02:47:26,860,1,1,Buenos Aires,7541.1,1200.0,44651.1
1000003019,20240214,2024-02-14 07:50:47,267,1,4,Mendoza,12744.9,1200.0,74634.9
1000003020,20250719,2025-07-19 08:30:42,231,2,2,Córdoba,2268.0,0.0,13068.0
1000003021,20250621,2025-06-21 23:51:06,1025,1,1,Buenos Aires,8079.75,1200.0,47754.75
1000003022,20240214,2024-02-14 09:01:11,103,1,1,Buenos Aires,14462.28,1200.0,84530.28
1000003023,20250529,2025-05-29 07:20:26,704,2,1,Buenos Aires,14663.25,0.0,84488.25
1000003024,20240101,2024-01-01 10:33:55,785,1,1,Buenos Aires,2593.08,1200.0,16141.08
1000003025,20250416,2025-04-16 09:59:56,1054,1,3,Santa Fe,4775.4,1200.0,28715.4
1000003026,20250126,2025-01-26 14:15:47,800,2,2,Córdoba,2992.5,0.0,17242.5
1000003027,20240419,2024-04-19 05:07:21,1266,1,2,Córdoba,6930.0,0.0,39930.0
1000003028,20240420,2024-04-20 02:16:42,1387,1,1,Buenos Aires,7541.1,1200.0,44651.1
1000003029,20250425,2025-04-25 00:52:21,1223,2,2,Córdoba,5985.0,0.0,34485.0
1000003030,20250531,2025-05-31 21:45:59,663,1,3,Santa Fe,12852.0,900.0,74952.0
1000003031,20241211,2024-12-11 11:39:24,161,1,1,Buenos Aires,8505.0,1200.0,50205.0
1000003032,20241026,2024-10-26 12:27:03,493,2,4,Mendoza,5670.0,0.0,32670.0
1000003033,20240509,2024-05-09 09:21:23,1099,1,3,Santa Fe,13797.0,1200.0,80697.0
1000003034,20240801,2024-08-01 16:25:17,1196,1,3,Santa Fe,7623.0,900.0,44823.0
1000003035,20241204,2024-12-04 07:58:43,1497,2,4,Mendoza,7459.2,0.0,42979.2
1000003036,20250623,2025-06-23 22:20:34,408,1,1,Buenos Aires,11025.0,900.0,64425.0
1000003037,20250519,2025-05-19 18:31:34,61,2,1,Buenos Aires,5040.0,0.0,29040.0
1000003038,20250322,2025-03-22 21:24:41,1447,1,4,Mendoza,18262.12,900.0,106124.62
1000003039,20250523,2025-05-23 14:59:43,514,2,2,Córdoba,6284.25,0.0,36209.25
1000003040,20250629,2025-06-29 02:18:15,93,1,3,Santa Fe,12118.05,1500.0,71323.05
1000003041,20240626,2024-06-26 00:12:58,817,2,3,Santa Fe,6667.92,0.0,38419.92
1000003042,20240227,2024-02-27 19:23:11,1085,2,4,Mendoza,7182.0,0.0,41382.0
1000003043,20250624,2025-06-24 00:48:12,176,2,2,Córdoba,11255.58,0.0,64853.58
1000003044,20241210,2024-12-10 22:14:57,1177,1,3,Santa Fe,17791.2,1200.0,103711.2
1000003045,20241001,2024-10-01 12:07:41,1253,1,2,Córdoba,5953.5,900.0,35203.5
1000003046,20240101,2024-01-01 04:38:02,209,2,4,Mendoza,10187.1,0.0,58697.1
1000003047,20241024,2024-10-24 10:59:07,817,2,3,Santa Fe,5544.0,0.0,31944.0
1000003048,20241105,2024-11-05 00:39:06,881,2,4,Mendoza,9450.0,0.0,54450.0
1000003049,20240822,2024-08-22 22:09:21,177,2,1,Buenos Aires,10495.8,0.0,60475.8
1000003050,20250824,2025-08-24 10:25:05,226,1,2,Córdoba,5186.16,1200.0,31082.16
1000003051,20250828,2025-08-28 13:36:55,265,2,1,Buenos Aires,12064.5,0.0,69514.5
1000003052,20250706,2025-07-06 17:49:13,286,1,3,Santa Fe,3087.0,0.0,17787.0
1000003053,20250915,2025-09-15 10:48:16,652,1,1,Buenos Aires,2593.08,1500.0,16441.08
1000003054,20241209,2024-12-09 07:00:22,558,2,4,Mendoza,6463.8,0.0,37243.8
1000003055,20240914,2024-09-14 21:19:25,1009,1,4,Mendoza,16074.45,1200.0,93819.45
1000003056,20250408,2025-04-08 07:29:44,639,1,3,Santa Fe,9450.0,1500.0,55950.0
1000003057,20250216,2025-02-16 22:59:27,209,1,4,Mendoza,5985.0,0.0,34485.0
1000003058,20240213,2024-02-13 04:52:13,55,1,1,Buenos Aires,2520.0,900.0,15420.0
1000003059,20240822,2024-08-22 19:42:10,1428,2,3,Santa Fe,7408.8,0.0,42688.8
1000003060,20250906,2025-09-06 07:02:15,726,2,1,Buenos Aires,5027.4,0.0,28967.4
1000003061,20240212,2024-02-12 08:38:19,586,2,3,Santa Fe,8694.0,0.0,50094.0
1000003062,20250408,2025-04-08 06:04:43,1447,1,1,Buenos Aires,4536.0,1200.0,27336.0
1000003063,20240124,2024-01-24 23:33:54,447,1,1,Buenos Aires,5985.0,1200.0,35685.0
1000003064,20250904,2025-09-04 15:14:54,940,1,2,Córdoba,2772.0,1200.0,17172.0
1000003065,20240214,2024-02-14 03:35:22,26,2,2,Córdoba,9261.0,0.0,53361.0
1000003066,20240402,2024-04-02 23:18:58,973,2,1,Buenos Aires,11970.0,0.0,68970.0
1000003067,20250328,2025-03-28 08:53:43,975,1,1,Buenos Aires,8977.5,1200.0,52927.5
1000003068,20240415,2024-04-15 13:40:37,203,2,1,Buenos Aires,12600.0,0.0,72600.0
1000003069,20250218,2025-02-18 17:31:43,481,1,1,Buenos Aires,8505.0,1200.0,50205.0
1000003070,20240830,2024-08-30 18:31:11,1372,2,1,Buenos Aires,8845.2,0.0,50965.2
1000003071,20240819,2024-08-19 10:21:58,667,1,1,Buenos Aires,4536.0,900.0,27036.0
1000003072,20240212,2024-02-12 14:18:58,1312,2,3,Santa Fe,5186.16,0.0,29882.16
1000003073,20240803,2024-08-03 10:29:28,1493,2,4,Mendoza,7308.0,0.0,42108.0
1000003074,20250620,2025-06-20 10:16:55,702,2,2,Córdoba,2520.0,0.0,14520.0
1000003075,20240605,2024-06-05 21:19:53,582,1,1,Buenos Aires,14704.2,0.0,84724.2
1000003076,20240704,2024-07-04 22:39:58,584,1,1,Buenos Aires,9979.2,900.0,58399.2
1000003077,20240915,2024-09-15 03:55:04,904,1,1,Buenos Aires,2520.0,0.0,14520.0
1000003078,20250604,2025-06-04 18:18:39,342,1,2,Córdoba,8505.0,1200.0,50205.0
1000003079,20240919,2024-09-19 03:22:04,680,2,4,Mendoza,4536.0,0.0,26136.0
1000003080,20250222,2025-02-22 04:28:41,709,1,1,Buenos Aires,2520.0,1500.0,16020.0
1000003081,20250430,2025-04-30 03:37:47,521,1,4,Mendoza,9426.38,1500.0,55813.88
1000003082,20241013,2024-10-13 10:02:42,289,2,2,Córdoba,18402.3,0.0,106032.3
1000003083,20241028,2024-10-28 00:35:34,293,1,1,Buenos Aires,2520.0,0.0,14520.0
1000003084,20250113,2025-01-13 11:20:34,288,2,2,Córdoba,11497.5,0.0,66247.5
1000003085,20250815,2025-08-15 18:28:15,1449,2,1,Buenos Aires,2268.0,0.0,13068.0
1000003086,20250919,2025-09-19 04:14:48,1177,1,1,Buenos Aires,7560.0,900.0,44460.0
1000003087,20250309,2025-03-09 02:27:20,423,1,2,Córdoba,3241.35,1200.0,19876.35
1000003088,20250901,2025-09-01 13:13:42,1399,2,2,Córdoba,4939.2,0.0,28459.2
1000003089,20250709,2025-07-09 02:38:11,1151,1,4,Mendoza,5433.12,1200.0,32505.12
1000003090,20240315,2024-03-15 00:42:37,1139,1,1,Buenos Aires,3087.0,900.0,18687.0
1000003091,20240715,2024-07-15 19:47:43,1261,1,1,Buenos Aires,2268.0,1200.0,14268.0
1000003092,20240803,2024-08-03 00:19:24,739,1,1,Buenos Aires,5953.5,1200.0,35503.5
1000003093,20240315,2024-03-15 14:18:28,98,1,4,Mendoza,7408.8,900.0,43588.8
1000003094,20240826,2024-08-26 13:16:29,1228,1,3,Santa Fe,10495.8,1500.0,61975.8
1000003095,20250725,2025-07-25 17:28:38,206,2,1,Buenos Aires,2646.0,0.0,15246.0
1000003096,20250419,2025-04-19 11:38:39,1235,1,1,Buenos Aires,8505.0,900.0,49905.0
1000003097,20240905,2024-09-05 22:16:56,1353,2,2,Córdoba,2469.6,0.0,14229.6
1000003098,20250301,2025-03-01 10:47:21,154,1,1,Buenos Aires,9922.5,900.0,58072.5
1000003099,20250124,2025-01-24 20:42:50,754,1,1,Buenos Aires,9450.0,1200.0,55650.0
1000003100,20250322,2025-03-22 19:05:20,368,1,3,Santa Fe,5985.0,900.0,35385.0
1000003101,20240410,2024-04-10 07:01:11,1133,2,2,Córdoba,8505.0,0.0,49005.0
1000003102,20240609,2024-06-09 03:54:53,1247,1,1,Buenos Aires,5103.0,900.0,30303.0
1000003103,20250910,2025-09-10 17:47:19,1358,2,3,Santa Fe,14997.15,0.0,86412.15
1000003104,20240830,2024-08-30 17:11:17,1321,1,1,Buenos Aires,2268.0,1200.0,14268.0
1000003105,20250116,2025-01-16 02:43:54,201,2,4,Mendoza,3150.0,0.0,18150.0
1000003106,20240820,2024-08-20 09:00:57,603,2,2,Córdoba,2633.4,0.0,15173.4
1000003107,20250720,2025-07-20 09:42:10,813,2,4,Mendoza,15687.0,0.0,90387.0
1000003108,20240629,2024-06-29 11:59:47,574,2,1,Buenos Aires,2469.6,0.0,14229.6
1000003109,20240812,2024-08-12 00:35:34,1165,2,1,Buenos Aires,6300.0,0.0,36300.0
1000003110,20240716,2024-07-16 22:20:50,413,1,3,Santa Fe,8977.5,1500.0,53227.5
1000003111,20240607,2024-06-07 02:50:38,212,1,1,Buenos Aires,4536.0,900.0,27036.0
1000003112,20250202,2025-02-02 06:54:48,822,1,2,Córdoba,5266.8,1500.0,31846.8
1000003113,20250324,2025-03-24 23:15:08,71,2,1,Buenos Aires,2268.0,0.0,13068.0
1000003114,20240415,2024-04-15 15:03:35,647,1,1,Buenos Aires,5386.5,900.0,31936.5
1000003115,20240810,2024-08-10 15:21:24,233,1,2,Córdoba,7056.0,1200.0,41856.0
1000003116,20240512,2024-05-12 06:45:59,199,1,4,Mendoza,9450.0,0.0,54450.0
1000003117,20240118,2024-01-18 00:03:04,353,2,1,Buenos Aires,13967.1,0.0,80477.1
1000003118,20240830,2024-08-30 23:14:20,1038,2,1,Buenos Aires,8505.0,0.0,49005.0
1000003119,20240212,2024-02-12 03:41:54,1192,1,4,Mendoza,4536.0,0.0,26136.0
1000003120,20250730,2025-07-30 11:52:15,807,1,4,Mendoza,7779.24,900.0,45723.24
1000003121,20241108,2024-11-08 17:44:04,713,2,2,Córdoba,2520.0,0.0,14520.0
1000003122,20240401,2024-04-01 04:00:15,442,1,2,Córdoba,5040.0,1200.0,30240.0
1000003123,20250419,2025-04-19 21:03:25,152,1,2,Córdoba,11529.0,900.0,67329.0
1000003124,20240607,2024-06-07 11:44:21,520,2,3,Santa Fe,4445.28,0.0,25613.28
1000003125,20250319,2025-03-19 22:34:33,858,1,2,Córdoba,2041.2,900.0,12661.2
1000003126,20241111,2024-11-11 18:07:57,888,1,1,Buenos Aires,18906.3,1200.0,110136.3
1000003127,20250210,2025-02-10 22:19:05,1367,2,4,Mendoza,5613.3,0.0,32343.3
1000003128,20250912,2025-09-12 18:11:44,1109,2,4,Mendoza,12171.6,0.0,70131.6
1000003129,20250507,2025-05-07 14:13:46,1068,1,2,Córdoba,4536.0,900.0,27036.0
1000003130,20240202,2024-02-02 20:22:45,994,2,3,Santa Fe,3307.5,0.0,19057.5
1000003131,20241203,2024-12-03 13:14:04,347,1,2,Córdoba,7827.12,900.0,45999.12
1000003132,20240827,2024-08-27 20:34:17,1388,2,2,Córdoba,2041.2,0.0,11761.2
1000003133,20250917,2025-09-17 06:00:35,66,1,1,Buenos Aires,7919.73,900.0,46532.73
1000003134,20240610,2024-06-10 12:39:20,1124,1,3,Santa Fe,2268.0,900.0,13968.0
1000003135,20240204,2024-02-04 19:29:29,950,2,2,Córdoba,10691.1,0.0,61601.1
1000003136,20240824,2024-08-24 02:36:47,588,1,1,Buenos Aires,6667.92,1200.0,39619.92
1000003137,20250624,2025-06-24 11:58:50,949,1,1,Buenos Aires,4536.0,0.0,26136.0
1000003138,20250531,2025-05-31 08:20:31,722,1,2,Córdoba,5186.16,1200.0,31082.16
1000003139,20240724,2024-07-24 15:27:14,271,2,3,Santa Fe,5544.0,0.0,31944.0
1000003140,20241218,2024-12-18 21:48:30,738,1,2,Córdoba,3150.0,1200.0,19350.0
1000003141,20250522,2025-05-22 21:26:51,1167,2,2,Córdoba,6300.0,0.0,36300.0
1000003142,20240915,2024-09-15 09:31:44,974,1,1,Buenos Aires,2513.7,1200.0,15683.7
1000003143,20250914,2025-09-14 11:46:33,1473,2,3,Santa Fe,2268.0,0.0,13068.0
1000003144,20240913,2024-09-13 23:05:22,77,1,1,Buenos Aires,9324.0,1200.0,54924.0
1000003145,20240213,2024-02-13 07:24:18,469,1,1,Buenos Aires,8505.0,900.0,49905.0
1000003146,20250602,2025-06-02 08:58:20,508,1,1,Buenos Aires,12718.44,0.0,73282.44
1000003147,20240502,2024-05-02 23:21:49,1293,2,2,Córdoba,9317.7,0.0,53687.7
1000003148,20241203,2024-12-03 10:12:45,717,1,1,Buenos Aires,16537.5,0.0,95287.5
1000003149,20240925,2024-09-25 03:30:09,1233,1,1,Buenos Aires,8505.0,1200.0,50205.0
1000003150,20250731,2025-07-31 21:52:46,954,2,1,Buenos Aires,3465.0,0.0,19965.0
1000003151,20250718,2025-07-18 23:54:55,174,2,1,Buenos Aires,2520.0,0.0,14520.0
1000003152,20250501,2025-05-01 09:52:47,732,1,4,Mendoza,6804.0,1200.0,40404.0
1000003153,20250423,2025-04-23 22:09:50,1281,1,1,Buenos Aires,4788.0,1200.0,28788.0
1000003154,20240807,2024-08-07 02:19:18,1430,2,4,Mendoza,5292.0,0.0,30492.0
1000003155,20250603,2025-06-03 14:57:17,238,2,1,Buenos Aires,2520.0,0.0,14520.0
1000003156,20250324,2025-03-24 04:22:53,221,1,1,Buenos Aires,2469.6,900.0,15129.6
1000003157,20240915,2024-09-15 13:35:30,685,2,3,Santa Fe,5186.16,0.0,29882.16
1000003158,20240222,2024-02-22 03:04:38,592,1,1,Buenos Aires,7408.8,1200.0,43888.8
1000003159,20240706,2024-07-06 15:12:37,142,1,3,Santa Fe,19637.1,1200.0,114347.1
1000003160,20240717,2024-07-17 09:43:47,970,1,2,Córdoba,4788.0,1500.0,29088.0
1000003161,20250616,2025-06-16 19:01:33,995,2,3,Santa Fe,5386.5,0.0,31036.5
1000003162,20240614,2024-06-14 17:27:24,444,2,4,Mendoza,3150.0,0.0,18150.0
1000003163,20240530,2024-05-30 05:40:11,297,1,2,Córdoba,2469.6,0.0,14229.6
1000003164,20250304,2025-03-04 22:34:53,947,1,1,Buenos Aires,14613.48,900.0,85101.48
1000003165,20240610,2024-06-10 03:31:45,57,1,3,Santa Fe,4762.8,1200.0,28642.8
1000003166,20250712,2025-07-12 01:58:37,38,1,2,Córdoba,11025.0,900.0,64425.0
1000003167,20250413,2025-04-13 05:02:08,376,2,3,Santa Fe,9261.0,0.0,53361.0
1000003168,20240618,2024-06-18 04:56:41,503,1,2,Córdoba,4536.0,1200.0,27336.0
1000003169,20250520,2025-05-20 20:14:33,1095,1,1,Buenos Aires,5985.0,900.0,35385.0
1000003170,20240515,2024-05-15 23:11:50,1338,1,2,Córdoba,4788.0,0.0,27588.0
1000003171,20250416,2025-04-16 05:37:28,909,1,1,Buenos Aires,2222.64,900.0,13706.64
1000003172,20240902,2024-09-02 22:36:38,932,2,1,Buenos Aires,3087.0,0.0,17787.0
1000003173,20240623,2024-06-23 20:54:12,912,1,3,Santa Fe,10659.6,900.0,62319.6
1000003174,20241218,2024-12-18 14:11:42,1161,1,1,Buenos Aires,5040.0,1200.0,30240.0
1000003175,20240914,2024-09-14 09:19:03,189,1,3,Santa Fe,7654.5,1200.0,45304.5
1000003176,20250804,2025-08-04 13:50:28,488,2,1,Buenos Aires,5040.0,0.0,29040.0
1000003177,20250822,2025-08-22 06:23:02,946,2,3,Santa Fe,4536.0,0.0,26136.0
1000003178,20241007,2024-10-07 23:52:10,475,2,4,Mendoza,6123.6,0.0,35283.6
1000003179,20250213,2025-02-13 21:43:36,692,1,3,Santa Fe,7182.0,1200.0,42582.0
1000003180,20240803,2024-08-03 08:57:21,506,2,1,Buenos Aires,6300.0,0.0,36300.0
1000003181,20250706,2025-07-06 21:31:00,733,2,3,Santa Fe,4309.2,0.0,24829.2
1000003182,20250622,2025-06-22 13:11:08,151,1,1,Buenos Aires,13088.88,1200.0,76616.88
1000003183,20241109,2024-11-09 18:23:59,1276,1,2,Córdoba,6583.5,1200.0,39133.5
1000003184,20250112,2025-01-12 02:53:10,320,1,1,Buenos Aires,5550.3,0.0,31980.3
1000003185,20250714,2025-07-14 03:52:32,514,2,2,Córdoba,2394.0,0.0,13794.0
1000003186,20241016,2024-10-16 18:27:04,1447,1,1,Buenos Aires,7408.8,1200.0,43888.8
1000003187,20250826,2025-08-26 11:28:16,833,1,1,Buenos Aires,10495.8,900.0,61375.8
1000003188,20250704,2025-07-04 02:27:28,1096,1,2,Córdoba,7408.8,900.0,43588.8
1000003189,20250613,2025-06-13 18:53:49,521,2,2,Córdoba,11957.4,0.0,68897.4
1000003190,20250419,2025-04-19 16:04:19,960,2,2,Córdoba,9355.5,0.0,53905.5
1000003191,20240814,2024-08-14 03:02:38,1397,1,4,Mendoza,17482.5,1200.0,101932.5
1000003192,20250313,2025-03-13 05:42:22,254,2,3,Santa Fe,9261.0,0.0,53361.0
1000003193,20240819,2024-08-19 21:02:39,1447,1,2,Córdoba,11801.16,900.0,68897.16
1000003194,20240719,2024-07-19 19:58:32,572,2,3,Santa Fe,6174.0,0.0,35574.0
1000003195,20240131,2024-01-31 09:35:24,926,1,1,Buenos Aires,4536.0,1200.0,27336.0
1000003196,20241029,2024-10-29 18:23:23,818,2,1,Buenos Aires,14175.0,0.0,81675.0
1000003197,20241002,2024-10-02 18:27:48,157,1,3,Santa Fe,10067.4,0.0,58007.4
1000003198,20250616,2025-06-16 16:44:42,1005,1,4,Mendoza,2646.0,900.0,16146.0
1000003199,20240525,2024-05-25 06:02:47,1166,2,3,Santa Fe,4939.2,0.0,28459.2
1000003200,20240821,2024-08-21 20:15:14,1306,1,3,Santa Fe,11340.0,900.0,66240.0
1000003201,20240315,2024-03-15 01:21:56,1452,2,1,Buenos Aires,6174.0,0.0,35574.0
1000003202,20250220,2025-02-20 02:35:05,1206,1,1,Buenos Aires,5292.0,1200.0,31692.0
1000003203,20250613,2025-06-13 00:02:20,1463,1,1,Buenos Aires,7528.5,900.0,44278.5
1000003204,20240724,2024-07-24 21:59:46,231,1,1,Buenos Aires,2835.0,0.0,16335.0
1000003205,20240813,2024-08-13 11:13:32,122,2,1,Buenos Aires,6791.4,0.0,39131.4
1000003206,20250601,2025-06-01 07:40:50,1077,1,1,Buenos Aires,8334.9,900.0,48924.9
1000003207,20250215,2025-02-15 16:18:18,1056,1,1,Buenos Aires,6123.6,1500.0,36783.6
1000003208,20240313,2024-03-13 14:27:45,494,1,1,Buenos Aires,16537.5,900.0,96187.5
1000003209,20250902,2025-09-02 20:39:39,228,1,1,Buenos Aires,6463.8,1200.0,38443.8
1000003210,20250817,2025-08-17 13:32:09,209,2,1,Buenos Aires,8505.0,0.0,49005.0
1000003211,20250914,2025-09-14 14:58:26,65,1,2,Córdoba,14364.0,1500.0,84264.0
1000003212,20240607,2024-06-07 19:43:10,552,1,2,Córdoba,6804.0,1200.0,40404.0
1000003213,20250213,2025-02-13 14:10:25,342,1,1,Buenos Aires,5670.0,1200.0,33870.0
1000003214,20241212,2024-12-12 13:47:46,266,1,2,Córdoba,2469.6,1500.0,15729.6
1000003215,20240204,2024-02-04 09:04:02,1116,1,2,Córdoba,8505.0,0.0,49005.0
1000003216,20250716,2025-07-16 12:39:25,92,1,1,Buenos Aires,2394.0,1200.0,14994.0
1000003217,20240102,2024-01-02 14:28:29,1204,1,3,Santa Fe,7560.0,1200.0,44760.0
1000003218,20241215,2024-12-15 12:06:04,664,1,2,Córdoba,2469.6,1200.0,15429.6
1000003219,20240711,2024-07-11 01:56:46,1459,1,4,Mendoza,5985.0,900.0,35385.0
1000003220,20250815,2025-08-15 15:31:31,1166,1,1,Buenos Aires,14905.8,900.0,86785.8
1000003221,20240824,2024-08-24 10:29:56,253,1,2,Córdoba,12159.0,1200.0,71259.0
1000003222,20250806,2025-08-06 00:50:22,249,2,1,Buenos Aires,5040.0,0.0,29040.0
1000003223,20240520,2024-05-20 10:43:24,948,1,1,Buenos Aires,4536.0,1500.0,27636.0
1000003224,20250626,2025-06-26 17:12:09,754,2,2,Córdoba,2469.6,0.0,14229.6
1000003225,20250302,2025-03-02 04:52:38,1427,2,3,Santa Fe,4536.0,0.0,26136.0
1000003226,20240807,2024-08-07 03:36:54,1351,2,3,Santa Fe,7560.0,0.0,43560.0
1000003227,20250207,2025-02-07 21:37:37,401,1,2,Córdoba,5985.0,1200.0,35685.0
1000003228,20250223,2025-02-23 16:44:39,609,2,4,Mendoza,5040.0,0.0,29040.0
1000003229,20240411,2024-04-11 15:01:51,720,1,4,Mendoza,6804.0,1200.0,40404.0
1000003230,20250602,2025-06-02 16:54:37,1000,1,1,Buenos Aires,6300.0,1200.0,37500.0
1000003231,20250623,2025-06-23 08:20:46,1143,1,1,Buenos Aires,5027.4,900.0,29867.4
1000003232,20240417,2024-04-17 18:27:16,871,2,4,Mendoza,9355.5,0.0,53905.5
1000003233,20250901,2025-09-01 14:13:53,1336,2,3,Santa Fe,14490.0,0.0,83490.0
1000003234,20250302,2025-03-02 07:29:02,357,2,2,Córdoba,4788.0,0.0,27588.0
1000003235,20250128,2025-01-28 17:38:59,1352,2,4,Mendoza,2154.6,0.0,12414.6
1000003236,20240825,2024-08-25 23:05:32,1312,2,2,Córdoba,2992.5,0.0,17242.5
1000003237,20240913,2024-09-13 07:06:18,272,1,1,Buenos Aires,2520.0,0.0,14520.0
1000003238,20240429,2024-04-29 03:22:06,1284,2,1,Buenos Aires,5040.0,0.0,29040.0
1000003239,20240225,2024-02-25 22:59:44,738,1,2,Córdoba,4762.8,0.0,27442.8
1000003240,20240706,2024-07-06 11:53:39,69,2,1,Buenos Aires,7182.0,0.0,41382.0
1000003241,20240926,2024-09-26 10:56:28,1237,1,1,Buenos Aires,8505.0,1500.0,50505.0
1000003242,20240721,2024-07-21 14:27:25,83,1,3,Santa Fe,9450.0,1200.0,55650.0
1000003243,20240926,2024-09-26 05:41:49,1172,1,3,Santa Fe,4788.0,1500.0,29088.0
1000003244,20250703,2025-07-03 01:34:33,489,2,2,Córdoba,7938.0,0.0,45738.0
1000003245,20250318,2025-03-18 08:57:00,451,1,1,Buenos Aires,2394.0,900.0,14694.0
1000003246,20240121,2024-01-21 18:30:16,918,2,3,Santa Fe,7900.2,0.0,45520.2
1000003247,20240606,2024-06-06 03:09:36,491,1,2,Córdoba,4788.0,0.0,27588.0
1000003248,20250420,2025-04-20 08:55:31,1232,1,1,Buenos Aires,6174.0,900.0,36474.0
1000003249,20250522,2025-05-22 08:57:00,477,1,1,Buenos Aires,6174.0,1200.0,36774.0
1000003250,20241125,2024-11-25 01:04:43,1466,2,3,Santa Fe,2520.0,0.0,14520.0
1000003251,20240801,2024-08-01 03:24:48,1369,2,3,Santa Fe,8807.4,0.0,50747.4
1000003252,20240506,2024-05-06 13:02:00,254,1,1,Buenos Aires,2520.0,900.0,15420.0
1000003253,20240125,2024-01-25 09:03:48,388,2,1,Buenos Aires,4788.0,0.0,27588.0
1000003254,20250828,2025-08-28 03:59:36,1415,1,1,Buenos Aires,9922.5,0.0,57172.5
1000003255,20240602,2024-06-02 21:44:01,1434,1,2,Córdoba,7182.0,1200.0,42582.0
1000003256,20240504,2024-05-04 07:52:59,204,2,1,Buenos Aires,12511.8,0.0,72091.8
1000003257,20250521,2025-05-21 14:26:58,902,1,1,Buenos Aires,8149.68,1200.0,48157.68
1000003258,20240201,2024-02-01 17:43:18,653,2,3,Santa Fe,4536.0,0.0,26136.0
1000003259,20250218,2025-02-18 23:40:03,427,1,2,Córdoba,4082.4,900.0,24422.4
1000003260,20240227,2024-02-27 17:38:20,439,2,4,Mendoza,8391.6,0.0,48351.6
1000003261,20250913,2025-09-13 21:19:15,816,1,2,Córdoba,12757.5,1200.0,74707.5
1000003262,20240404,2024-04-04 19:57:51,19,1,3,Santa Fe,3291.75,1200.0,20166.75
1000003263,20240608,2024-06-08 15:56:55,1480,2,4,Mendoza,9355.5,0.0,53905.5
1000003264,20240418,2024-04-18 07:13:40,619,1,1,Buenos Aires,2520.0,1200.0,15720.0
1000003265,20240514,2024-05-14 21:55:26,907,1,2,Córdoba,4536.0,900.0,27036.0
1000003266,20250807,2025-08-07 09:17:31,411,1,3,Santa Fe,5786.55,900.0,34241.55
1000003267,20250819,2025-08-19 22:53:55,1472,2,1,Buenos Aires,12442.5,0.0,71692.5
1000003268,20240423,2024-04-23 04:35:47,1414,1,2,Córdoba,3291.75,900.0,19866.75
1000003269,20250824,2025-08-24 06:54:46,1437,2,3,Santa Fe,18433.8,0.0,106213.8
1000003270,20250709,2025-07-09 12:33:51,993,2,1,Buenos Aires,4939.2,0.0,28459.2
1000003271,20241024,2024-10-24 17:06:04,882,2,3,Santa Fe,6174.0,0.0,35574.0
1000003272,20241231,2024-12-31 08:48:59,1485,1,3,Santa Fe,9426.38,1500.0,55813.88
1000003273,20240417,2024-04-17 02:05:24,1422,2,1,Buenos Aires,7408.8,0.0,42688.8
1000003274,20250708,2025-07-08 03:49:14,594,2,1,Buenos Aires,9261.0,0.0,53361.0
1000003275,20250704,2025-07-04 06:47:48,791,1,3,Santa Fe,14529.38,1200.0,84916.88
1000003276,20250325,2025-03-25 01:24:23,417,2,4,Mendoza,2268.0,0.0,13068.0
1000003277,20250423,2025-04-23 14:52:23,760,1,2,Córdoba,7182.0,900.0,42282.0
1000003278,20250601,2025-06-01 12:22:54,527,1,3,Santa Fe,6667.92,1500.0,39919.92
1000003279,20250929,2025-09-29 18:07:51,604,2,4,Mendoza,7282.8,0.0,41962.8
1000003280,20240429,2024-04-29 21:47:14,1132,1,3,Santa Fe,11371.5,1200.0,66721.5
1000003281,20250115,2025-01-15 16:31:03,726,1,1,Buenos Aires,4536.0,1500.0,27636.0
1000003282,20241023,2024-10-23 11:20:08,133,1,1,Buenos Aires,5670.0,900.0,33570.0
1000003283,20241229,2024-12-29 17:23:53,1292,1,4,Mendoza,8740.62,0.0,50362.62
1000003284,20241108,2024-11-08 17:17:29,466,1,2,Córdoba,12515.58,1500.0,73613.58
1000003285,20240508,2024-05-08 13:43:17,433,1,1,Buenos Aires,5670.0,1200.0,33870.0
1000003286,20240619,2024-06-19 07:36:58,358,1,1,Buenos Aires,4788.0,1200.0,28788.0
1000003287,20241221,2024-12-21 14:09:56,130,2,3,Santa Fe,12171.6,0.0,70131.6
1000003288,20250915,2025-09-15 06:35:09,1153,2,3,Santa Fe,9450.0,0.0,54450.0
1000003289,20250811,2025-08-11 01:15:32,1275,2,1,Buenos Aires,2268.0,0.0,13068.0
1000003290,20240923,2024-09-23 06:04:05,62,1,1,Buenos Aires,7182.0,1500.0,42882.0
1000003291,20250623,2025-06-23 19:30:51,682,1,3,Santa Fe,5556.6,1200.0,33216.6
1000003292,20240318,2024-03-18 00:01:37,1370,1,4,Mendoza,2268.0,900.0,13968.0
1000003293,20240605,2024-06-05 15:32:41,858,1,4,Mendoza,17529.75,1200.0,102204.75
1000003294,20250317,2025-03-17 21:28:12,222,1,1,Buenos Aires,3150.0,1200.0,19350.0
1000003295,20241126,2024-11-26 14:50:34,671,1,1,Buenos Aires,13444.2,1200.0,78664.2
1000003296,20240830,2024-08-30 23:45:02,415,1,2,Córdoba,2992.5,0.0,17242.5
1000003297,20240101,2024-01-01 22:53:36,1415,2,4,Mendoza,10324.12,0.0,59486.62
1000003298,20240719,2024-07-19 13:08:04,533,2,4,Mendoza,12763.8,0.0,73543.8
1000003299,20250709,2025-07-09 08:41:23,978,2,1,Buenos Aires,3465.0,0.0,19965.0
1000003300,20240331,2024-03-31 19:28:11,1387,2,2,Córdoba,16191.0,0.0,93291.0
1000003301,20240318,2024-03-18 02:28:57,907,1,2,Córdoba,2268.0,1500.0,14568.0
1000003302,20241001,2024-10-01 13:41:45,820,1,1,Buenos Aires,7408.8,1200.0,43888.8
1000003303,20240109,2024-01-09 08:38:27,1223,2,1,Buenos Aires,15768.9,0.0,90858.9
1000003304,20250706,2025-07-06 03:38:52,641,1,1,Buenos Aires,2520.0,1200.0,15720.0
1000003305,20250708,2025-07-08 07:27:52,1319,1,4,Mendoza,5309.64,900.0,31493.64
1000003306,20240405,2024-04-05 03:05:49,1421,1,1,Buenos Aires,8977.5,0.0,51727.5
1000003307,20250919,2025-09-19 09:14:24,63,2,2,Córdoba,5386.5,0.0,31036.5
1000003308,20250730,2025-07-30 08:08:17,1309,2,4,Mendoza,17953.74,0.0,103447.74
1000003309,20250113,2025-01-13 16:22:36,855,2,3,Santa Fe,7560.0,0.0,43560.0
1000003310,20240701,2024-07-01 21:43:11,1483,2,4,Mendoza,7654.5,0.0,44104.5
1000003311,20250403,2025-04-03 14:48:26,858,1,1,Buenos Aires,2494.8,900.0,15274.8
1000003312,20250215,2025-02-15 07:24:27,1390,2,3,Santa Fe,6300.0,0.0,36300.0
1000003313,20250322,2025-03-22 18:16:53,929,2,3,Santa Fe,7408.8,0.0,42688.8
1000003314,20240721,2024-07-21 05:23:37,809,2,4,Mendoza,2469.6,0.0,14229.6
1000003315,20240611,2024-06-11 05:39:50,1236,2,2,Córdoba,17413.2,0.0,100333.2
1000003316,20250724,2025-07-24 08:56:25,816,1,1,Buenos Aires,9875.25,0.0,56900.25
1000003317,20250730,2025-07-30 04:07:31,143,1,1,Buenos Aires,6804.0,0.0,39204.0
1000003318,20241021,2024-10-21 10:44:38,984,2,3,Santa Fe,8505.0,0.0,49005.0
1000003319,20250121,2025-01-21 22:15:31,529,2,2,Córdoba,5040.0,0.0,29040.0
1000003320,20241221,2024-12-21 16:14:53,4,2,3,Santa Fe,3291.75,0.0,18966.75
1000003321,20250328,2025-03-28 13:20:51,506,1,1,Buenos Aires,3087.0,1200.0,18987.0
1000003322,20240325,2024-03-25 06:17:25,942,2,2,Córdoba,5040.0,0.0,29040.0
1000003323,20250915,2025-09-15 10:28:47,210,1,1,Buenos Aires,4536.0,1200.0,27336.0
1000003324,20250930,2025-09-30 23:38:58,1324,2,1,Buenos Aires,13545.0,0.0,78045.0
1000003325,20240705,2024-07-05 16:44:03,1102,1,3,Santa Fe,5670.0,1200.0,33870.0
1000003326,20241117,2024-11-17 13:18:55,146,2,4,Mendoza,9198.0,0.0,52998.0
1000003327,20240906,2024-09-06 21:40:25,1120,2,2,Córdoba,2992.5,0.0,17242.5
1000003328,20250614,2025-06-14 15:47:39,1160,2,3,Santa Fe,6237.0,0.0,35937.0
1000003329,20250225,2025-02-25 15:58:41,863,2,2,Córdoba,5244.75,0.0,30219.75
1000003330,20240329,2024-03-29 07:03:33,540,2,1,Buenos Aires,10650.15,0.0,61365.15
1000003331,20250826,2025-08-26 18:43:21,610,1,2,Córdoba,9676.8,1500.0,57256.8
1000003332,20240728,2024-07-28 00:53:46,31,1,1,Buenos Aires,13078.8,900.0,76258.8
1000003333,20250702,2025-07-02 14:20:08,449,2,3,Santa Fe,6804.0,0.0,39204.0
1000003334,20240201,2024-02-01 07:49:33,769,2,1,Buenos Aires,9261.0,0.0,53361.0
1000003335,20250602,2025-06-02 01:47:38,1402,2,3,Santa Fe,7560.0,0.0,43560.0
1000003336,20250331,2025-03-31 21:53:43,908,2,1,Buenos Aires,10115.28,0.0,58283.28
1000003337,20241216,2024-12-16 22:11:17,624,1,3,Santa Fe,5544.0,1500.0,33444.0
1000003338,20240628,2024-06-28 23:24:01,608,1,2,Córdoba,9261.0,1200.0,54561.0
1000003339,20240303,2024-03-03 01:38:56,37,1,3,Santa Fe,7900.2,1200.0,46720.2
1000003340,20241204,2024-12-04 21:39:04,1482,1,3,Santa Fe,18852.75,1500.0,110127.75
1000003341,20240409,2024-04-09 19:16:46,1058,2,4,Mendoza,3142.12,0.0,18104.62
1000003342,20250607,2025-06-07 10:19:48,286,1,2,Córdoba,5229.0,900.0,31029.0
1000003343,20250919,2025-09-19 14:00:00,1008,1,1,Buenos Aires,8505.0,900.0,49905.0
1000003344,20240214,2024-02-14 18:40:55,668,1,1,Buenos Aires,2469.6,1500.0,15729.6
1000003345,20240216,2024-02-16 03:36:46,117,2,3,Santa Fe,17482.5,0.0,100732.5
1000003346,20240916,2024-09-16 01:33:59,851,1,3,Santa Fe,4762.8,1200.0,28642.8
1000003347,20250804,2025-08-04 00:35:24,51,2,1,Buenos Aires,14805.0,0.0,85305.0
1000003348,20241117,2024-11-17 23:55:55,1117,1,1,Buenos Aires,2646.0,1200.0,16446.0
1000003349,20240216,2024-02-16 01:29:25,1029,1,1,Buenos Aires,2520.0,1200.0,15720.0
1000003350,20240801,2024-08-01 21:28:55,1139,1,2,Córdoba,8977.5,900.0,52627.5
1000003351,20250821,2025-08-21 18:52:23,1378,2,3,Santa Fe,7182.0,0.0,41382.0
1000003352,20240226,2024-02-26 02:24:02,1271,2,2,Córdoba,8568.0,0.0,49368.0
1000003353,20240821,2024-08-21 06:20:30,1424,1,1,Buenos Aires,2835.0,1500.0,17835.0
1000003354,20250718,2025-07-18 04:35:01,489,2,4,Mendoza,6426.0,0.0,37026.0
1000003355,20250416,2025-04-16 05:20:22,744,1,2,Córdoba,9261.0,900.0,54261.0
1000003356,20240710,2024-07-10 03:58:35,323,1,3,Santa Fe,4737.6,900.0,28197.6
1000003357,20250329,2025-03-29 17:32:43,1471,1,1,Buenos Aires,3087.0,1200.0,18987.0
1000003358,20240716,2024-07-16 09:08:40,1469,1,2,Córdoba,7938.0,1200.0,46938.0
1000003359,20250411,2025-04-11 03:37:17,1191,2,4,Mendoza,12877.2,0.0,74197.2
1000003360,20250509,2025-05-09 17:45:29,335,1,4,Mendoza,3087.0,1200.0,18987.0
1000003361,20240317,2024-03-17 05:30:10,717,1,1,Buenos Aires,5462.1,1200.0,32672.1
1000003362,20250915,2025-09-15 08:10:58,911,1,3,Santa Fe,8769.6,0.0,50529.6
1000003363,20250927,2025-09-27 21:16:18,184,2,1,Buenos Aires,6174.0,0.0,35574.0
1000003364,20240318,2024-03-18 05:20:21,957,1,2,Córdoba,4788.0,900.0,28488.0
1000003365,20250511,2025-05-11 23:54:56,797,2,1,Buenos Aires,7408.8,0.0,42688.8
1000003366,20250517,2025-05-17 18:03:19,22,2,4,Mendoza,4939.2,0.0,28459.2
1000003367,20240822,2024-08-22 13:39:55,260,1,1,Buenos Aires,7182.0,1500.0,42882.0
1000003368,20250317,2025-03-17 03:59:14,835,1,1,Buenos Aires,18427.5,900.0,107077.5
1000003369,20240602,2024-06-02 21:51:19,1316,2,2,Córdoba,2041.2,0.0,11761.2
1000003370,20240913,2024-09-13 15:03:51,240,1,3,Santa Fe,4309.2,1200.0,26029.2
1000003371,20241024,2024-10-24 02:37:44,790,2,3,Santa Fe,9450.0,0.0,54450.0
1000003372,20250831,2025-08-31 05:22:48,1380,1,2,Córdoba,3307.5,0.0,19057.5
1000003373,20240109,2024-01-09 06:56:18,936,2,4,Mendoza,6930.0,0.0,39930.0
1000003374,20250912,2025-09-12 08:08:19,274,1,2,Córdoba,9261.0,1500.0,54861.0
1000003375,20240207,2024-02-07 10:40:27,1177,2,2,Córdoba,8070.3,0.0,46500.3
1000003376,20250718,2025-07-18 01:07:41,623,1,2,Córdoba,4901.4,900.0,29141.4
1000003377,20250130,2025-01-30 04:26:23,419,1,1,Buenos Aires,2976.75,1200.0,18351.75
1000003378,20240713,2024-07-13 23:08:57,1308,2,3,Santa Fe,2835.0,0.0,16335.0
1000003379,20240529,2024-05-29 01:11:37,508,1,1,Buenos Aires,13797.0,1500.0,80997.0
1000003380,20240116,2024-01-16 22:46:08,1234,2,4,Mendoza,7182.0,0.0,41382.0
1000003381,20240827,2024-08-27 23:57:45,992,1,1,Buenos Aires,3150.0,1200.0,19350.0
1000003382,20240522,2024-05-22 23:32:23,143,2,2,Córdoba,9371.25,0.0,53996.25
1000003383,20250728,2025-07-28 10:56:28,763,1,3,Santa Fe,5670.0,1200.0,33870.0
1000003384,20240321,2024-03-21 09:59:06,784,1,3,Santa Fe,3087.0,0.0,17787.0
1000003385,20241030,2024-10-30 04:46:54,1473,2,3,Santa Fe,9450.0,0.0,54450.0
1000003386,20250516,2025-05-16 11:18:16,1344,2,4,Mendoza,9261.0,0.0,53361.0
1000003387,20240808,2024-08-08 04:53:18,457,1,1,Buenos Aires,9928.8,1500.0,58708.8
1000003388,20250829,2025-08-29 17:05:45,228,1,2,Córdoba,9676.8,1200.0,56956.8
1000003389,20240308,2024-03-08 14:10:07,1500,1,2,Córdoba,2835.0,1200.0,17535.0
1000003390,20240223,2024-02-23 13:39:19,84,1,1,Buenos Aires,5027.4,900.0,29867.4
1000003391,20241205,2024-12-05 19:01:16,692,1,1,Buenos Aires,14553.0,1200.0,85053.0
1000003392,20250613,2025-06-13 08:10:08,302,2,4,Mendoza,9261.0,0.0,53361.0
1000003393,20240609,2024-06-09 22:55:57,297,1,1,Buenos Aires,4989.6,900.0,29649.6
1000003394,20250407,2025-04-07 03:02:45,159,2,3,Santa Fe,5544.0,0.0,31944.0
1000003395,20250514,2025-05-14 12:51:33,1248,1,2,Córdoba,11062.8,1200.0,64942.8
1000003396,20250828,2025-08-28 16:56:41,319,1,2,Córdoba,7541.1,900.0,44351.1
1000003397,20250524,2025-05-24 23:36:53,1126,1,1,Buenos Aires,5953.5,900.0,35203.5
1000003398,20241231,2024-12-31 01:45:55,1079,1,1,Buenos Aires,5985.0,1200.0,35685.0
1000003399,20250414,2025-04-14 18:58:00,553,1,1,Buenos Aires,12978.0,900.0,75678.0
1000003400,20250510,2025-05-10 16:05:42,835,1,1,Buenos Aires,9450.0,900.0,55350.0
1000003401,20250411,2025-04-11 00:32:26,1358,1,1,Buenos Aires,12474.0,1200.0,73074.0
1000003402,20250620,2025-06-20 15:53:55,1243,2,1,Buenos Aires,4939.2,0.0,28459.2
1000003403,20240325,2024-03-25 20:53:59,1397,1,1,Buenos Aires,12407.85,900.0,72392.85
1000003404,20250416,2025-04-16 20:02:29,437,2,4,Mendoza,17482.5,0.0,100732.5
1000003405,20240106,2024-01-06 22:14:09,241,2,4,Mendoza,2268.0,0.0,13068.0
1000003406,20250726,2025-07-26 00:39:23,1246,1,1,Buenos Aires,11607.12,1200.0,68079.12
1000003407,20250125,2025-01-25 09:44:05,1076,1,2,Córdoba,4939.2,900.0,29359.2
1000003408,20241130,2024-11-30 08:06:54,1217,2,4,Mendoza,6583.5,0.0,37933.5
1000003409,20240131,2024-01-31 20:47:00,884,1,1,Buenos Aires,6463.8,1500.0,38743.8
1000003410,20240707,2024-07-07 07:47:46,1370,2,2,Córdoba,8505.0,0.0,49005.0
1000003411,20240407,2024-04-07 16:54:51,1376,1,1,Buenos Aires,6930.0,900.0,40830.0
1000003412,20240204,2024-02-04 14:42:17,249,1,2,Córdoba,3087.0,1500.0,19287.0
1000003413,20240531,2024-05-31 18:15:27,917,1,1,Buenos Aires,2469.6,1200.0,15429.6
1000003414,20241125,2024-11-25 07:44:42,168,2,4,Mendoza,8930.25,0.0,51455.25
1000003415,20240922,2024-09-22 19:14:57,566,1,1,Buenos Aires,5544.0,900.0,32844.0
1000003416,20250916,2025-09-16 07:45:26,43,2,1,Buenos Aires,6804.0,0.0,39204.0
1000003417,20240422,2024-04-22 00:25:11,813,1,1,Buenos Aires,6300.0,0.0,36300.0
1000003418,20240313,2024-03-13 12:52:22,323,1,1,Buenos Aires,2268.0,1200.0,14268.0
1000003419,20241222,2024-12-22 11:17:41,26,1,3,Santa Fe,7534.8,0.0,43414.8
1000003420,20240107,2024-01-07 22:28:43,396,2,2,Córdoba,7182.0,0.0,41382.0
1000003421,20250819,2025-08-19 07:55:56,487,2,3,Santa Fe,10187.1,0.0,58697.1
1000003422,20240226,2024-02-26 17:19:37,551,2,4,Mendoza,13179.6,0.0,75939.6
1000003423,20250422,2025-04-22 03:20:57,1101,1,1,Buenos Aires,6174.0,0.0,35574.0
1000003424,20250412,2025-04-12 22:44:40,790,2,2,Córdoba,2469.6,0.0,14229.6
1000003425,20250228,2025-02-28 17:54:35,242,1,4,Mendoza,4939.2,1200.0,29659.2
1000003426,20240401,2024-04-01 12:13:05,1399,2,3,Santa Fe,3087.0,0.0,17787.0
1000003427,20250213,2025-02-13 06:53:26,1389,1,3,Santa Fe,2268.0,1200.0,14268.0
1000003428,20240828,2024-08-28 00:50:21,1290,2,4,Mendoza,5424.3,0.0,31254.3
1000003429,20250925,2025-09-25 18:39:03,221,2,4,Mendoza,20676.6,0.0,119136.6
1000003430,20240419,2024-04-19 08:43:48,1161,2,1,Buenos Aires,9724.05,0.0,56029.05
1000003431,20241107,2024-11-07 07:12:07,570,1,3,Santa Fe,5985.0,1200.0,35685.0
1000003432,20250213,2025-02-13 11:34:07,847,1,1,Buenos Aires,11324.25,900.0,66149.25
1000003433,20241126,2024-11-26 00:51:16,372,2,2,Córdoba,14490.0,0.0,83490.0
1000003434,20240524,2024-05-24 06:07:05,390,1,2,Córdoba,5433.12,900.0,32205.12
1000003435,20240115,2024-01-15 04:55:34,434,2,2,Córdoba,13828.5,0.0,79678.5
1000003436,20240519,2024-05-19 20:11:08,1342,1,4,Mendoza,2394.0,900.0,14694.0
1000003437,20250925,2025-09-25 01:31:39,71,1,4,Mendoza,9450.0,1200.0,55650.0
1000003438,20250417,2025-04-17 18:00:09,868,2,4,Mendoza,5186.16,0.0,29882.16
1000003439,20240826,2024-08-26 06:07:40,1176,1,4,Mendoza,14061.6,1200.0,82221.6
1000003440,20250710,2025-07-10 22:33:21,1423,1,4,Mendoza,13706.28,1500.0,80474.28
1000003441,20241005,2024-10-05 16:17:48,668,2,2,Córdoba,10395.0,0.0,59895.0
1000003442,20250717,2025-07-17 21:33:37,655,1,2,Córdoba,2394.0,900.0,14694.0
1000003443,20250514,2025-05-14 13:14:53,292,1,1,Buenos Aires,7938.0,1500.0,47238.0
1000003444,20250507,2025-05-07 04:44:17,712,2,4,Mendoza,2520.0,0.0,14520.0
1000003445,20240320,2024-03-20 14:56:18,1421,1,2,Córdoba,12411.0,1200.0,72711.0
1000003446,20240805,2024-08-05 21:01:57,1290,1,2,Córdoba,4939.2,900.0,29359.2
1000003447,20240113,2024-01-13 22:17:30,576,2,4,Mendoza,4939.2,0.0,28459.2
1000003448,20250312,2025-03-12 06:46:29,612,2,1,Buenos Aires,5792.85,0.0,33377.85
1000003449,20250314,2025-03-14 04:16:08,227,2,4,Mendoza,2520.0,0.0,14520.0
1000003450,20240123,2024-01-23 03:13:15,590,1,1,Buenos Aires,10338.3,900.0,60468.3
1000003451,20240223,2024-02-23 08:25:07,1498,1,2,Córdoba,6300.0,900.0,37200.0
1000003452,20250809,2025-08-09 13:25:52,184,1,2,Córdoba,2469.6,0.0,14229.6
1000003453,20240810,2024-08-10 20:22:10,88,1,1,Buenos Aires,4788.0,0.0,27588.0
1000003454,20250315,2025-03-15 20:50:48,1321,1,3,Santa Fe,13267.8,1500.0,77947.8
1000003455,20250607,2025-06-07 05:17:13,528,1,1,Buenos Aires,6583.5,1500.0,39433.5
1000003456,20250809,2025-08-09 14:10:36,1259,1,4,Mendoza,2222.64,900.0,13706.64
1000003457,20250507,2025-05-07 23:32:13,817,2,2,Córdoba,15355.62,0.0,88477.62
1000003458,20250924,2025-09-24 19:54:27,85,2,4,Mendoza,18704.7,0.0,107774.7
1000003459,20240923,2024-09-23 13:53:28,771,2,3,Santa Fe,6300.0,0.0,36300.0
1000003460,20240713,2024-07-13 09:31:37,1386,1,1,Buenos Aires,5186.16,1200.0,31082.16
1000003461,20240601,2024-06-01 01:31:43,514,1,1,Buenos Aires,4082.4,0.0,23522.4
1000003462,20241202,2024-12-02 15:23:56,1252,2,3,Santa Fe,5509.35,0.0,31744.35
1000003463,20241122,2024-11-22 03:26:06,1427,1,1,Buenos Aires,13356.0,1500.0,78456.0
1000003464,20250828,2025-08-28 16:04:15,965,1,3,Santa Fe,4536.0,900.0,27036.0
1000003465,20250902,2025-09-02 18:29:16,1139,1,1,Buenos Aires,5670.0,1200.0,33870.0
1000003466,20240711,2024-07-11 01:53:49,1197,2,3,Santa Fe,7308.0,0.0,42108.0
1000003467,20250114,2025-01-14 22:04:31,1252,1,1,Buenos Aires,9135.0,900.0,53535.0
1000003468,20240710,2024-07-10 08:15:24,976,2,4,Mendoza,10187.1,0.0,58697.1
1000003469,20250311,2025-03-11 02:00:25,549,2,4,Mendoza,2593.08,0.0,14941.08
1000003470,20240918,2024-09-18 13:31:59,1301,1,2,Córdoba,4445.28,0.0,25613.28
1000003471,20240801,2024-08-01 03:08:37,331,1,1,Buenos Aires,4536.0,1200.0,27336.0
1000003472,20240425,2024-04-25 19:09:31,219,1,3,Santa Fe,9922.5,1200.0,58372.5
1000003473,20240428,2024-04-28 19:36:29,422,2,1,Buenos Aires,9355.5,0.0,53905.5
1000003474,20240926,2024-09-26 11:06:12,181,1,4,Mendoza,5865.3,0.0,33795.3
1000003475,20241021,2024-10-21 01:37:40,1073,1,1,Buenos Aires,3118.5,1200.0,19168.5
1000003476,20241019,2024-10-19 17:29:56,1362,1,1,Buenos Aires,5953.5,1500.0,35803.5
1000003477,20240831,2024-08-31 12:39:57,1436,2,3,Santa Fe,5544.0,0.0,31944.0
1000003478,20240405,2024-04-05 15:48:47,364,1,1,Buenos Aires,5386.5,1200.0,32236.5
1000003479,20240122,2024-01-22 21:23:00,343,1,1,Buenos Aires,6804.0,1200.0,40404.0
1000003480,20240308,2024-03-08 15:52:16,1044,1,2,Córdoba,2551.5,0.0,14701.5
1000003481,20240514,2024-05-14 08:54:23,805,2,4,Mendoza,12455.1,0.0,71765.1
1000003482,20241231,2024-12-31 20:50:15,1121,2,1,Buenos Aires,11529.0,0.0,66429.0
1000003483,20250212,2025-02-12 04:49:25,1395,2,3,Santa Fe,4536.0,0.0,26136.0
1000003484,20241012,2024-10-12 12:01:04,728,1,1,Buenos Aires,6615.0,1500.0,39615.0
1000003485,20250601,2025-06-01 20:08:41,688,2,1,Buenos Aires,4536.0,0.0,26136.0
1000003486,20240617,2024-06-17 18:08:16,831,1,1,Buenos Aires,8977.5,900.0,52627.5
1000003487,20250813,2025-08-13 13:03:44,744,1,2,Córdoba,6284.25,1500.0,37709.25
1000003488,20240930,2024-09-30 11:29:12,1371,2,2,Córdoba,12726.63,0.0,73329.63
1000003489,20240304,2024-03-04 11:20:27,167,1,1,Buenos Aires,2593.08,900.0,15841.08
1000003490,20240517,2024-05-17 16:36:45,111,1,1,Buenos Aires,7509.6,900.0,44169.6
1000003491,20241129,2024-11-29 19:44:50,580,1,2,Córdoba,2520.0,900.0,15420.0
1000003492,20240105,2024-01-05 03:24:59,117,2,1,Buenos Aires,2041.2,0.0,11761.2
1000003493,20250928,2025-09-28 01:40:51,1264,1,2,Córdoba,8505.0,900.0,49905.0
1000003494,20250526,2025-05-26 21:45:53,233,1,3,Santa Fe,7560.0,900.0,44460.0
1000003495,20240508,2024-05-08 16:28:49,671,1,3,Santa Fe,4624.2,900.0,27544.2
1000003496,20240403,2024-04-03 20:03:19,94,1,3,Santa Fe,9954.0,0.0,57354.0
1000003497,20240620,2024-06-20 09:02:08,390,2,4,Mendoza,5670.0,0.0,32670.0
1000003498,20250102,2025-01-02 17:15:41,305,1,1,Buenos Aires,5512.5,1200.0,32962.5
1000003499,20241124,2024-11-24 22:29:11,400,1,4,Mendoza,7509.6,1200.0,44469.6
1000003500,20240312,2024-03-12 21:13:22,396,1,1,Buenos Aires,8977.5,1200.0,52927.5
1000003501,20241225,2024-12-25 11:52:35,1168,1,3,Santa Fe,6142.5,900.0,36292.5
1000003502,20250211,2025-02-11 09:15:13,655,2,3,Santa Fe,14364.0,0.0,82764.0
1000003503,20250702,2025-07-02 10:39:21,343,1,2,Córdoba,5663.7,900.0,33533.7
1000003504,20250321,2025-03-21 13:07:23,684,1,3,Santa Fe,4536.0,1200.0,27336.0
1000003505,20240616,2024-06-16 15:30:21,1150,1,3,Santa Fe,7938.0,0.0,45738.0
1000003506,20240217,2024-02-17 15:49:50,1028,2,3,Santa Fe,5556.6,0.0,32016.6
1000003507,20240508,2024-05-08 15:14:14,585,2,1,Buenos Aires,4536.0,0.0,26136.0
1000003508,20250524,2025-05-24 23:40:16,1294,1,2,Córdoba,3150.0,900.0,19050.0
1000003509,20241011,2024-10-11 18:13:35,455,2,4,Mendoza,2976.75,0.0,17151.75
1000003510,20250919,2025-09-19 01:07:01,1141,2,1,Buenos Aires,8079.75,0.0,46554.75
1000003511,20250810,2025-08-10 18:27:59,376,2,2,Córdoba,2835.0,0.0,16335.0
1000003512,20240518,2024-05-18 04:24:55,1154,1,1,Buenos Aires,7161.84,1200.0,42465.84
1000003513,20241015,2024-10-15 02:02:46,1498,1,3,Santa Fe,2268.0,1200.0,14268.0
1000003514,20250924,2025-09-24 07:51:41,603,2,3,Santa Fe,2520.0,0.0,14520.0
1000003515,20240301,2024-03-01 08:12:19,1002,2,3,Santa Fe,16986.38,0.0,97873.88
1000003516,20240830,2024-08-30 17:27:24,924,1,2,Córdoba,4788.0,0.0,27588.0
1000003517,20250619,2025-06-19 21:02:08,1309,2,1,Buenos Aires,2992.5,0.0,17242.5
1000003518,20250602,2025-06-02 14:38:54,1212,2,4,Mendoza,2835.0,0.0,16335.0
1000003519,20250706,2025-07-06 15:28:09,974,2,2,Córdoba,7408.8,0.0,42688.8
1000003520,20240507,2024-05-07 00:52:23,1154,2,1,Buenos Aires,9563.4,0.0,55103.4
1000003521,20250902,2025-09-02 17:50:27,105,1,3,Santa Fe,6583.5,1200.0,39133.5
1000003522,20241031,2024-10-31 03:17:29,335,1,2,Córdoba,7408.8,900.0,43588.8
1000003523,20240218,2024-02-18 22:56:50,421,2,1,Buenos Aires,6463.8,0.0,37243.8
1000003524,20250726,2025-07-26 21:13:19,77,1,1,Buenos Aires,10324.12,1200.0,60686.62
1000003525,20240224,2024-02-24 16:09:15,1399,2,1,Buenos Aires,3150.0,0.0,18150.0
1000003526,20240424,2024-04-24 20:42:23,761,1,2,Córdoba,4939.2,1200.0,29659.2
1000003527,20250819,2025-08-19 03:29:32,160,2,2,Córdoba,4309.2,0.0,24829.2
1000003528,20240818,2024-08-18 13:28:38,555,1,1,Buenos Aires,11169.9,900.0,65259.9
1000003529,20240729,2024-07-29 18:11:46,634,1,1,Buenos Aires,7560.0,1200.0,44760.0
1000003530,20240306,2024-03-06 13:07:31,1187,2,4,Mendoza,3395.7,0.0,19565.7
1000003531,20250903,2025-09-03 15:58:09,1329,1,1,Buenos Aires,2520.0,900.0,15420.0
1000003532,20250813,2025-08-13 06:43:08,1231,1,2,Córdoba,21117.6,0.0,121677.6
1000003533,20250403,2025-04-03 09:38:14,571,2,1,Buenos Aires,4309.2,0.0,24829.2
1000003534,20250222,2025-02-22 11:16:01,1336,2,1,Buenos Aires,10395.0,0.0,59895.0
1000003535,20240227,2024-02-27 18:25:45,243,2,1,Buenos Aires,6690.6,0.0,38550.6
1000003536,20241127,2024-11-27 11:46:29,678,2,3,Santa Fe,2992.5,0.0,17242.5
1000003537,20240218,2024-02-18 01:07:37,791,1,2,Córdoba,12119.62,900.0,70732.12
1000003538,20250506,2025-05-06 05:39:21,580,1,2,Córdoba,3087.0,1200.0,18987.0
1000003539,20241208,2024-12-08 10:21:36,121,2,3,Santa Fe,8930.25,0.0,51455.25
1000003540,20250715,2025-07-15 21:42:05,1130,2,4,Mendoza,6300.0,0.0,36300.0
1000003541,20240525,2024-05-25 21:10:41,1275,2,4,Mendoza,14049.0,0.0,80949.0
1000003542,20240422,2024-04-22 16:51:43,1039,1,1,Buenos Aires,7900.2,900.0,46420.2
1000003543,20241013,2024-10-13 10:29:18,171,2,3,Santa Fe,4445.28,0.0,25613.28
1000003544,20250525,2025-05-25 15:41:17,132,2,1,Buenos Aires,9355.5,0.0,53905.5
1000003545,20250117,2025-01-17 20:27:47,889,2,3,Santa Fe,7704.9,0.0,44394.9
1000003546,20240216,2024-02-16 09:33:22,640,1,1,Buenos Aires,6463.8,900.0,38143.8
1000003547,20250524,2025-05-24 03:34:27,841,1,1,Buenos Aires,8505.0,1200.0,50205.0
1000003548,20250115,2025-01-15 16:21:07,1188,2,4,Mendoza,4788.0,0.0,27588.0
1000003549,20241103,2024-11-03 03:10:17,1319,1,1,Buenos Aires,4536.0,1200.0,27336.0
1000003550,20250107,2025-01-07 13:15:55,580,1,1,Buenos Aires,3087.0,900.0,18687.0
1000003551,20241015,2024-10-15 01:53:28,589,1,1,Buenos Aires,2646.0,1200.0,16446.0
1000003552,20250216,2025-02-16 11:15:02,204,1,1,Buenos Aires,6804.0,1200.0,40404.0
1000003553,20240409,2024-04-09 04:28:48,867,1,1,Buenos Aires,8079.75,900.0,47454.75
1000003554,20240923,2024-09-23 20:47:52,250,1,1,Buenos Aires,2693.25,1500.0,17018.25
1000003555,20250501,2025-05-01 11:25:03,1215,1,1,Buenos Aires,3087.0,0.0,17787.0
1000003556,20240417,2024-04-17 21:04:40,1363,2,4,Mendoza,2494.8,0.0,14374.8
1000003557,20250629,2025-06-29 02:15:11,589,1,2,Córdoba,11680.2,900.0,68200.2
1000003558,20240519,2024-05-19 06:11:35,1462,1,4,Mendoza,6123.6,900.0,36183.6
1000003559,20250622,2025-06-22 03:19:16,837,2,4,Mendoza,8505.0,0.0,49005.0
1000003560,20241208,2024-12-08 18:22:47,1210,2,1,Buenos Aires,7182.0,0.0,41382.0
1000003561,20241126,2024-11-26 10:57:25,370,2,3,Santa Fe,4082.4,0.0,23522.4
1000003562,20250803,2025-08-03 00:38:13,1474,2,4,Mendoza,13219.92,0.0,76171.92
1000003563,20241122,2024-11-22 13:45:43,294,2,1,Buenos Aires,5953.5,0.0,34303.5
1000003564,20250515,2025-05-15 06:52:33,1427,1,2,Córdoba,5985.0,900.0,35385.0
1000003565,20240611,2024-06-11 11:15:26,119,1,1,Buenos Aires,11481.75,1500.0,67656.75
1000003566,20240103,2024-01-03 20:35:16,485,1,1,Buenos Aires,8505.0,0.0,49005.0
1000003567,20240130,2024-01-30 17:42:33,583,2,4,Mendoza,11360.16,0.0,65456.16
1000003568,20250421,2025-04-21 16:43:06,1463,1,1,Buenos Aires,2394.0,900.0,14694.0
1000003569,20250402,2025-04-02 12:18:10,160,1,1,Buenos Aires,5985.0,0.0,34485.0
1000003570,20250817,2025-08-17 12:06:59,629,1,2,Córdoba,11229.75,1200.0,65904.75
1000003571,20240806,2024-08-06 15:43:42,727,2,1,Buenos Aires,6667.92,0.0,38419.92
1000003572,20240503,2024-05-03 17:48:56,590,1,1,Buenos Aires,9450.0,1200.0,55650.0
1000003573,20241021,2024-10-21 16:26:05,443,1,1,Buenos Aires,6174.0,900.0,36474.0
1000003574,20240317,2024-03-17 20:09:15,705,1,2,Córdoba,3241.35,900.0,19576.35
1000003575,20250511,2025-05-11 15:08:03,188,1,3,Santa Fe,2992.5,1200.0,18442.5
1000003576,20240413,2024-04-13 20:59:27,1097,2,4,Mendoza,7182.0,0.0,41382.0
1000003577,20250219,2025-02-19 05:04:58,1328,2,4,Mendoza,3087.0,0.0,17787.0
1000003578,20240103,2024-01-03 18:28:29,304,2,3,Santa Fe,5292.0,0.0,30492.0
1000003579,20250715,2025-07-15 13:50:02,876,1,2,Córdoba,13718.25,1500.0,80543.25
1000003580,20240502,2024-05-02 05:46:03,1116,1,1,Buenos Aires,2469.6,1200.0,15429.6
1000003581,20250315,2025-03-15 12:50:18,1219,1,1,Buenos Aires,10187.1,1500.0,60197.1
1000003582,20250120,2025-01-20 07:35:25,1134,1,1,Buenos Aires,3087.0,1500.0,19287.0
1000003583,20240301,2024-03-01 00:00:12,1074,2,4,Mendoza,10332.0,0.0,59532.0
1000003584,20250522,2025-05-22 01:40:10,350,1,2,Córdoba,5433.12,900.0,32205.12
1000003585,20241220,2024-12-20 08:24:15,1406,1,4,Mendoza,4788.0,900.0,28488.0
1000003586,20250217,2025-02-17 06:14:47,1176,2,4,Mendoza,11472.3,0.0,66102.3
1000003587,20240227,2024-02-27 20:59:35,1367,1,1,Buenos Aires,9450.0,900.0,55350.0
1000003588,20240711,2024-07-11 02:33:39,232,1,1,Buenos Aires,9426.38,1200.0,55513.88
1000003589,20250625,2025-06-25 16:43:23,844,1,3,Santa Fe,9261.0,900.0,54261.0
1000003590,20250607,2025-06-07 22:48:56,671,1,1,Buenos Aires,7408.8,900.0,43588.8
1000003591,20240813,2024-08-13 16:07:18,407,1,4,Mendoza,4082.4,900.0,24422.4
1000003592,20250226,2025-02-26 21:55:54,944,1,3,Santa Fe,2693.25,900.0,16418.25
1000003593,20241018,2024-10-18 02:57:24,327,2,2,Córdoba,3241.35,0.0,18676.35
1000003594,20240628,2024-06-28 10:13:30,199,1,1,Buenos Aires,11607.12,900.0,67779.12
1000003595,20241224,2024-12-24 01:41:56,1409,1,4,Mendoza,12656.7,900.0,73826.7
1000003596,20240229,2024-02-29 23:47:51,949,2,2,Córdoba,10495.8,0.0,60475.8
1000003597,20241106,2024-11-06 06:38:24,900,1,1,Buenos Aires,8977.5,900.0,52627.5
1000003598,20240307,2024-03-07 06:42:02,932,2,1,Buenos Aires,6300.0,0.0,36300.0
1000003599,20240115,2024-01-15 05:42:51,683,2,1,Buenos Aires,9875.25,0.0,56900.25
1000003600,20240216,2024-02-16 04:01:03,1360,2,4,Mendoza,6583.5,0.0,37933.5
1000003601,20240907,2024-09-07 12:45:46,505,1,1,Buenos Aires,8977.5,900.0,52627.5
1000003602,20250621,2025-06-21 03:59:56,371,1,4,Mendoza,2551.5,900.0,15601.5
1000003603,20240106,2024-01-06 20:31:07,535,1,3,Santa Fe,2992.5,900.0,18142.5
1000003604,20241019,2024-10-19 05:29:12,446,1,1,Buenos Aires,12096.0,1200.0,70896.0
1000003605,20250601,2025-06-01 02:42:44,610,2,4,Mendoza,9135.0,0.0,52635.0
1000003606,20240619,2024-06-19 18:32:15,243,1,4,Mendoza,2835.0,1200.0,17535.0
1000003607,20241107,2024-11-07 03:42:33,1469,2,2,Córdoba,4788.0,0.0,27588.0
1000003608,20250228,2025-02-28 09:38:02,86,1,2,Córdoba,8316.0,900.0,48816.0
1000003609,20250717,2025-07-17 21:28:38,437,1,3,Santa Fe,5743.08,1200.0,34291.08
1000003610,20240813,2024-08-13 20:28:17,199,1,3,Santa Fe,13693.05,900.0,79798.05
1000003611,20240427,2024-04-27 00:22:47,350,1,1,Buenos Aires,13545.0,900.0,78945.0
1000003612,20240215,2024-02-15 22:59:29,105,2,1,Buenos Aires,8662.5,0.0,49912.5
1000003613,20240426,2024-04-26 07:11:21,698,1,3,Santa Fe,4939.2,0.0,28459.2
1000003614,20240228,2024-02-28 12:41:21,1236,1,1,Buenos Aires,4939.2,1200.0,29659.2
1000003615,20241228,2024-12-28 00:38:00,1305,1,1,Buenos Aires,5027.4,900.0,29867.4
1000003616,20250605,2025-06-05 03:55:36,1262,1,1,Buenos Aires,11025.0,900.0,64425.0
1000003617,20241228,2024-12-28 06:23:00,1325,2,4,Mendoza,9426.38,0.0,54313.88
1000003618,20240111,2024-01-11 09:33:43,117,1,2,Córdoba,10122.84,900.0,59226.84
1000003619,20250922,2025-09-22 02:09:13,1322,1,2,Córdoba,5953.5,1200.0,35503.5
1000003620,20240204,2024-02-04 22:40:46,694,2,3,Santa Fe,9261.0,0.0,53361.0
1000003621,20240719,2024-07-19 06:13:30,1092,2,2,Córdoba,5670.0,0.0,32670.0
1000003622,20240329,2024-03-29 08:02:30,279,1,1,Buenos Aires,6237.0,1200.0,37137.0
1000003623,20240107,2024-01-07 18:46:04,1277,2,1,Buenos Aires,4536.0,0.0,26136.0
1000003624,20250706,2025-07-06 22:15:13,983,2,3,Santa Fe,2469.6,0.0,14229.6
1000003625,20240319,2024-03-19 18:50:53,1300,1,4,Mendoza,6284.25,0.0,36209.25
1000003626,20241030,2024-10-30 02:32:03,727,2,4,Mendoza,6804.0,0.0,39204.0
1000003627,20240624,2024-06-24 23:14:17,496,1,1,Buenos Aires,4788.0,1500.0,29088.0
1000003628,20240808,2024-08-08 00:35:33,657,1,1,Buenos Aires,7541.1,0.0,43451.1
1000003629,20250114,2025-01-14 21:25:44,277,1,1,Buenos Aires,2268.0,0.0,13068.0
1000003630,20240925,2024-09-25 15:22:24,523,1,2,Córdoba,7560.0,1200.0,44760.0
1000003631,20241111,2024-11-11 12:30:00,126,1,2,Córdoba,6174.0,900.0,36474.0
1000003632,20240420,2024-04-20 19:02:28,1034,2,1,Buenos Aires,3118.5,0.0,17968.5
1000003633,20250111,2025-01-11 06:02:07,358,2,4,Mendoza,2520.0,0.0,14520.0
1000003634,20240327,2024-03-27 17:23:11,637,1,2,Córdoba,6804.0,1200.0,40404.0
1000003635,20240831,2024-08-31 16:35:26,691,2,2,Córdoba,7144.2,0.0,41164.2
1000003636,20241110,2024-11-10 04:17:00,380,2,4,Mendoza,16386.3,0.0,94416.3
1000003637,20240827,2024-08-27 07:22:39,1253,1,4,Mendoza,4737.6,900.0,28197.6
1000003638,20240722,2024-07-22 03:25:14,1068,2,4,Mendoza,7408.8,0.0,42688.8
1000003639,20250225,2025-02-25 23:47:18,1188,1,2,Córdoba,8977.5,1500.0,53227.5
1000003640,20250815,2025-08-15 21:14:06,1354,1,1,Buenos Aires,3150.0,900.0,19050.0
1000003641,20240928,2024-09-28 10:04:27,1109,2,2,Córdoba,8149.68,0.0,46957.68
1000003642,20240911,2024-09-11 01:24:53,1399,2,1,Buenos Aires,7717.5,0.0,44467.5
1000003643,20240512,2024-05-12 12:11:03,672,2,1,Buenos Aires,8706.6,0.0,50166.6
1000003644,20240419,2024-04-19 17:50:07,1351,2,1,Buenos Aires,16033.5,0.0,92383.5
1000003645,20240727,2024-07-27 23:35:38,725,1,2,Córdoba,10710.0,1500.0,63210.0
1000003646,20240618,2024-06-18 10:27:47,1288,2,3,Santa Fe,5953.5,0.0,34303.5
1000003647,20240711,2024-07-11 01:36:43,542,1,1,Buenos Aires,9724.05,1200.0,57229.05
1000003648,20250919,2025-09-19 01:41:44,205,1,2,Córdoba,10294.2,1200.0,60514.2
1000003649,20240423,2024-04-23 08:35:00,421,1,1,Buenos Aires,2646.0,1200.0,16446.0
1000003650,20240825,2024-08-25 01:54:36,433,1,1,Buenos Aires,14042.7,1200.0,82112.7
1000003651,20240623,2024-06-23 01:28:13,313,1,1,Buenos Aires,3307.5,900.0,19957.5
1000003652,20240208,2024-02-08 10:55:42,556,2,4,Mendoza,7182.0,0.0,41382.0
1000003653,20250412,2025-04-12 05:47:30,1225,1,3,Santa Fe,5040.0,1500.0,30540.0
1000003654,20240812,2024-08-12 17:09:27,1326,1,3,Santa Fe,11844.0,1200.0,69444.0
1000003655,20250618,2025-06-18 01:21:23,513,1,1,Buenos Aires,2268.0,900.0,13968.0
1000003656,20240505,2024-05-05 05:55:59,196,1,1,Buenos Aires,13041.0,1500.0,76641.0
1000003657,20240929,2024-09-29 14:25:32,377,1,1,Buenos Aires,4536.0,900.0,27036.0
1000003658,20240608,2024-06-08 09:42:27,400,2,2,Córdoba,5040.0,0.0,29040.0
1000003659,20250322,2025-03-22 05:45:33,1177,1,2,Córdoba,10489.5,1500.0,61939.5
1000003660,20240311,2024-03-11 05:32:22,833,1,1,Buenos Aires,12915.0,1500.0,75915.0
1000003661,20240922,2024-09-22 19:32:48,308,1,1,Buenos Aires,2513.7,1500.0,15983.7
1000003662,20240917,2024-09-17 04:00:51,291,2,4,Mendoza,7560.0,0.0,43560.0
1000003663,20250701,2025-07-01 21:45:23,727,1,4,Mendoza,2992.5,900.0,18142.5
1000003664,20241226,2024-12-26 22:05:59,587,2,3,Santa Fe,8977.5,0.0,51727.5
1000003665,20241202,2024-12-02 21:51:00,448,2,2,Córdoba,2835.0,0.0,16335.0
1000003666,20240604,2024-06-04 20:04:03,1144,2,1,Buenos Aires,10143.0,0.0,58443.0
1000003667,20250419,2025-04-19 02:51:27,516,1,3,Santa Fe,5292.0,1500.0,31992.0
1000003668,20241019,2024-10-19 11:39:35,1123,1,4,Mendoza,4536.0,1500.0,27636.0
1000003669,20240522,2024-05-22 21:33:01,1203,1,2,Córdoba,6804.0,1200.0,40404.0
1000003670,20240319,2024-03-19 09:42:18,377,2,1,Buenos Aires,8694.0,0.0,50094.0
1000003671,20240331,2024-03-31 08:51:19,991,1,1,Buenos Aires,7938.0,900.0,46638.0
1000003672,20250506,2025-05-06 18:02:11,240,1,1,Buenos Aires,4788.0,1200.0,28788.0
1000003673,20250328,2025-03-28 17:14:03,1155,2,4,Mendoza,2469.6,0.0,14229.6
1000003674,20240325,2024-03-25 20:54:47,46,2,3,Santa Fe,7779.24,0.0,44823.24
1000003675,20241011,2024-10-11 01:05:45,1102,1,1,Buenos Aires,2381.4,1200.0,14921.4
1000003676,20241124,2024-11-24 01:36:10,1402,1,1,Buenos Aires,5506.2,900.0,32626.2
1000003677,20241224,2024-12-24 00:22:41,429,1,1,Buenos Aires,11592.0,1200.0,67992.0
1000003678,20240724,2024-07-24 17:39:27,1106,2,2,Córdoba,6804.0,0.0,39204.0
1000003679,20240909,2024-09-09 17:27:46,1067,1,1,Buenos Aires,2154.6,1200.0,13614.6
1000003680,20240119,2024-01-19 11:47:50,125,1,2,Córdoba,3087.0,900.0,18687.0
1000003681,20250830,2025-08-30 23:14:39,352,1,2,Córdoba,2778.3,1200.0,17208.3
1000003682,20240305,2024-03-05 08:19:31,592,2,2,Córdoba,2633.4,0.0,15173.4
1000003683,20240216,2024-02-16 04:55:31,231,2,1,Buenos Aires,7541.1,0.0,43451.1
1000003684,20240329,2024-03-29 23:09:08,23,1,2,Córdoba,7900.2,900.0,46420.2
1000003685,20250205,2025-02-05 22:34:08,622,1,1,Buenos Aires,4939.2,1200.0,29659.2
1000003686,20250201,2025-02-01 14:57:01,971,2,2,Córdoba,16537.5,0.0,95287.5
1000003687,20241017,2024-10-17 08:38:26,724,2,4,Mendoza,6667.92,0.0,38419.92
1000003688,20250221,2025-02-21 09:45:42,150,1,2,Córdoba,4445.28,1200.0,26813.28
1000003689,20240602,2024-06-02 15:44:38,683,1,1,Buenos Aires,5292.0,900.0,31392.0
1000003690,20240930,2024-09-30 00:16:01,1219,1,4,Mendoza,13311.9,1200.0,77901.9
1000003691,20240125,2024-01-25 16:00:36,71,1,1,Buenos Aires,3291.75,1200.0,20166.75
1000003692,20240531,2024-05-31 14:22:21,120,2,1,Buenos Aires,8505.0,0.0,49005.0
1000003693,20250104,2025-01-04 17:13:20,937,2,3,Santa Fe,6237.0,0.0,35937.0
1000003694,20240617,2024-06-17 01:34:25,1122,1,1,Buenos Aires,5556.6,900.0,32916.6
1000003695,20250707,2025-07-07 13:21:08,1380,1,2,Córdoba,22680.0,1200.0,131880.0
1000003696,20241127,2024-11-27 11:23:46,910,2,3,Santa Fe,7144.2,0.0,41164.2
1000003697,20250103,2025-01-03 06:40:31,787,1,1,Buenos Aires,7779.24,1200.0,46023.24
1000003698,20240909,2024-09-09 00:47:49,1155,1,1,Buenos Aires,5027.4,900.0,29867.4
1000003699,20250529,2025-05-29 08:41:54,86,1,1,Buenos Aires,5544.0,900.0,32844.0
1000003700,20250126,2025-01-26 03:07:22,938,2,4,Mendoza,2992.5,0.0,17242.5
1000003701,20240419,2024-04-19 17:08:08,1058,2,4,Mendoza,2520.0,0.0,14520.0
1000003702,20240310,2024-03-10 13:14:34,414,2,2,Córdoba,8757.0,0.0,50457.0
1000003703,20240909,2024-09-09 23:14:10,166,1,2,Córdoba,4788.0,900.0,28488.0
1000003704,20241230,2024-12-30 21:50:19,1427,2,3,Santa Fe,7900.2,0.0,45520.2
1000003705,20240509,2024-05-09 13:00:48,362,2,4,Mendoza,2992.5,0.0,17242.5
1000003706,20240801,2024-08-01 12:29:58,1491,1,3,Santa Fe,15253.88,1200.0,89091.38
1000003707,20250202,2025-02-02 12:56:19,465,1,1,Buenos Aires,4536.0,900.0,27036.0
1000003708,20250131,2025-01-31 22:32:09,724,2,3,Santa Fe,6930.0,0.0,39930.0
1000003709,20240911,2024-09-11 05:42:54,1342,1,2,Córdoba,5985.0,1500.0,35985.0
1000003710,20250830,2025-08-30 02:17:39,244,2,2,Córdoba,7408.8,0.0,42688.8
1000003711,20240430,2024-04-30 00:33:01,747,1,3,Santa Fe,17766.0,1200.0,103566.0
1000003712,20250113,2025-01-13 16:34:55,1225,1,1,Buenos Aires,6690.6,900.0,39450.6
1000003713,20241027,2024-10-27 13:56:11,115,2,1,Buenos Aires,10187.1,0.0,58697.1
1000003714,20250216,2025-02-16 17:55:25,831,1,1,Buenos Aires,13797.0,1200.0,80697.0
1000003715,20241224,2024-12-24 17:48:32,102,1,3,Santa Fe,3150.0,1200.0,19350.0
1000003716,20250220,2025-02-20 01:48:15,666,1,2,Córdoba,2772.0,1500.0,17472.0
1000003717,20250401,2025-04-01 19:22:49,1121,2,2,Córdoba,7560.0,0.0,43560.0
1000003718,20250817,2025-08-17 21:03:53,841,1,1,Buenos Aires,5040.0,1200.0,30240.0
1000003719,20250224,2025-02-24 02:53:35,1412,1,4,Mendoza,2469.6,1500.0,15729.6
1000003720,20240103,2024-01-03 23:27:43,1210,1,2,Córdoba,6300.0,1200.0,37500.0
1000003721,20241114,2024-11-14 22:42:25,362,1,1,Buenos Aires,9891.0,0.0,56991.0
1000003722,20241128,2024-11-28 23:56:56,1009,1,1,Buenos Aires,9424.8,900.0,55204.8
1000003723,20250402,2025-04-02 08:22:24,830,1,4,Mendoza,7144.2,0.0,41164.2
1000003724,20250909,2025-09-09 21:31:48,995,2,3,Santa Fe,2520.0,0.0,14520.0
1000003725,20250430,2025-04-30 17:34:53,504,1,2,Córdoba,4445.28,1500.0,27113.28
1000003726,20250629,2025-06-29 15:46:45,1093,2,4,Mendoza,7484.4,0.0,43124.4
1000003727,20250616,2025-06-16 17:27:27,805,1,3,Santa Fe,2394.0,1200.0,14994.0
1000003728,20241108,2024-11-08 22:52:07,657,1,2,Córdoba,2469.6,0.0,14229.6
1000003729,20250330,2025-03-30 06:39:43,965,1,4,Mendoza,12858.3,1200.0,75288.3
1000003730,20250831,2025-08-31 08:23:21,439,2,3,Santa Fe,4788.0,0.0,27588.0
1000003731,20240513,2024-05-13 00:13:30,457,1,2,Córdoba,11239.2,900.0,65659.2
1000003732,20241029,2024-10-29 15:48:16,958,1,2,Córdoba,10999.8,900.0,64279.8
1000003733,20240526,2024-05-26 18:05:00,725,1,1,Buenos Aires,13885.2,1200.0,81205.2
1000003734,20240131,2024-01-31 21:07:49,256,2,2,Córdoba,8977.5,0.0,51727.5
1000003735,20240426,2024-04-26 02:57:49,919,2,2,Córdoba,2778.3,0.0,16008.3
1000003736,20240922,2024-09-22 15:03:08,292,2,3,Santa Fe,4536.0,0.0,26136.0
1000003737,20241204,2024-12-04 21:25:21,1377,1,1,Buenos Aires,2778.3,900.0,16908.3
1000003738,20250202,2025-02-02 16:27:30,290,1,1,Buenos Aires,2520.0,1200.0,15720.0
1000003739,20250622,2025-06-22 01:27:01,1273,1,1,Buenos Aires,9450.0,1200.0,55650.0
1000003740,20250703,2025-07-03 10:57:50,1056,2,2,Córdoba,2992.5,0.0,17242.5
1000003741,20241028,2024-10-28 05:18:03,601,1,1,Buenos Aires,11793.6,900.0,68853.6
1000003742,20240806,2024-08-06 12:17:28,1500,1,3,Santa Fe,8505.0,1500.0,50505.0
1000003743,20240516,2024-05-16 19:59:47,1241,1,1,Buenos Aires,8334.9,1200.0,49224.9
1000003744,20241204,2024-12-04 16:26:08,874,2,3,Santa Fe,4445.28,0.0,25613.28
1000003745,20241124,2024-11-24 03:26:31,911,1,1,Buenos Aires,9261.0,1200.0,54561.0
1000003746,20250223,2025-02-23 18:34:18,910,1,1,Buenos Aires,4445.28,900.0,26513.28
1000003747,20250326,2025-03-26 10:05:45,1089,2,2,Córdoba,12978.0,0.0,74778.0
1000003748,20240323,2024-03-23 08:51:33,855,1,1,Buenos Aires,8930.25,1200.0,52655.25
1000003749,20240815,2024-08-15 22:46:09,543,1,1,Buenos Aires,6300.0,1200.0,37500.0
1000003750,20241009,2024-10-09 05:55:58,738,2,1,Buenos Aires,5670.0,0.0,32670.0
1000003751,20241203,2024-12-03 13:02:37,1043,1,2,Córdoba,5670.0,900.0,33570.0
1000003752,20250708,2025-07-08 13:24:43,733,1,2,Córdoba,2992.5,1200.0,18442.5
1000003753,20240625,2024-06-25 09:03:51,77,1,1,Buenos Aires,16380.0,900.0,95280.0
1000003754,20250531,2025-05-31 10:14:39,1067,1,1,Buenos Aires,6174.0,0.0,35574.0
1000003755,20240107,2024-01-07 21:50:21,387,1,4,Mendoza,6860.7,900.0,40430.7
1000003756,20241222,2024-12-22 13:57:00,942,2,1,Buenos Aires,2976.75,0.0,17151.75
1000003757,20250313,2025-03-13 14:45:49,863,2,1,Buenos Aires,8505.0,0.0,49005.0
1000003758,20250716,2025-07-16 13:51:54,1368,2,2,Córdoba,16858.8,0.0,97138.8
1000003759,20250328,2025-03-28 22:52:04,722,1,1,Buenos Aires,8505.0,1500.0,50505.0
1000003760,20250504,2025-05-04 18:16:43,168,1,2,Córdoba,4788.0,1200.0,28788.0
1000003761,20240830,2024-08-30 19:37:09,625,1,1,Buenos Aires,2633.4,0.0,15173.4
1000003762,20240425,2024-04-25 23:15:19,1021,1,1,Buenos Aires,8977.5,0.0,51727.5
1000003763,20240626,2024-06-26 19:48:27,739,1,4,Mendoza,11749.5,1500.0,69199.5
1000003764,20250504,2025-05-04 19:44:51,1362,1,1,Buenos Aires,8505.0,900.0,49905.0
1000003765,20250206,2025-02-06 05:04:17,921,1,2,Córdoba,6463.8,1200.0,38443.8
1000003766,20250406,2025-04-06 22:36:26,1071,2,2,Córdoba,7560.0,0.0,43560.0
1000003767,20240501,2024-05-01 23:02:57,759,1,3,Santa Fe,11844.0,900.0,69144.0
1000003768,20250513,2025-05-13 07:40:09,285,1,1,Buenos Aires,5556.6,900.0,32916.6
1000003769,20241029,2024-10-29 00:14:20,200,2,3,Santa Fe,6174.0,0.0,35574.0
1000003770,20250617,2025-06-17 21:44:00,1377,1,3,Santa Fe,9324.0,1500.0,55224.0
1000003771,20240504,2024-05-04 09:39:42,278,2,2,Córdoba,2394.0,0.0,13794.0
1000003772,20250817,2025-08-17 01:10:27,519,2,2,Córdoba,2835.0,0.0,16335.0
1000003773,20240904,2024-09-04 01:06:24,1476,1,4,Mendoza,3087.0,1200.0,18987.0
1000003774,20240405,2024-04-05 03:21:14,1026,1,1,Buenos Aires,15308.37,0.0,88205.37
1000003775,20240119,2024-01-19 12:14:58,820,1,1,Buenos Aires,2992.5,900.0,18142.5
1000003776,20240819,2024-08-19 03:41:11,1140,1,1,Buenos Aires,2469.6,1200.0,15429.6
1000003777,20240907,2024-09-07 16:44:12,382,2,1,Buenos Aires,5670.0,0.0,32670.0
1000003778,20240402,2024-04-02 16:02:32,246,1,1,Buenos Aires,7182.0,1500.0,42882.0
1000003779,20250623,2025-06-23 03:24:34,798,1,3,Santa Fe,7182.0,1200.0,42582.0
1000003780,20240210,2024-02-10 11:48:34,1167,1,1,Buenos Aires,5433.12,900.0,32205.12
1000003781,20250220,2025-02-20 14:11:48,1454,1,2,Córdoba,7938.0,900.0,46638.0
1000003782,20240822,2024-08-22 07:30:09,488,2,3,Santa Fe,2394.0,0.0,13794.0
1000003783,20250121,2025-01-21 23:06:42,1116,1,4,Mendoza,11954.25,1500.0,70379.25
1000003784,20241016,2024-10-16 10:30:00,15,1,4,Mendoza,8416.8,900.0,49396.8
1000003785,20250817,2025-08-17 15:58:18,332,2,1,Buenos Aires,9198.0,0.0,52998.0
1000003786,20240401,2024-04-01 10:18:22,707,2,1,Buenos Aires,4788.0,0.0,27588.0
1000003787,20250716,2025-07-16 15:51:05,238,1,1,Buenos Aires,15435.0,1200.0,90135.0
1000003788,20240328,2024-03-28 13:11:38,66,2,2,Córdoba,7408.8,0.0,42688.8
1000003789,20250712,2025-07-12 04:47:11,407,1,3,Santa Fe,8505.0,1200.0,50205.0
1000003790,20240916,2024-09-16 11:54:54,1095,1,1,Buenos Aires,6667.92,0.0,38419.92
1000003791,20240828,2024-08-28 04:59:33,553,2,1,Buenos Aires,9450.0,0.0,54450.0
1000003792,20240421,2024-04-21 10:01:20,533,1,1,Buenos Aires,8694.0,900.0,50994.0
1000003793,20241211,2024-12-11 08:48:04,332,1,1,Buenos Aires,3087.0,1200.0,18987.0
1000003794,20250410,2025-04-10 05:28:12,730,1,1,Buenos Aires,12077.1,1200.0,70787.1
1000003795,20240821,2024-08-21 03:51:20,615,2,3,Santa Fe,9261.0,0.0,53361.0
1000003796,20240430,2024-04-30 16:04:44,1274,1,1,Buenos Aires,5985.0,900.0,35385.0
1000003797,20250226,2025-02-26 17:15:14,1275,2,2,Córdoba,3307.5,0.0,19057.5
1000003798,20240426,2024-04-26 05:15:04,595,2,3,Santa Fe,8977.5,0.0,51727.5
1000003799,20250925,2025-09-25 23:08:29,1086,1,1,Buenos Aires,3087.0,900.0,18687.0
1000003800,20250527,2025-05-27 19:18:16,945,1,1,Buenos Aires,6713.28,900.0,39581.28
1000003801,20240507,2024-05-07 07:16:41,1296,2,4,Mendoza,7736.4,0.0,44576.4
1000003802,20250928,2025-09-28 17:21:21,1467,1,2,Córdoba,2716.56,1200.0,16852.56
1000003803,20250523,2025-05-23 06:48:17,468,1,1,Buenos Aires,16206.75,900.0,94281.75
1000003804,20240217,2024-02-17 21:48:03,23,2,1,Buenos Aires,2992.5,0.0,17242.5
1000003805,20241219,2024-12-19 07:04:34,175,2,1,Buenos Aires,9387.0,0.0,54087.0
1000003806,20241128,2024-11-28 10:57:06,1157,1,1,Buenos Aires,16443.0,900.0,95643.0
1000003807,20250524,2025-05-24 19:42:35,481,1,4,Mendoza,7900.2,900.0,46420.2
1000003808,20241223,2024-12-23 20:12:25,975,1,3,Santa Fe,21117.6,900.0,122577.6
1000003809,20250202,2025-02-02 23:15:05,760,2,4,Mendoza,3291.75,0.0,18966.75
1000003810,20241003,2024-10-03 10:58:39,586,1,1,Buenos Aires,7408.8,1200.0,43888.8
1000003811,20250422,2025-04-22 15:01:18,1407,1,1,Buenos Aires,7408.8,0.0,42688.8
1000003812,20241212,2024-12-12 01:26:52,974,1,1,Buenos Aires,9298.8,1200.0,54778.8
1000003813,20241018,2024-10-18 02:24:43,1446,1,4,Mendoza,11718.0,900.0,68418.0
1000003814,20250504,2025-05-04 06:47:29,1298,1,2,Córdoba,6300.0,1200.0,37500.0
1000003815,20241228,2024-12-28 08:08:53,588,2,2,Córdoba,8316.0,0.0,47916.0
1000003816,20250910,2025-09-10 21:12:00,668,1,2,Córdoba,9450.0,1200.0,55650.0
1000003817,20240709,2024-07-09 15:36:14,1294,1,1,Buenos Aires,7408.8,1500.0,44188.8
1000003818,20250125,2025-01-25 22:20:46,266,1,4,Mendoza,7560.0,1500.0,45060.0
1000003819,20240102,2024-01-02 01:48:22,1323,2,2,Córdoba,8505.0,0.0,49005.0
1000003820,20250403,2025-04-03 09:52:31,1117,1,4,Mendoza,6174.0,900.0,36474.0
1000003821,20240215,2024-02-15 11:21:10,306,1,1,Buenos Aires,7900.2,1500.0,47020.2
1000003822,20240822,2024-08-22 04:05:15,850,1,1,Buenos Aires,7717.5,1200.0,45667.5
1000003823,20240511,2024-05-11 10:15:41,732,2,3,Santa Fe,2268.0,0.0,13068.0
1000003824,20240921,2024-09-21 03:45:20,961,1,4,Mendoza,5556.6,900.0,32916.6
1000003825,20240413,2024-04-13 02:45:28,193,2,3,Santa Fe,23341.5,0.0,134491.5
1000003826,20240731,2024-07-31 23:01:09,345,1,3,Santa Fe,6804.0,900.0,40104.0
1000003827,20240821,2024-08-21 01:28:46,92,1,4,Mendoza,7560.0,0.0,43560.0
1000003828,20240427,2024-04-27 03:51:59,313,2,4,Mendoza,3150.0,0.0,18150.0
1000003829,20240725,2024-07-25 08:01:28,99,2,3,Santa Fe,15498.0,0.0,89298.0
1000003830,20240705,2024-07-05 04:30:28,1270,1,1,Buenos Aires,7182.0,900.0,42282.0
1000003831,20250713,2025-07-13 20:37:29,919,2,4,Mendoza,3150.0,0.0,18150.0
1000003832,20250915,2025-09-15 12:00:57,1343,1,1,Buenos Aires,4989.6,900.0,29649.6
1000003833,20250331,2025-03-31 07:30:16,424,1,1,Buenos Aires,13954.5,0.0,80404.5
1000003834,20240302,2024-03-02 14:39:22,884,1,1,Buenos Aires,7182.0,1500.0,42882.0
1000003835,20241130,2024-11-30 00:26:38,1398,1,4,Mendoza,7144.2,1500.0,42664.2
1000003836,20250402,2025-04-02 06:08:40,747,2,2,Córdoba,2469.6,0.0,14229.6
1000003837,20250106,2025-01-06 03:41:42,1285,1,1,Buenos Aires,7182.0,1200.0,42582.0
1000003838,20240507,2024-05-07 14:38:21,120,1,4,Mendoza,2494.8,1200.0,15574.8
1000003839,20250830,2025-08-30 01:21:23,1449,2,1,Buenos Aires,4536.0,0.0,26136.0
1000003840,20240330,2024-03-30 00:37:10,814,1,1,Buenos Aires,5229.0,900.0,31029.0
1000003841,20240313,2024-03-13 04:59:43,462,2,2,Córdoba,11944.8,0.0,68824.8
1000003842,20241217,2024-12-17 13:32:00,127,1,1,Buenos Aires,5027.4,900.0,29867.4
1000003843,20240323,2024-03-23 00:48:33,509,2,2,Córdoba,9954.0,0.0,57354.0
1000003844,20240919,2024-09-19 21:14:13,308,1,1,Buenos Aires,7408.8,1500.0,44188.8
1000003845,20241117,2024-11-17 01:32:41,199,1,3,Santa Fe,16915.5,1500.0,98965.5
1000003846,20250212,2025-02-12 18:56:41,320,1,1,Buenos Aires,13444.2,900.0,78364.2
1000003847,20241123,2024-11-23 12:00:23,471,2,2,Córdoba,10187.1,0.0,58697.1
1000003848,20250914,2025-09-14 06:00:13,927,1,2,Córdoba,2520.0,1200.0,15720.0
1000003849,20241228,2024-12-28 15:30:23,1353,2,4,Mendoza,10423.35,0.0,60058.35
1000003850,20240421,2024-04-21 23:37:10,1307,1,1,Buenos Aires,11113.2,900.0,64933.2
1000003851,20240923,2024-09-23 14:32:55,506,2,2,Córdoba,8297.1,0.0,47807.1
1000003852,20240330,2024-03-30 10:42:14,575,2,1,Buenos Aires,6804.0,0.0,39204.0
1000003853,20250410,2025-04-10 03:00:36,79,2,1,Buenos Aires,6667.92,0.0,38419.92
1000003854,20250131,2025-01-31 17:12:11,1118,1,2,Córdoba,4788.0,1200.0,28788.0
1000003855,20240118,2024-01-18 06:41:31,735,1,1,Buenos Aires,7182.0,0.0,41382.0
1000003856,20240104,2024-01-04 01:48:54,1246,2,3,Santa Fe,8643.6,0.0,49803.6
1000003857,20250427,2025-04-27 00:51:49,1078,1,1,Buenos Aires,2394.0,0.0,13794.0
1000003858,20240518,2024-05-18 18:17:36,1142,1,1,Buenos Aires,3150.0,900.0,19050.0
1000003859,20240505,2024-05-05 07:15:51,474,2,1,Buenos Aires,3150.0,0.0,18150.0
1000003860,20250716,2025-07-16 10:59:02,1015,2,4,Mendoza,5027.4,0.0,28967.4
1000003861,20241020,2024-10-20 11:30:39,970,2,1,Buenos Aires,7560.0,0.0,43560.0
1000003862,20240317,2024-03-17 08:14:34,962,2,1,Buenos Aires,8334.9,0.0,48024.9
1000003863,20241201,2024-12-01 15:30:01,1224,2,1,Buenos Aires,2268.0,0.0,13068.0
1000003864,20250121,2025-01-21 04:00:38,1330,1,1,Buenos Aires,9576.0,1200.0,56376.0
1000003865,20250811,2025-08-11 18:46:26,1121,2,2,Córdoba,6300.0,0.0,36300.0
1000003866,20250802,2025-08-02 02:46:13,1,2,2,Córdoba,6804.0,0.0,39204.0
1000003867,20240827,2024-08-27 02:14:15,530,1,2,Córdoba,4788.0,1200.0,28788.0
1000003868,20241222,2024-12-22 17:51:14,793,2,2,Córdoba,7779.24,0.0,44823.24
1000003869,20240409,2024-04-09 19:47:11,348,2,2,Córdoba,5556.6,0.0,32016.6
1000003870,20241007,2024-10-07 13:01:32,621,1,3,Santa Fe,11938.5,1500.0,70288.5
1000003871,20240411,2024-04-11 10:27:45,279,2,1,Buenos Aires,3150.0,0.0,18150.0
1000003872,20250522,2025-05-22 07:02:59,462,1,1,Buenos Aires,8505.0,0.0,49005.0
1000003873,20240710,2024-07-10 00:02:14,78,2,1,Buenos Aires,2513.7,0.0,14483.7
1000003874,20240620,2024-06-20 19:28:52,613,1,3,Santa Fe,5985.0,1200.0,35685.0
1000003875,20250331,2025-03-31 11:21:42,1101,2,1,Buenos Aires,3087.0,0.0,17787.0
1000003876,20240605,2024-06-05 00:22:59,154,1,3,Santa Fe,8273.16,1200.0,48869.16
1000003877,20240616,2024-06-16 23:02:14,558,1,2,Córdoba,2551.5,900.0,15601.5
1000003878,20241009,2024-10-09 06:00:36,373,1,1,Buenos Aires,11844.0,900.0,69144.0
1000003879,20250124,2025-01-24 14:29:58,1385,1,1,Buenos Aires,2835.0,1200.0,17535.0
1000003880,20240826,2024-08-26 05:26:29,1235,2,2,Córdoba,9796.5,0.0,56446.5
1000003881,20240822,2024-08-22 02:58:10,346,1,1,Buenos Aires,7182.0,1200.0,42582.0
1000003882,20250410,2025-04-10 09:14:24,1413,2,3,Santa Fe,2835.0,0.0,16335.0
1000003883,20240324,2024-03-24 04:48:47,1072,2,1,Buenos Aires,9450.0,0.0,54450.0
1000003884,20240426,2024-04-26 11:59:50,59,1,1,Buenos Aires,9261.0,1200.0,54561.0
1000003885,20250415,2025-04-15 04:37:20,748,1,3,Santa Fe,7560.0,1200.0,44760.0
1000003886,20240111,2024-01-11 07:56:40,1433,2,2,Córdoba,9261.0,0.0,53361.0
1000003887,20240422,2024-04-22 20:18:36,172,2,2,Córdoba,16216.2,0.0,93436.2
1000003888,20241113,2024-11-13 15:33:54,380,1,2,Córdoba,10054.8,900.0,58834.8
1000003889,20250515,2025-05-15 16:30:41,1245,1,2,Córdoba,6174.0,900.0,36474.0
1000003890,20241206,2024-12-06 22:56:35,345,1,1,Buenos Aires,7182.0,0.0,41382.0
1000003891,20250607,2025-06-07 15:57:10,1237,1,2,Córdoba,2992.5,1200.0,18442.5
1000003892,20250207,2025-02-07 12:14:24,190,2,4,Mendoza,3150.0,0.0,18150.0
1000003893,20240313,2024-03-13 12:10:52,731,2,1,Buenos Aires,2041.2,0.0,11761.2
1000003894,20250719,2025-07-19 07:31:34,1423,1,2,Córdoba,5985.0,900.0,35385.0
1000003895,20250430,2025-04-30 13:40:09,1262,1,1,Buenos Aires,2835.0,0.0,16335.0
1000003896,20250902,2025-09-02 09:03:20,615,1,1,Buenos Aires,9828.0,1200.0,57828.0
1000003897,20240316,2024-03-16 18:21:45,1481,2,3,Santa Fe,4536.0,0.0,26136.0
1000003898,20240914,2024-09-14 12:11:31,657,2,4,Mendoza,4445.28,0.0,25613.28
1000003899,20250313,2025-03-13 01:23:04,1304,2,4,Mendoza,8977.5,0.0,51727.5
1000003900,20250906,2025-09-06 22:37:27,1438,2,2,Córdoba,13895.28,0.0,80063.28
1000003901,20240705,2024-07-05 10:19:04,1275,2,1,Buenos Aires,6583.5,0.0,37933.5
1000003902,20250201,2025-02-01 14:36:23,1251,2,4,Mendoza,6174.0,0.0,35574.0
1000003903,20250724,2025-07-24 06:58:40,439,1,2,Córdoba,8328.6,900.0,48888.6
1000003904,20241228,2024-12-28 21:13:41,1110,1,1,Buenos Aires,7892.64,1500.0,46976.64
1000003905,20241206,2024-12-06 15:30:06,385,2,1,Buenos Aires,2992.5,0.0,17242.5
1000003906,20250104,2025-01-04 04:51:33,1163,2,1,Buenos Aires,4309.2,0.0,24829.2
1000003907,20240915,2024-09-15 01:40:27,91,1,2,Córdoba,15787.8,1200.0,92167.8
1000003908,20250120,2025-01-20 05:53:58,79,1,3,Santa Fe,2268.0,900.0,13968.0
1000003909,20240206,2024-02-06 16:34:12,724,1,1,Buenos Aires,9450.0,900.0,55350.0
1000003910,20250512,2025-05-12 13:16:14,602,1,3,Santa Fe,5386.5,1200.0,32236.5
1000003911,20250417,2025-04-17 11:15:09,299,2,3,Santa Fe,6174.0,0.0,35574.0
1000003912,20250710,2025-07-10 23:04:20,879,1,1,Buenos Aires,2520.0,1200.0,15720.0
1000003913,20240922,2024-09-22 19:46:12,872,2,4,Mendoza,7528.5,0.0,43378.5
1000003914,20240327,2024-03-27 20:06:02,1194,1,1,Buenos Aires,7408.8,0.0,42688.8
1000003915,20240912,2024-09-12 23:03:07,620,1,1,Buenos Aires,2693.25,900.0,16418.25
1000003916,20250816,2025-08-16 09:24:34,521,1,1,Buenos Aires,8505.0,900.0,49905.0
1000003917,20241028,2024-10-28 03:09:25,257,2,4,Mendoza,8505.0,0.0,49005.0
1000003918,20250505,2025-05-05 10:53:38,309,2,4,Mendoza,6667.92,0.0,38419.92
1000003919,20250405,2025-04-05 20:51:00,974,2,4,Mendoza,9150.75,0.0,52725.75
1000003920,20250605,2025-06-05 18:15:56,308,2,1,Buenos Aires,4536.0,0.0,26136.0
1000003921,20241030,2024-10-30 18:51:51,1418,1,1,Buenos Aires,8977.5,1500.0,53227.5
1000003922,20241214,2024-12-14 03:58:20,106,2,2,Córdoba,7560.0,0.0,43560.0
1000003923,20241120,2024-11-20 20:07:48,858,1,1,Buenos Aires,4939.2,900.0,29359.2
1000003924,20240622,2024-06-22 02:30:04,41,2,2,Córdoba,6463.8,0.0,37243.8
1000003925,20240302,2024-03-02 05:10:37,115,2,1,Buenos Aires,9450.0,0.0,54450.0
1000003926,20250610,2025-06-10 06:32:29,546,1,3,Santa Fe,11360.16,1200.0,66656.16
1000003927,20250924,2025-09-24 10:33:53,686,2,1,Buenos Aires,9426.38,0.0,54313.88
1000003928,20240710,2024-07-10 15:32:39,831,1,4,Mendoza,4536.0,1500.0,27636.0
1000003929,20240704,2024-07-04 02:39:19,806,1,3,Santa Fe,6583.5,1200.0,39133.5
1000003930,20250407,2025-04-07 00:56:04,640,2,3,Santa Fe,5040.0,0.0,29040.0
1000003931,20250825,2025-08-25 21:56:11,305,1,1,Buenos Aires,5266.8,1200.0,31546.8
1000003932,20240121,2024-01-21 09:13:51,803,1,2,Córdoba,4536.0,0.0,26136.0
1000003933,20240110,2024-01-10 13:04:58,1221,2,3,Santa Fe,9922.5,0.0,57172.5
1000003934,20240103,2024-01-03 00:37:07,868,2,1,Buenos Aires,4788.0,0.0,27588.0
1000003935,20241030,2024-10-30 04:20:09,817,1,1,Buenos Aires,6300.0,1200.0,37500.0
1000003936,20250609,2025-06-09 09:55:24,640,1,2,Córdoba,5985.0,0.0,34485.0
1000003937,20250526,2025-05-26 13:16:03,991,1,1,Buenos Aires,6174.0,900.0,36474.0
1000003938,20241002,2024-10-02 13:45:42,1353,1,3,Santa Fe,2041.2,1200.0,12961.2
1000003939,20240812,2024-08-12 21:16:58,228,1,1,Buenos Aires,5496.75,900.0,32571.75
1000003940,20250708,2025-07-08 12:58:27,1021,2,2,Córdoba,4309.2,0.0,24829.2
1000003941,20240814,2024-08-14 04:07:16,50,1,1,Buenos Aires,7560.0,1200.0,44760.0
1000003942,20240203,2024-02-03 11:49:04,949,2,2,Córdoba,9475.2,0.0,54595.2
1000003943,20241212,2024-12-12 19:59:42,671,2,4,Mendoza,11560.5,0.0,66610.5
1000003944,20250426,2025-04-26 16:24:48,449,1,1,Buenos Aires,5292.0,900.0,31392.0
1000003945,20241122,2024-11-22 14:27:27,202,1,1,Buenos Aires,13387.5,1200.0,78337.5
1000003946,20241225,2024-12-25 22:55:19,479,2,3,Santa Fe,5985.0,0.0,34485.0
1000003947,20250418,2025-04-18 12:01:36,204,1,1,Buenos Aires,2381.4,1200.0,14921.4
1000003948,20250621,2025-06-21 19:18:11,539,2,2,Córdoba,6804.0,0.0,39204.0
1000003949,20240406,2024-04-06 04:24:43,500,2,2,Córdoba,8079.75,0.0,46554.75
1000003950,20241223,2024-12-23 14:18:05,1202,1,2,Córdoba,7900.2,0.0,45520.2
1000003951,20250607,2025-06-07 11:43:46,1259,2,3,Santa Fe,9676.8,0.0,55756.8
1000003952,20250419,2025-04-19 09:47:30,397,2,4,Mendoza,9426.38,0.0,54313.88
1000003953,20241013,2024-10-13 04:14:44,787,1,1,Buenos Aires,2835.0,1200.0,17535.0
1000003954,20240915,2024-09-15 16:45:22,463,2,4,Mendoza,3150.0,0.0,18150.0
1000003955,20240607,2024-06-07 02:35:25,1044,2,3,Santa Fe,21311.64,0.0,122795.64
1000003956,20241002,2024-10-02 19:24:40,1154,1,1,Buenos Aires,2835.0,0.0,16335.0
1000003957,20241211,2024-12-11 20:35:19,485,1,3,Santa Fe,10773.0,1200.0,63273.0
1000003958,20240920,2024-09-20 23:41:00,1070,1,1,Buenos Aires,15589.35,1200.0,91024.35
1000003959,20241021,2024-10-21 03:34:43,415,2,4,Mendoza,9355.5,0.0,53905.5
1000003960,20240118,2024-01-18 09:35:55,280,1,3,Santa Fe,8505.0,900.0,49905.0
1000003961,20250226,2025-02-26 04:19:57,1422,2,3,Santa Fe,12171.6,0.0,70131.6
1000003962,20240207,2024-02-07 20:07:09,1245,1,3,Santa Fe,3150.0,0.0,18150.0
1000003963,20250928,2025-09-28 17:55:21,742,1,1,Buenos Aires,5386.5,1500.0,32536.5
1000003964,20240803,2024-08-03 18:32:14,72,1,1,Buenos Aires,14175.0,1200.0,82875.0
1000003965,20250403,2025-04-03 06:09:01,15,1,2,Córdoba,6174.0,1200.0,36774.0
1000003966,20240113,2024-01-13 17:57:16,76,1,1,Buenos Aires,6804.0,1200.0,40404.0
1000003967,20241217,2024-12-17 07:50:13,935,1,3,Santa Fe,5040.0,1200.0,30240.0
1000003968,20250310,2025-03-10 23:57:21,897,1,1,Buenos Aires,9261.0,1200.0,54561.0
1000003969,20240903,2024-09-03 08:04:54,1265,2,2,Córdoba,5386.5,0.0,31036.5
1000003970,20241009,2024-10-09 18:30:57,835,1,4,Mendoza,5040.0,1500.0,30540.0
1000003971,20240702,2024-07-02 11:33:13,1149,1,1,Buenos Aires,3150.0,900.0,19050.0
1000003972,20240509,2024-05-09 16:51:17,1285,1,2,Córdoba,7182.0,1500.0,42882.0
1000003973,20240111,2024-01-11 15:43:25,1120,2,4,Mendoza,6482.7,0.0,37352.7
1000003974,20240908,2024-09-08 04:12:49,42,1,1,Buenos Aires,9292.5,900.0,54442.5
1000003975,20240917,2024-09-17 18:04:59,1127,1,2,Córdoba,8930.25,900.0,52355.25
1000003976,20250309,2025-03-09 16:49:30,578,2,4,Mendoza,4788.0,0.0,27588.0
1000003977,20240816,2024-08-16 08:15:48,28,1,3,Santa Fe,10395.0,900.0,60795.0
1000003978,20250112,2025-01-12 19:11:33,1201,2,2,Córdoba,7484.4,0.0,43124.4
1000003979,20250923,2025-09-23 03:22:33,1041,2,3,Santa Fe,2469.6,0.0,14229.6
1000003980,20240225,2024-02-25 07:22:02,210,1,1,Buenos Aires,11529.0,1200.0,67629.0
1000003981,20240203,2024-02-03 03:43:45,649,2,4,Mendoza,19813.5,0.0,114163.5
1000003982,20250802,2025-08-02 20:29:01,59,2,3,Santa Fe,7182.0,0.0,41382.0
1000003983,20241007,2024-10-07 13:34:38,167,2,4,Mendoza,6615.0,0.0,38115.0
1000003984,20240426,2024-04-26 03:40:59,1107,1,3,Santa Fe,6300.0,1200.0,37500.0
1000003985,20241020,2024-10-20 16:19:41,181,1,3,Santa Fe,7875.0,1200.0,46575.0
1000003986,20241028,2024-10-28 16:46:04,1382,2,4,Mendoza,4939.2,0.0,28459.2
1000003987,20250817,2025-08-17 00:34:07,352,1,3,Santa Fe,5433.12,0.0,31305.12
1000003988,20240202,2024-02-02 11:50:47,606,1,1,Buenos Aires,6174.0,1200.0,36774.0
1000003989,20240319,2024-03-19 16:43:14,756,2,1,Buenos Aires,7081.2,0.0,40801.2
1000003990,20241012,2024-10-12 16:57:58,1295,1,3,Santa Fe,13129.2,900.0,76549.2
1000003991,20240721,2024-07-21 03:11:44,47,1,3,Santa Fe,5985.0,0.0,34485.0
1000003992,20240824,2024-08-24 01:00:22,901,2,4,Mendoza,7938.0,0.0,45738.0
1000003993,20240430,2024-04-30 22:23:09,447,2,2,Córdoba,2520.0,0.0,14520.0
1000003994,20250411,2025-04-11 00:00:38,914,1,2,Córdoba,5670.0,900.0,33570.0
1000003995,20250101,2025-01-01 07:07:24,1462,2,2,Córdoba,5556.6,0.0,32016.6
1000003996,20241005,2024-10-05 15:29:52,164,2,2,Córdoba,10187.1,0.0,58697.1
1000003997,20241013,2024-10-13 18:33:14,960,1,1,Buenos Aires,2469.6,900.0,15129.6
1000003998,20250219,2025-02-19 03:41:27,1001,1,2,Córdoba,2154.6,1500.0,13914.6
1000003999,20250703,2025-07-03 03:31:01,390,2,2,Córdoba,2394.0,0.0,13794.0
1000004000,20250812,2025-08-12 10:58:03,1011,1,1,Buenos Aires,8568.0,900.0,50268.0
1000004001,20240722,2024-07-22 10:30:09,1369,1,2,Córdoba,7541.1,900.0,44351.1
1000004002,20250328,2025-03-28 03:42:13,235,1,1,Buenos Aires,7560.0,1500.0,45060.0
1000004003,20250617,2025-06-17 11:46:08,458,2,4,Mendoza,14490.0,0.0,83490.0
1000004004,20250515,2025-05-15 00:58:37,1475,2,1,Buenos Aires,6667.92,0.0,38419.92
1000004005,20240104,2024-01-04 23:52:25,609,1,1,Buenos Aires,2394.0,900.0,14694.0
1000004006,20250725,2025-07-25 20:27:28,668,1,1,Buenos Aires,7654.5,0.0,44104.5
1000004007,20240430,2024-04-30 19:58:21,789,2,1,Buenos Aires,5040.0,0.0,29040.0
1000004008,20250727,2025-07-27 16:40:40,279,2,1,Buenos Aires,2381.4,0.0,13721.4
1000004009,20250204,2025-02-04 02:34:55,489,2,2,Córdoba,10691.1,0.0,61601.1
1000004010,20250418,2025-04-18 04:34:27,1388,1,1,Buenos Aires,10546.2,1200.0,61966.2
1000004011,20250218,2025-02-18 08:32:15,752,1,3,Santa Fe,10395.0,0.0,59895.0
1000004012,20241014,2024-10-14 16:49:34,1217,1,1,Buenos Aires,7560.0,900.0,44460.0
1000004013,20250611,2025-06-11 14:11:56,1064,1,2,Córdoba,8631.0,900.0,50631.0
1000004014,20250521,2025-05-21 05:34:40,735,1,2,Córdoba,8505.0,1500.0,50505.0
1000004015,20250227,2025-02-27 23:15:43,133,2,4,Mendoza,11642.4,0.0,67082.4
1000004016,20250916,2025-09-16 01:54:57,358,1,1,Buenos Aires,2268.0,1500.0,14568.0
1000004017,20250412,2025-04-12 05:15:37,1440,1,1,Buenos Aires,8454.6,0.0,48714.6
1000004018,20250927,2025-09-27 14:38:45,1067,1,1,Buenos Aires,15088.5,1200.0,88138.5
1000004019,20250225,2025-02-25 12:06:22,512,1,1,Buenos Aires,9261.0,900.0,54261.0
1000004020,20240821,2024-08-21 13:31:35,434,1,4,Mendoza,7408.8,900.0,43588.8
1000004021,20241124,2024-11-24 10:48:07,64,1,4,Mendoza,2154.6,1200.0,13614.6
1000004022,20250429,2025-04-29 08:17:24,485,1,1,Buenos Aires,2992.5,1200.0,18442.5
1000004023,20250716,2025-07-16 14:57:14,1014,2,3,Santa Fe,10395.0,0.0,59895.0
1000004024,20250426,2025-04-26 18:15:49,204,1,2,Córdoba,5670.0,1200.0,33870.0
1000004025,20240206,2024-02-06 03:43:20,1491,1,2,Córdoba,3142.12,0.0,18104.62
1000004026,20250804,2025-08-04 12:27:07,1356,1,2,Córdoba,4939.2,1200.0,29659.2
1000004027,20240704,2024-07-04 00:31:47,501,1,3,Santa Fe,4945.5,1500.0,29995.5
1000004028,20240211,2024-02-11 11:45:39,214,1,3,Santa Fe,8079.75,0.0,46554.75
1000004029,20250529,2025-05-29 02:33:07,340,2,4,Mendoza,5544.0,0.0,31944.0
1000004030,20250417,2025-04-17 01:30:53,775,2,1,Buenos Aires,14411.25,0.0,83036.25
1000004031,20240818,2024-08-18 19:49:10,1073,1,1,Buenos Aires,6300.0,900.0,37200.0
1000004032,20250920,2025-09-20 15:08:27,343,2,3,Santa Fe,15498.0,0.0,89298.0
1000004033,20250530,2025-05-30 06:52:14,1119,1,2,Córdoba,14679.0,1200.0,85779.0
1000004034,20250928,2025-09-28 14:11:47,1449,2,2,Córdoba,5040.0,0.0,29040.0
1000004035,20250521,2025-05-21 04:09:47,51,1,1,Buenos Aires,5670.0,900.0,33570.0
1000004036,20250518,2025-05-18 01:06:56,1292,1,1,Buenos Aires,7005.6,1200.0,41565.6
1000004037,20240527,2024-05-27 09:24:55,419,1,1,Buenos Aires,5670.0,900.0,33570.0
1000004038,20241221,2024-12-21 11:35:14,985,2,3,Santa Fe,12166.56,0.0,70102.56
1000004039,20240116,2024-01-16 21:07:32,1327,1,1,Buenos Aires,7333.2,900.0,43153.2
1000004040,20240905,2024-09-05 12:39:18,904,1,1,Buenos Aires,7459.2,900.0,43879.2
1000004041,20240517,2024-05-17 18:06:35,232,2,4,Mendoza,7900.2,0.0,45520.2
1000004042,20240911,2024-09-11 17:17:26,759,1,4,Mendoza,2154.6,1500.0,13914.6
1000004043,20240103,2024-01-03 13:59:09,1340,1,1,Buenos Aires,9450.0,1500.0,55950.0
1000004044,20241203,2024-12-03 01:53:46,554,1,3,Santa Fe,6804.0,1200.0,40404.0
1000004045,20240810,2024-08-10 14:14:10,1158,1,3,Santa Fe,5040.0,900.0,29940.0
1000004046,20240310,2024-03-10 01:41:20,1163,2,2,Córdoba,7182.0,0.0,41382.0
1000004047,20240523,2024-05-23 05:31:56,1379,1,1,Buenos Aires,2593.08,900.0,15841.08
1000004048,20250330,2025-03-30 17:26:11,296,1,4,Mendoza,10332.0,1200.0,60732.0
1000004049,20241021,2024-10-21 04:40:03,236,1,1,Buenos Aires,13891.5,1500.0,81541.5
1000004050,20250909,2025-09-09 11:50:58,1394,1,2,Córdoba,18900.0,1500.0,110400.0
1000004051,20241015,2024-10-15 14:44:48,269,2,3,Santa Fe,9261.0,0.0,53361.0
1000004052,20250602,2025-06-02 20:26:22,448,1,1,Buenos Aires,5953.5,1200.0,35503.5
1000004053,20250609,2025-06-09 04:58:16,1074,1,3,Santa Fe,7144.2,1500.0,42664.2
1000004054,20240509,2024-05-09 15:32:25,1313,1,1,Buenos Aires,6804.0,1500.0,40704.0
1000004055,20250110,2025-01-10 11:46:29,363,1,1,Buenos Aires,8505.0,1200.0,50205.0
1000004056,20250915,2025-09-15 12:02:52,801,1,1,Buenos Aires,9355.5,1500.0,55405.5
1000004057,20241226,2024-12-26 01:37:04,1068,1,1,Buenos Aires,11844.0,900.0,69144.0
1000004058,20250210,2025-02-10 18:21:00,333,1,1,Buenos Aires,5027.4,1500.0,30467.4
1000004059,20240924,2024-09-24 14:10:47,276,1,4,Mendoza,11932.2,900.0,69652.2
1000004060,20250215,2025-02-15 12:26:02,481,1,1,Buenos Aires,5544.0,900.0,32844.0
1000004061,20240811,2024-08-11 09:52:54,784,1,2,Córdoba,11245.5,1500.0,66295.5
1000004062,20250705,2025-07-05 09:18:17,1451,2,4,Mendoza,5900.58,0.0,33998.58
1000004063,20250310,2025-03-10 00:44:52,849,2,2,Córdoba,13255.2,0.0,76375.2
1000004064,20240228,2024-02-28 16:15:58,94,1,2,Córdoba,6300.0,0.0,36300.0
1000004065,20250129,2025-01-29 19:00:53,752,1,2,Córdoba,4536.0,0.0,26136.0
1000004066,20241205,2024-12-05 13:23:14,624,2,1,Buenos Aires,16924.95,0.0,97519.95
1000004067,20250516,2025-05-16 22:53:33,1051,2,1,Buenos Aires,9676.8,0.0,55756.8
1000004068,20240728,2024-07-28 08:33:37,505,2,2,Córdoba,2992.5,0.0,17242.5
1000004069,20240502,2024-05-02 21:03:27,127,2,2,Córdoba,6300.0,0.0,36300.0
1000004070,20240418,2024-04-18 16:41:48,1111,1,2,Córdoba,7560.0,900.0,44460.0
1000004071,20250513,2025-05-13 07:25:33,652,2,1,Buenos Aires,5292.0,0.0,30492.0
1000004072,20250327,2025-03-27 15:28:45,246,1,3,Santa Fe,11371.5,1500.0,67021.5
1000004073,20250311,2025-03-11 10:31:50,839,1,1,Buenos Aires,6615.0,900.0,39015.0
1000004074,20250608,2025-06-08 16:30:15,689,2,1,Buenos Aires,6142.5,0.0,35392.5
1000004075,20240324,2024-03-24 10:03:14,758,1,1,Buenos Aires,7182.0,1200.0,42582.0
1000004076,20250401,2025-04-01 00:06:42,500,2,3,Santa Fe,4939.2,0.0,28459.2
1000004077,20240523,2024-05-23 19:58:24,1262,1,1,Buenos Aires,4536.0,1200.0,27336.0
1000004078,20241121,2024-11-21 22:26:11,415,2,4,Mendoza,4536.0,0.0,26136.0
1000004079,20240114,2024-01-14 02:04:51,51,1,3,Santa Fe,2835.0,900.0,17235.0
1000004080,20250114,2025-01-14 10:02:23,352,2,1,Buenos Aires,4536.0,0.0,26136.0
1000004081,20240303,2024-03-03 21:53:13,653,2,1,Buenos Aires,10073.7,0.0,58043.7
1000004082,20240524,2024-05-24 05:37:54,223,1,1,Buenos Aires,7182.0,900.0,42282.0
1000004083,20250710,2025-07-10 20:40:32,1275,2,1,Buenos Aires,4939.2,0.0,28459.2
1000004084,20240924,2024-09-24 23:54:48,522,2,1,Buenos Aires,8064.0,0.0,46464.0
1000004085,20250510,2025-05-10 14:44:16,1496,1,3,Santa Fe,8505.0,1500.0,50505.0
1000004086,20240709,2024-07-09 07:46:00,879,2,1,Buenos Aires,7560.0,0.0,43560.0
1000004087,20250127,2025-01-27 20:23:51,1230,2,1,Buenos Aires,15183.0,0.0,87483.0
1000004088,20241023,2024-10-23 04:37:13,577,1,1,Buenos Aires,7144.2,900.0,42064.2
1000004089,20250717,2025-07-17 00:37:50,822,1,1,Buenos Aires,8536.5,0.0,49186.5
1000004090,20240901,2024-09-01 02:07:03,1431,1,1,Buenos Aires,2835.0,1200.0,17535.0
1000004091,20250109,2025-01-09 01:06:31,248,1,3,Santa Fe,12584.25,900.0,73409.25
1000004092,20240318,2024-03-18 12:11:49,1278,1,2,Córdoba,2268.0,900.0,13968.0
1000004093,20240521,2024-05-21 02:21:10,392,2,4,Mendoza,4939.2,0.0,28459.2
1000004094,20250403,2025-04-03 10:19:27,460,2,3,Santa Fe,8930.25,0.0,51455.25
1000004095,20250516,2025-05-16 09:38:11,1347,2,1,Buenos Aires,6687.45,0.0,38532.45
1000004096,20240902,2024-09-02 15:07:47,534,2,4,Mendoza,11056.5,0.0,63706.5
1000004097,20240804,2024-08-04 22:49:55,1166,1,4,Mendoza,4939.2,900.0,29359.2
1000004098,20240506,2024-05-06 07:13:22,1246,2,4,Mendoza,4082.4,0.0,23522.4
1000004099,20240403,2024-04-03 17:16:40,412,2,3,Santa Fe,2268.0,0.0,13068.0
1000004100,20250803,2025-08-03 00:52:13,1026,1,2,Córdoba,12537.0,1200.0,73437.0
1000004101,20240627,2024-06-27 04:44:17,1249,2,2,Córdoba,6804.0,0.0,39204.0
1000004102,20250106,2025-01-06 00:42:51,47,2,1,Buenos Aires,21868.88,0.0,126006.38
1000004103,20240715,2024-07-15 20:01:06,488,1,2,Córdoba,4788.0,0.0,27588.0
1000004104,20241101,2024-11-01 03:53:35,771,2,1,Buenos Aires,6804.0,0.0,39204.0
1000004105,20250929,2025-09-29 06:48:56,872,1,2,Córdoba,5292.0,0.0,30492.0
1000004106,20240723,2024-07-23 18:50:59,339,1,1,Buenos Aires,12222.0,1200.0,71622.0
1000004107,20240112,2024-01-12 09:58:54,344,2,1,Buenos Aires,7182.0,0.0,41382.0
1000004108,20250327,2025-03-27 06:14:41,533,2,4,Mendoza,8675.1,0.0,49985.1
1000004109,20250825,2025-08-25 09:12:42,893,2,1,Buenos Aires,4445.28,0.0,25613.28
1000004110,20240714,2024-07-14 02:38:41,489,2,4,Mendoza,12598.74,0.0,72592.74
1000004111,20250815,2025-08-15 00:03:34,1410,2,4,Mendoza,9450.0,0.0,54450.0
1000004112,20240410,2024-04-10 09:13:55,106,2,2,Córdoba,7229.25,0.0,41654.25
1000004113,20250202,2025-02-02 11:34:52,243,2,3,Santa Fe,9292.5,0.0,53542.5
1000004114,20240421,2024-04-21 20:53:00,1114,2,4,Mendoza,5556.6,0.0,32016.6
1000004115,20240422,2024-04-22 11:00:31,1406,2,3,Santa Fe,18876.38,0.0,108763.88
1000004116,20250312,2025-03-12 00:33:31,575,1,1,Buenos Aires,4939.2,0.0,28459.2
1000004117,20241130,2024-11-30 00:17:01,473,2,4,Mendoza,2835.0,0.0,16335.0
1000004118,20250708,2025-07-08 02:12:56,1031,2,1,Buenos Aires,4788.0,0.0,27588.0
1000004119,20240613,2024-06-13 13:02:57,1385,1,1,Buenos Aires,14200.2,1200.0,83020.2
1000004120,20240308,2024-03-08 06:26:16,1190,1,4,Mendoza,2394.0,1500.0,15294.0
1000004121,20240220,2024-02-20 20:09:41,1470,2,2,Córdoba,6174.0,0.0,35574.0
1000004122,20241218,2024-12-18 05:16:28,387,1,1,Buenos Aires,6667.92,900.0,39319.92
1000004123,20241018,2024-10-18 19:19:34,162,2,2,Córdoba,8505.0,0.0,49005.0
1000004124,20241008,2024-10-08 23:33:52,294,1,1,Buenos Aires,16096.5,900.0,93646.5
1000004125,20240422,2024-04-22 09:14:54,947,2,1,Buenos Aires,5985.0,0.0,34485.0
1000004126,20240802,2024-08-02 09:43:16,930,1,1,Buenos Aires,9261.0,0.0,53361.0
1000004127,20250610,2025-06-10 13:14:35,1016,2,4,Mendoza,9450.0,0.0,54450.0
1000004128,20250223,2025-02-23 19:47:01,627,2,1,Buenos Aires,5040.0,0.0,29040.0
1000004129,20240314,2024-03-14 12:42:03,691,1,1,Buenos Aires,6174.0,900.0,36474.0
1000004130,20250314,2025-03-14 12:49:41,1185,1,1,Buenos Aires,12852.0,1200.0,75252.0
1000004131,20241224,2024-12-24 03:04:44,409,1,1,Buenos Aires,7182.0,1200.0,42582.0
1000004132,20240818,2024-08-18 07:05:05,611,1,1,Buenos Aires,4309.2,900.0,25729.2
1000004133,20250906,2025-09-06 03:19:26,876,1,4,Mendoza,8505.0,1500.0,50505.0
1000004134,20240723,2024-07-23 13:39:44,11,1,1,Buenos Aires,5985.0,1200.0,35685.0
1000004135,20250509,2025-05-09 18:59:13,1103,1,1,Buenos Aires,9355.5,1500.0,55405.5
1000004136,20240409,2024-04-09 05:32:03,931,1,1,Buenos Aires,2520.0,900.0,15420.0
1000004137,20250408,2025-04-08 05:58:13,1132,1,3,Santa Fe,6804.0,1200.0,40404.0
1000004138,20240705,2024-07-05 20:55:15,1487,1,1,Buenos Aires,4915.89,0.0,28324.89
1000004139,20241104,2024-11-04 08:28:47,171,1,1,Buenos Aires,2381.4,1500.0,15221.4
1000004140,20250530,2025-05-30 09:53:29,529,1,1,Buenos Aires,2394.0,1200.0,14994.0
1000004141,20250819,2025-08-19 04:27:01,433,1,1,Buenos Aires,2835.0,1200.0,17535.0
1000004142,20240129,2024-01-29 08:39:40,461,1,1,Buenos Aires,4788.0,900.0,28488.0
1000004143,20250914,2025-09-14 14:44:00,1172,2,2,Córdoba,6237.0,0.0,35937.0
1000004144,20250907,2025-09-07 15:28:06,816,1,2,Córdoba,8694.0,0.0,50094.0
1000004145,20250621,2025-06-21 03:19:29,1032,1,2,Córdoba,5433.12,1200.0,32505.12
1000004146,20250515,2025-05-15 21:17:36,1261,1,3,Santa Fe,16471.35,0.0,94906.35
1000004147,20240328,2024-03-28 03:37:43,348,1,1,Buenos Aires,8149.68,900.0,47857.68
1000004148,20241127,2024-11-27 03:14:37,436,2,4,Mendoza,2835.0,0.0,16335.0
1000004149,20250629,2025-06-29 13:15:31,604,1,1,Buenos Aires,9426.38,900.0,55213.88
1000004150,20240910,2024-09-10 14:10:29,615,1,3,Santa Fe,8505.0,0.0,49005.0
1000004151,20240224,2024-02-24 12:44:42,361,1,3,Santa Fe,7779.24,900.0,45723.24
1000004152,20240216,2024-02-16 22:25:02,855,1,3,Santa Fe,15006.6,0.0,86466.6
1000004153,20250804,2025-08-04 20:03:24,1018,1,2,Córdoba,2778.3,1500.0,17508.3
1000004154,20250405,2025-04-05 03:07:42,212,2,2,Córdoba,12373.2,0.0,71293.2
1000004155,20240801,2024-08-01 01:12:24,359,1,1,Buenos Aires,2469.6,0.0,14229.6
1000004156,20240411,2024-04-11 00:28:03,1322,1,1,Buenos Aires,14915.25,0.0,85940.25
1000004157,20250420,2025-04-20 17:41:43,271,1,4,Mendoza,14748.3,1200.0,86178.3
1000004158,20250210,2025-02-10 22:05:22,369,1,2,Córdoba,2835.0,1200.0,17535.0
1000004159,20250902,2025-09-02 13:58:50,670,1,1,Buenos Aires,7686.0,900.0,45186.0
1000004160,20241114,2024-11-14 13:27:28,510,1,3,Santa Fe,2394.0,900.0,14694.0
1000004161,20250328,2025-03-28 15:55:02,274,2,4,Mendoza,2520.0,0.0,14520.0
1000004162,20250512,2025-05-12 22:40:48,1490,2,2,Córdoba,9261.0,0.0,53361.0
1000004163,20240115,2024-01-15 18:39:19,469,2,1,Buenos Aires,2992.5,0.0,17242.5
1000004164,20240424,2024-04-24 18:40:43,1012,1,1,Buenos Aires,18396.0,900.0,106896.0
1000004165,20240128,2024-01-28 10:23:22,1318,1,3,Santa Fe,7408.8,1500.0,44188.8
1000004166,20240520,2024-05-20 17:22:53,1081,1,1,Buenos Aires,2835.0,900.0,17235.0
1000004167,20241008,2024-10-08 06:15:58,495,2,1,Buenos Aires,2469.6,0.0,14229.6
1000004168,20240214,2024-02-14 00:36:36,480,2,4,Mendoza,12077.1,0.0,69587.1
1000004169,20240731,2024-07-31 12:04:45,1236,2,2,Córdoba,3241.35,0.0,18676.35
1000004170,20241120,2024-11-20 08:09:15,1237,1,4,Mendoza,9891.0,1500.0,58491.0
1000004171,20240409,2024-04-09 16:23:53,147,2,1,Buenos Aires,7623.0,0.0,43923.0
1000004172,20240922,2024-09-22 07:02:22,1126,2,4,Mendoza,3150.0,0.0,18150.0
1000004173,20250810,2025-08-10 10:22:56,201,2,2,Córdoba,6804.0,0.0,39204.0
1000004174,20250529,2025-05-29 23:47:40,569,1,1,Buenos Aires,8977.5,1200.0,52927.5
1000004175,20240115,2024-01-15 11:52:45,1255,1,3,Santa Fe,2394.0,1200.0,14994.0
1000004176,20240922,2024-09-22 23:29:10,392,1,2,Córdoba,7938.0,1200.0,46938.0
1000004177,20240330,2024-03-30 08:05:45,649,2,4,Mendoza,2520.0,0.0,14520.0
1000004178,20250708,2025-07-08 01:01:39,1270,1,1,Buenos Aires,8334.9,0.0,48024.9
1000004179,20241117,2024-11-17 20:11:27,1230,1,2,Córdoba,6174.0,1200.0,36774.0
1000004180,20241230,2024-12-30 08:08:40,433,1,1,Buenos Aires,4536.0,900.0,27036.0
1000004181,20250131,2025-01-31 22:17:41,403,1,1,Buenos Aires,5670.0,900.0,33570.0
1000004182,20240116,2024-01-16 09:54:33,967,1,2,Córdoba,4788.0,900.0,28488.0
1000004183,20250607,2025-06-07 12:44:57,1048,2,1,Buenos Aires,6300.0,0.0,36300.0
1000004184,20250716,2025-07-16 14:24:39,651,2,1,Buenos Aires,9520.56,0.0,54856.56
1000004185,20250508,2025-05-08 14:23:45,552,2,1,Buenos Aires,10543.68,0.0,60751.68
1000004186,20250212,2025-02-12 04:25:41,724,1,4,Mendoza,8977.5,0.0,51727.5
1000004187,20241107,2024-11-07 14:28:49,308,1,1,Buenos Aires,8505.0,1500.0,50505.0
1000004188,20250418,2025-04-18 18:26:12,298,2,4,Mendoza,4445.28,0.0,25613.28
1000004189,20240606,2024-06-06 03:37:29,324,1,2,Córdoba,7408.8,1200.0,43888.8
1000004190,20240720,2024-07-20 02:12:51,1340,2,3,Santa Fe,14723.1,0.0,84833.1
1000004191,20240416,2024-04-16 10:14:02,981,1,2,Córdoba,5985.0,1200.0,35685.0
1000004192,20240816,2024-08-16 10:56:31,1432,2,4,Mendoza,2394.0,0.0,13794.0
1000004193,20241215,2024-12-15 07:39:39,950,1,1,Buenos Aires,9450.0,900.0,55350.0
1000004194,20250917,2025-09-17 09:57:52,487,1,2,Córdoba,8505.0,900.0,49905.0
1000004195,20240102,2024-01-02 02:10:03,1311,1,1,Buenos Aires,2646.0,1500.0,16746.0
1000004196,20250505,2025-05-05 11:35:22,768,1,4,Mendoza,8568.0,0.0,49368.0
1000004197,20241023,2024-10-23 23:03:57,189,2,2,Córdoba,7654.5,0.0,44104.5
1000004198,20240107,2024-01-07 21:45:25,1111,1,2,Córdoba,6482.7,1500.0,38852.7
1000004199,20250711,2025-07-11 22:41:07,1272,1,1,Buenos Aires,19492.2,1200.0,113512.2
1000004200,20240826,2024-08-26 23:37:16,1034,2,1,Buenos Aires,11088.0,0.0,63888.0
1000004201,20241024,2024-10-24 03:00:23,996,2,4,Mendoza,13041.0,0.0,75141.0
1000004202,20250529,2025-05-29 19:47:09,1368,2,3,Santa Fe,7560.0,0.0,43560.0
1000004203,20250501,2025-05-01 09:39:50,285,1,2,Córdoba,4309.2,900.0,25729.2
1000004204,20241101,2024-11-01 18:12:14,1000,2,3,Santa Fe,5670.0,0.0,32670.0
1000004205,20240614,2024-06-14 03:23:47,978,2,1,Buenos Aires,6174.0,0.0,35574.0
1000004206,20240418,2024-04-18 17:58:01,1255,2,3,Santa Fe,7182.0,0.0,41382.0
1000004207,20250729,2025-07-29 06:20:32,155,1,1,Buenos Aires,10804.5,1200.0,63454.5
1000004208,20250430,2025-04-30 15:53:59,64,1,2,Córdoba,5103.0,900.0,30303.0
1000004209,20240325,2024-03-25 15:13:00,906,1,1,Buenos Aires,13545.0,0.0,78045.0
1000004210,20240915,2024-09-15 10:46:32,257,1,1,Buenos Aires,7560.0,1200.0,44760.0
1000004211,20250803,2025-08-03 14:02:16,850,1,2,Córdoba,4788.0,900.0,28488.0
1000004212,20240428,2024-04-28 04:06:06,1287,2,2,Córdoba,6123.6,0.0,35283.6
1000004213,20250305,2025-03-05 23:22:31,14,1,1,Buenos Aires,11970.0,900.0,69870.0
1000004214,20241222,2024-12-22 22:51:03,142,1,3,Santa Fe,15249.78,900.0,88767.78
1000004215,20241114,2024-11-14 10:15:24,190,1,4,Mendoza,6804.0,1500.0,40704.0
1000004216,20240205,2024-02-05 11:05:51,747,1,3,Santa Fe,2222.64,1200.0,14006.64
1000004217,20250204,2025-02-04 10:48:09,401,1,3,Santa Fe,3150.0,1500.0,19650.0
1000004218,20250523,2025-05-23 07:32:14,1306,2,2,Córdoba,14061.6,0.0,81021.6
1000004219,20240108,2024-01-08 07:45:12,677,1,1,Buenos Aires,2469.6,0.0,14229.6
1000004220,20250731,2025-07-31 08:32:05,236,1,2,Córdoba,8977.5,900.0,52627.5
1000004221,20240927,2024-09-27 12:00:52,1420,1,1,Buenos Aires,9875.25,1200.0,58100.25
1000004222,20250911,2025-09-11 06:15:28,197,1,2,Córdoba,3142.12,900.0,19004.62
1000004223,20241105,2024-11-05 03:58:21,428,1,4,Mendoza,6583.5,0.0,37933.5
1000004224,20250128,2025-01-28 19:15:20,1304,2,2,Córdoba,9450.0,0.0,54450.0
1000004225,20240822,2024-08-22 06:42:08,1398,2,2,Córdoba,11970.0,0.0,68970.0
1000004226,20250725,2025-07-25 00:06:05,1159,1,2,Córdoba,5985.0,0.0,34485.0
1000004227,20241104,2024-11-04 18:18:13,996,1,1,Buenos Aires,6174.0,900.0,36474.0
1000004228,20240212,2024-02-12 12:08:47,988,1,2,Córdoba,3087.0,1200.0,18987.0
1000004229,20240901,2024-09-01 10:53:59,824,1,3,Santa Fe,8977.5,900.0,52627.5
1000004230,20240726,2024-07-26 09:57:18,900,1,2,Córdoba,9261.0,1200.0,54561.0
1000004231,20250409,2025-04-09 23:39:04,800,2,1,Buenos Aires,2268.0,0.0,13068.0
1000004232,20240816,2024-08-16 19:32:23,869,2,3,Santa Fe,5985.0,0.0,34485.0
1000004233,20241203,2024-12-03 01:47:24,1262,2,2,Córdoba,23412.38,0.0,134899.88
1000004234,20240823,2024-08-23 03:58:06,915,2,2,Córdoba,7780.5,0.0,44830.5
1000004235,20250824,2025-08-24 14:29:10,255,1,2,Córdoba,9875.25,900.0,57800.25
1000004236,20250122,2025-01-22 07:06:51,254,1,2,Córdoba,11483.64,900.0,67067.64
1000004237,20240722,2024-07-22 11:19:42,563,2,2,Córdoba,6284.25,0.0,36209.25
1000004238,20250817,2025-08-17 17:17:20,1151,2,2,Córdoba,8930.25,0.0,51455.25
1000004239,20250510,2025-05-10 08:33:22,542,1,3,Santa Fe,9576.0,900.0,56076.0
1000004240,20240730,2024-07-30 09:38:45,80,2,3,Santa Fe,13371.75,0.0,77046.75
1000004241,20250615,2025-06-15 22:28:25,429,1,1,Buenos Aires,5040.0,1200.0,30240.0
1000004242,20250329,2025-03-29 22:04:28,1455,2,3,Santa Fe,4536.0,0.0,26136.0
1000004243,20240424,2024-04-24 10:57:27,805,1,1,Buenos Aires,12232.08,0.0,70480.08
1000004244,20240206,2024-02-06 07:34:09,711,1,1,Buenos Aires,8911.35,0.0,51346.35
1000004245,20250114,2025-01-14 19:15:17,123,1,4,Mendoza,2381.4,900.0,14621.4
1000004246,20250329,2025-03-29 20:07:32,969,2,1,Buenos Aires,4939.2,0.0,28459.2
1000004247,20241201,2024-12-01 04:06:42,612,2,1,Buenos Aires,14212.8,0.0,81892.8
1000004248,20240224,2024-02-24 07:26:18,850,1,3,Santa Fe,2268.0,900.0,13968.0
1000004249,20241017,2024-10-17 09:14:53,58,2,2,Córdoba,5985.0,0.0,34485.0
1000004250,20250910,2025-09-10 01:57:51,440,1,2,Córdoba,9450.0,1200.0,55650.0
1000004251,20241229,2024-12-29 00:59:40,477,1,3,Santa Fe,2992.5,1500.0,18742.5
1000004252,20240917,2024-09-17 07:04:01,328,1,1,Buenos Aires,5040.0,1200.0,30240.0
1000004253,20240523,2024-05-23 05:13:22,64,2,4,Mendoza,2513.7,0.0,14483.7
1000004254,20240829,2024-08-29 14:13:18,9,1,2,Córdoba,5985.0,1200.0,35685.0
1000004255,20240224,2024-02-24 10:12:12,1018,1,2,Córdoba,4082.4,1200.0,24722.4
1000004256,20250209,2025-02-09 11:03:06,887,1,1,Buenos Aires,3395.7,900.0,20465.7
1000004257,20250718,2025-07-18 03:38:00,809,1,1,Buenos Aires,4762.8,1200.0,28642.8
1000004258,20240925,2024-09-25 12:00:21,187,1,2,Córdoba,6615.0,1500.0,39615.0
1000004259,20240304,2024-03-04 23:01:51,594,2,3,Santa Fe,7654.5,0.0,44104.5
1000004260,20250725,2025-07-25 14:06:39,1416,1,1,Buenos Aires,10710.0,900.0,62610.0
1000004261,20250303,2025-03-03 06:41:50,698,2,2,Córdoba,5985.0,0.0,34485.0
1000004262,20240126,2024-01-26 15:09:36,869,1,1,Buenos Aires,2469.6,1500.0,15729.6
1000004263,20250517,2025-05-17 16:19:01,823,1,4,Mendoza,6463.8,1200.0,38443.8
1000004264,20250105,2025-01-05 00:11:05,170,1,1,Buenos Aires,10226.16,0.0,58922.16
1000004265,20250630,2025-06-30 22:14:25,1022,2,2,Córdoba,3087.0,0.0,17787.0
1000004266,20240616,2024-06-16 08:57:43,946,1,4,Mendoza,11900.7,1500.0,70070.7
1000004267,20241201,2024-12-01 23:33:37,1273,2,1,Buenos Aires,5040.0,0.0,29040.0
1000004268,20250806,2025-08-06 17:01:45,752,2,4,Mendoza,2992.5,0.0,17242.5
1000004269,20250715,2025-07-15 01:01:41,338,1,2,Córdoba,9261.0,1500.0,54861.0
1000004270,20240620,2024-06-20 15:34:45,1223,1,2,Córdoba,2593.08,900.0,15841.08
1000004271,20241017,2024-10-17 15:20:01,1014,2,4,Mendoza,11970.0,0.0,68970.0
1000004272,20240710,2024-07-10 10:24:31,1204,2,1,Buenos Aires,8977.5,0.0,51727.5
1000004273,20240319,2024-03-19 23:13:03,227,1,1,Buenos Aires,5985.0,1500.0,35985.0
1000004274,20250520,2025-05-20 13:48:36,54,1,2,Córdoba,7560.0,900.0,44460.0
1000004275,20240428,2024-04-28 14:32:57,1095,2,2,Córdoba,2992.5,0.0,17242.5
1000004276,20240512,2024-05-12 22:02:16,955,1,1,Buenos Aires,4788.0,900.0,28488.0
1000004277,20240718,2024-07-18 08:38:11,756,1,2,Córdoba,5386.5,1200.0,32236.5
1000004278,20240527,2024-05-27 23:02:43,999,1,4,Mendoza,5670.0,1500.0,34170.0
1000004279,20250803,2025-08-03 03:12:47,628,2,3,Santa Fe,7654.5,0.0,44104.5
1000004280,20250302,2025-03-02 13:17:50,29,1,1,Buenos Aires,2646.0,1200.0,16446.0
1000004281,20250215,2025-02-15 00:29:38,892,2,3,Santa Fe,10929.24,0.0,62973.24
1000004282,20240501,2024-05-01 01:02:03,1280,2,4,Mendoza,3142.12,0.0,18104.62
1000004283,20240222,2024-02-22 04:39:47,1129,1,4,Mendoza,9355.5,1500.0,55405.5
1000004284,20250719,2025-07-19 03:29:34,782,1,4,Mendoza,21694.05,900.0,125899.05
1000004285,20241206,2024-12-06 15:02:37,1038,1,1,Buenos Aires,5761.35,1500.0,34696.35
1000004286,20250117,2025-01-17 16:42:46,790,2,1,Buenos Aires,15488.55,0.0,89243.55
1000004287,20240211,2024-02-11 19:38:50,1430,2,4,Mendoza,9724.05,0.0,56029.05
1000004288,20240406,2024-04-06 14:17:52,85,1,1,Buenos Aires,4863.6,900.0,28923.6
1000004289,20241205,2024-12-05 11:54:35,15,1,2,Córdoba,12072.38,1500.0,71059.88
1000004290,20241123,2024-11-23 23:40:26,72,1,2,Córdoba,9922.5,1200.0,58372.5
1000004291,20240209,2024-02-09 15:54:48,636,2,4,Mendoza,7938.0,0.0,45738.0
1000004292,20250601,2025-06-01 11:16:57,1089,1,2,Córdoba,13545.0,1200.0,79245.0
1000004293,20250218,2025-02-18 09:32:41,791,1,1,Buenos Aires,2268.0,900.0,13968.0
1000004294,20241224,2024-12-24 19:02:05,144,2,1,Buenos Aires,6930.0,0.0,39930.0
1000004295,20240426,2024-04-26 22:04:16,1195,1,2,Córdoba,5103.0,1200.0,30603.0
1000004296,20250201,2025-02-01 04:27:13,901,1,1,Buenos Aires,4445.28,1200.0,26813.28
1000004297,20240109,2024-01-09 06:41:55,1320,2,2,Córdoba,2494.8,0.0,14374.8
1000004298,20240919,2024-09-19 16:59:26,306,1,1,Buenos Aires,2513.7,1200.0,15683.7
1000004299,20240511,2024-05-11 05:59:00,28,2,1,Buenos Aires,5027.4,0.0,28967.4
1000004300,20241120,2024-11-20 17:04:43,884,2,4,Mendoza,9261.0,0.0,53361.0
1000004301,20240416,2024-04-16 03:26:14,382,2,3,Santa Fe,14351.4,0.0,82691.4
1000004302,20240906,2024-09-06 15:44:35,1286,2,1,Buenos Aires,3395.7,0.0,19565.7
1000004303,20241212,2024-12-12 04:10:21,156,2,1,Buenos Aires,7597.8,0.0,43777.8
1000004304,20240819,2024-08-19 20:47:48,1119,1,1,Buenos Aires,6804.0,1200.0,40404.0
1000004305,20240706,2024-07-06 04:14:52,1395,2,2,Córdoba,5386.5,0.0,31036.5
1000004306,20250721,2025-07-21 07:06:39,402,1,1,Buenos Aires,2513.7,1200.0,15683.7
1000004307,20241203,2024-12-03 02:54:54,981,1,1,Buenos Aires,2716.56,1500.0,17152.56
1000004308,20240213,2024-02-13 21:10:45,1247,1,1,Buenos Aires,10299.24,1500.0,60843.24
1000004309,20250120,2025-01-20 06:31:24,770,1,2,Córdoba,8977.5,1200.0,52927.5
1000004310,20250227,2025-02-27 10:47:36,1304,2,1,Buenos Aires,4536.0,0.0,26136.0
1000004311,20241120,2024-11-20 15:56:42,1486,1,1,Buenos Aires,3465.0,1500.0,21465.0
1000004312,20250107,2025-01-07 08:21:46,475,2,2,Córdoba,2154.6,0.0,12414.6
1000004313,20250612,2025-06-12 17:01:16,305,2,2,Córdoba,5733.0,0.0,33033.0
1000004314,20241019,2024-10-19 23:52:55,1484,2,1,Buenos Aires,5103.0,0.0,29403.0
1000004315,20240619,2024-06-19 05:19:00,829,1,3,Santa Fe,6583.5,1200.0,39133.5
1000004316,20250305,2025-03-05 02:21:26,1373,1,1,Buenos Aires,6174.0,900.0,36474.0
1000004317,20250921,2025-09-21 13:37:59,539,1,1,Buenos Aires,2268.0,1200.0,14268.0
1000004318,20240430,2024-04-30 17:51:44,1388,1,4,Mendoza,3087.0,900.0,18687.0
1000004319,20240905,2024-09-05 03:01:20,475,1,1,Buenos Aires,5292.0,0.0,30492.0
1000004320,20240710,2024-07-10 13:50:53,1441,1,2,Córdoba,2394.0,1500.0,15294.0
1000004321,20240407,2024-04-07 23:45:00,1252,2,2,Córdoba,7756.56,0.0,44692.56
1000004322,20240814,2024-08-14 23:50:08,384,1,2,Córdoba,7182.0,900.0,42282.0
1000004323,20250113,2025-01-13 16:24:07,329,2,3,Santa Fe,5040.0,0.0,29040.0
1000004324,20240218,2024-02-18 03:42:12,542,1,1,Buenos Aires,6583.5,1500.0,39433.5
1000004325,20240905,2024-09-05 17:12:15,139,1,1,Buenos Aires,12600.0,1200.0,73800.0
1000004326,20240927,2024-09-27 20:12:57,936,2,4,Mendoza,10558.8,0.0,60838.8
1000004327,20250118,2025-01-18 09:02:40,547,2,3,Santa Fe,6174.0,0.0,35574.0
1000004328,20250805,2025-08-05 11:27:05,378,1,1,Buenos Aires,3395.7,1200.0,20765.7
1000004329,20240131,2024-01-31 14:01:43,37,1,3,Santa Fe,3150.0,900.0,19050.0
1000004330,20241105,2024-11-05 16:03:56,1467,1,1,Buenos Aires,11765.25,900.0,68690.25
1000004331,20241105,2024-11-05 19:38:41,1113,2,2,Córdoba,15986.88,0.0,92114.88
1000004332,20240111,2024-01-11 12:34:22,450,1,3,Santa Fe,2835.0,1200.0,17535.0
1000004333,20241004,2024-10-04 19:49:37,822,1,4,Mendoza,5040.0,900.0,29940.0
1000004334,20240322,2024-03-22 14:42:19,155,1,1,Buenos Aires,10174.5,1500.0,60124.5
1000004335,20240225,2024-02-25 02:23:57,1307,1,1,Buenos Aires,8996.4,900.0,52736.4
1000004336,20250712,2025-07-12 12:15:57,112,1,2,Córdoba,5040.0,1200.0,30240.0
1000004337,20240419,2024-04-19 21:41:53,1089,1,3,Santa Fe,5670.0,900.0,33570.0
1000004338,20240318,2024-03-18 05:26:56,1321,2,4,Mendoza,3395.7,0.0,19565.7
1000004339,20240618,2024-06-18 20:55:42,611,1,2,Córdoba,15687.0,900.0,91287.0
1000004340,20240215,2024-02-15 14:11:23,168,1,3,Santa Fe,2835.0,1200.0,17535.0
1000004341,20250524,2025-05-24 18:37:27,851,1,2,Córdoba,9233.28,1200.0,54401.28
1000004342,20240903,2024-09-03 20:41:52,626,1,4,Mendoza,15523.2,900.0,90343.2
1000004343,20240729,2024-07-29 21:13:37,1459,1,1,Buenos Aires,7182.0,1200.0,42582.0
1000004344,20241109,2024-11-09 14:53:28,1290,1,1,Buenos Aires,6300.0,0.0,36300.0
1000004345,20241014,2024-10-14 16:33:20,1340,2,1,Buenos Aires,7182.0,0.0,41382.0
1000004346,20250120,2025-01-20 07:40:21,943,1,1,Buenos Aires,19945.8,1200.0,116125.8
1000004347,20250903,2025-09-03 04:29:07,99,1,2,Córdoba,7408.8,900.0,43588.8
1000004348,20250201,2025-02-01 23:12:21,704,1,1,Buenos Aires,2041.2,900.0,12661.2
1000004349,20250511,2025-05-11 02:14:07,1248,1,1,Buenos Aires,5186.16,1200.0,31082.16
1000004350,20250411,2025-04-11 10:52:51,507,2,2,Córdoba,3087.0,0.0,17787.0
1000004351,20240712,2024-07-12 05:28:24,37,1,1,Buenos Aires,7182.0,900.0,42282.0
1000004352,20250420,2025-04-20 17:50:51,1090,2,1,Buenos Aires,13022.1,0.0,75032.1
1000004353,20241215,2024-12-15 08:07:04,23,1,1,Buenos Aires,10120.95,900.0,59215.95
1000004354,20241125,2024-11-25 05:15:21,959,1,2,Córdoba,7541.1,0.0,43451.1
1000004355,20250408,2025-04-08 03:25:00,819,2,1,Buenos Aires,3087.0,0.0,17787.0
1000004356,20250718,2025-07-18 07:41:20,927,2,1,Buenos Aires,13734.0,0.0,79134.0
1000004357,20240515,2024-05-15 23:21:14,860,2,3,Santa Fe,6300.0,0.0,36300.0
1000004358,20250422,2025-04-22 19:36:36,1189,2,1,Buenos Aires,5585.58,0.0,32183.58
1000004359,20240527,2024-05-27 01:36:49,916,1,2,Córdoba,3087.0,900.0,18687.0
1000004360,20250930,2025-09-30 20:43:56,292,1,1,Buenos Aires,6300.0,1200.0,37500.0
1000004361,20250215,2025-02-15 12:29:53,488,2,1,Buenos Aires,6237.0,0.0,35937.0
1000004362,20241229,2024-12-29 00:06:37,536,1,3,Santa Fe,3291.75,1500.0,20466.75
1000004363,20241004,2024-10-04 01:11:07,1237,1,1,Buenos Aires,8079.75,1200.0,47754.75
1000004364,20250120,2025-01-20 16:45:15,1023,2,3,Santa Fe,14679.0,0.0,84579.0
1000004365,20240713,2024-07-13 04:30:46,1234,1,1,Buenos Aires,7408.8,1200.0,43888.8
1000004366,20250719,2025-07-19 01:58:33,245,1,1,Buenos Aires,6463.8,0.0,37243.8
1000004367,20240910,2024-09-10 01:27:41,298,2,1,Buenos Aires,5040.0,0.0,29040.0
1000004368,20240227,2024-02-27 17:24:44,36,1,1,Buenos Aires,5186.16,1200.0,31082.16
1000004369,20250208,2025-02-08 00:35:42,1262,1,1,Buenos Aires,5304.6,1500.0,32064.6
1000004370,20240918,2024-09-18 19:31:33,518,1,1,Buenos Aires,5040.0,900.0,29940.0
1000004371,20250715,2025-07-15 11:18:38,882,2,1,Buenos Aires,2551.5,0.0,14701.5
1000004372,20250712,2025-07-12 00:18:27,301,1,2,Córdoba,4536.0,1200.0,27336.0
1000004373,20250614,2025-06-14 23:42:42,1159,2,2,Córdoba,6174.0,0.0,35574.0
1000004374,20250228,2025-02-28 13:12:55,605,1,1,Buenos Aires,4961.25,900.0,29486.25
1000004375,20240221,2024-02-21 20:43:24,55,1,1,Buenos Aires,7560.0,900.0,44460.0
1000004376,20250212,2025-02-12 20:56:41,1126,1,1,Buenos Aires,4788.0,0.0,27588.0
1000004377,20240322,2024-03-22 01:59:45,449,1,4,Mendoza,6804.0,900.0,40104.0
1000004378,20250706,2025-07-06 01:30:02,1424,1,2,Córdoba,5953.5,1200.0,35503.5
1000004379,20240502,2024-05-02 22:54:59,68,2,3,Santa Fe,7560.0,0.0,43560.0
1000004380,20250401,2025-04-01 03:28:56,303,1,1,Buenos Aires,6284.25,1200.0,37409.25
1000004381,20240714,2024-07-14 17:36:40,1338,2,2,Córdoba,6237.0,0.0,35937.0
1000004382,20250103,2025-01-03 05:51:27,1256,2,3,Santa Fe,2041.2,0.0,11761.2
1000004383,20240911,2024-09-11 12:10:21,1111,1,2,Córdoba,9292.5,900.0,54442.5
1000004384,20250803,2025-08-03 14:23:59,1487,1,3,Santa Fe,9261.0,1200.0,54561.0
1000004385,20250406,2025-04-06 14:52:29,715,1,1,Buenos Aires,6174.0,1200.0,36774.0
1000004386,20250125,2025-01-25 00:33:13,818,1,1,Buenos Aires,6174.0,1200.0,36774.0
1000004387,20240709,2024-07-09 05:18:41,1365,1,2,Córdoba,13986.0,900.0,81486.0
1000004388,20240529,2024-05-29 04:02:44,1465,1,1,Buenos Aires,5186.16,1200.0,31082.16
1000004389,20250507,2025-05-07 03:17:54,1215,1,1,Buenos Aires,6463.8,900.0,38143.8
1000004390,20250717,2025-07-17 20:08:37,522,1,1,Buenos Aires,3307.5,900.0,19957.5
1000004391,20240524,2024-05-24 20:28:20,943,1,1,Buenos Aires,12310.2,900.0,71830.2
1000004392,20250914,2025-09-14 06:44:11,358,1,2,Córdoba,3150.0,900.0,19050.0
1000004393,20240218,2024-02-18 10:41:15,253,2,1,Buenos Aires,6615.0,0.0,38115.0
1000004394,20241102,2024-11-02 19:46:08,96,1,1,Buenos Aires,6930.0,1500.0,41430.0
1000004395,20240701,2024-07-01 18:41:45,335,2,3,Santa Fe,5670.0,0.0,32670.0
1000004396,20240923,2024-09-23 20:38:13,166,2,1,Buenos Aires,2520.0,0.0,14520.0
1000004397,20250104,2025-01-04 12:21:45,606,1,1,Buenos Aires,2593.08,900.0,15841.08
1000004398,20250805,2025-08-05 17:38:26,1198,1,1,Buenos Aires,6804.0,0.0,39204.0
1000004399,20250718,2025-07-18 08:25:19,981,2,1,Buenos Aires,9475.2,0.0,54595.2
1000004400,20250401,2025-04-01 04:01:15,85,1,1,Buenos Aires,2646.0,1500.0,16746.0
1000004401,20240606,2024-06-06 14:27:42,644,2,3,Santa Fe,10609.2,0.0,61129.2
1000004402,20250409,2025-04-09 02:30:58,227,1,3,Santa Fe,4939.2,1200.0,29659.2
1000004403,20241130,2024-11-30 11:07:54,491,1,4,Mendoza,8334.9,1200.0,49224.9
1000004404,20240127,2024-01-27 23:03:26,96,1,4,Mendoza,15624.0,1200.0,91224.0
1000004405,20250412,2025-04-12 11:46:22,1233,2,1,Buenos Aires,2222.64,0.0,12806.64
1000004406,20250811,2025-08-11 17:07:23,581,1,1,Buenos Aires,6123.6,900.0,36183.6
1000004407,20250302,2025-03-02 22:39:56,1044,1,1,Buenos Aires,2381.4,0.0,13721.4
1000004408,20240611,2024-06-11 21:30:37,501,1,3,Santa Fe,2835.0,900.0,17235.0
1000004409,20250516,2025-05-16 06:27:07,733,1,1,Buenos Aires,5670.0,0.0,32670.0
1000004410,20240128,2024-01-28 13:28:35,298,1,1,Buenos Aires,5147.1,1200.0,30857.1
1000004411,20250621,2025-06-21 22:01:46,858,1,3,Santa Fe,9450.0,900.0,55350.0
1000004412,20240315,2024-03-15 12:40:13,689,2,2,Córdoba,9724.05,0.0,56029.05
1000004413,20240130,2024-01-30 21:50:26,331,1,1,Buenos Aires,11895.98,900.0,69443.48
1000004414,20250728,2025-07-28 19:25:01,1134,1,1,Buenos Aires,8505.0,1500.0,50505.0
1000004415,20240217,2024-02-17 10:30:19,638,1,1,Buenos Aires,8952.3,1200.0,52782.3
1000004416,20250404,2025-04-04 03:28:51,499,2,1,Buenos Aires,9450.0,0.0,54450.0
1000004417,20240924,2024-09-24 15:12:04,588,1,1,Buenos Aires,7560.0,900.0,44460.0
1000004418,20250511,2025-05-11 10:56:43,716,2,1,Buenos Aires,14200.2,0.0,81820.2
1000004419,20240910,2024-09-10 00:07:32,495,2,4,Mendoza,16758.0,0.0,96558.0
1000004420,20250430,2025-04-30 12:19:10,1370,1,1,Buenos Aires,9450.0,1200.0,55650.0
1000004421,20250424,2025-04-24 01:18:07,617,1,1,Buenos Aires,14364.0,900.0,83664.0
1000004422,20250317,2025-03-17 05:46:33,246,1,1,Buenos Aires,2693.25,900.0,16418.25
1000004423,20250614,2025-06-14 08:31:10,208,1,3,Santa Fe,9261.0,1500.0,54861.0
1000004424,20240506,2024-05-06 15:00:04,732,1,4,Mendoza,7484.4,1200.0,44324.4
1000004425,20250809,2025-08-09 06:37:26,61,1,2,Córdoba,17892.0,900.0,103992.0
1000004426,20250215,2025-02-15 05:02:07,546,1,2,Córdoba,2154.6,1500.0,13914.6
1000004427,20250912,2025-09-12 14:03:50,973,1,1,Buenos Aires,8977.5,1200.0,52927.5
1000004428,20240203,2024-02-03 22:34:21,1058,2,2,Córdoba,11850.3,0.0,68280.3
1000004429,20250225,2025-02-25 12:45:20,665,1,1,Buenos Aires,3241.35,900.0,19576.35
1000004430,20250328,2025-03-28 01:57:39,1168,1,1,Buenos Aires,7182.0,1200.0,42582.0
1000004431,20240628,2024-06-28 15:32:53,41,2,4,Mendoza,3241.35,0.0,18676.35
1000004432,20240420,2024-04-20 11:18:42,677,1,4,Mendoza,2381.4,900.0,14621.4
1000004433,20250402,2025-04-02 06:09:48,404,1,2,Córdoba,6123.6,900.0,36183.6
1000004434,20240812,2024-08-12 04:22:59,642,2,4,Mendoza,5040.0,0.0,29040.0
1000004435,20240318,2024-03-18 14:23:39,896,1,3,Santa Fe,8893.08,900.0,52141.08
1000004436,20250529,2025-05-29 20:20:55,555,2,2,Córdoba,12253.5,0.0,70603.5
1000004437,20240705,2024-07-05 21:26:04,423,1,1,Buenos Aires,5544.0,1500.0,33444.0
1000004438,20240908,2024-09-08 13:44:38,694,1,1,Buenos Aires,10173.24,1200.0,59817.24
1000004439,20250613,2025-06-13 01:40:15,1299,2,3,Santa Fe,2992.5,0.0,17242.5
1000004440,20240404,2024-04-04 00:52:00,1373,2,3,Santa Fe,5103.0,0.0,29403.0
1000004441,20250731,2025-07-31 11:51:11,1037,1,1,Buenos Aires,13686.75,900.0,79761.75
1000004442,20250907,2025-09-07 05:04:23,302,1,4,Mendoza,6300.0,900.0,37200.0
1000004443,20240722,2024-07-22 08:17:01,940,1,4,Mendoza,12285.0,900.0,71685.0
1000004444,20250920,2025-09-20 07:17:34,714,1,1,Buenos Aires,2992.5,1200.0,18442.5
1000004445,20241215,2024-12-15 12:49:10,1026,2,1,Buenos Aires,2835.0,0.0,16335.0
1000004446,20241226,2024-12-26 17:46:41,259,2,3,Santa Fe,4536.0,0.0,26136.0
1000004447,20240607,2024-06-07 11:49:25,430,2,1,Buenos Aires,4939.2,0.0,28459.2
1000004448,20240717,2024-07-17 18:04:33,1017,2,4,Mendoza,2992.5,0.0,17242.5
1000004449,20250110,2025-01-10 14:00:56,26,1,2,Córdoba,3118.5,1500.0,19468.5
1000004450,20240228,2024-02-28 11:23:02,736,2,4,Mendoza,18427.5,0.0,106177.5
1000004451,20250209,2025-02-09 16:14:41,1481,1,3,Santa Fe,5186.16,1200.0,31082.16
1000004452,20250428,2025-04-28 01:33:40,1483,1,1,Buenos Aires,16443.0,900.0,95643.0
1000004453,20240810,2024-08-10 06:01:20,522,2,3,Santa Fe,17284.05,0.0,99589.05
1000004454,20240625,2024-06-25 22:43:21,1450,2,4,Mendoza,2520.0,0.0,14520.0
1000004455,20240221,2024-02-21 19:31:55,1033,1,1,Buenos Aires,5556.6,1500.0,33516.6
1000004456,20240720,2024-07-20 19:58:50,957,1,1,Buenos Aires,4788.0,1200.0,28788.0
1000004457,20250210,2025-02-10 01:27:17,1363,1,3,Santa Fe,2772.0,900.0,16872.0
1000004458,20250315,2025-03-15 12:25:28,1300,1,1,Buenos Aires,7144.2,1200.0,42364.2
1000004459,20250610,2025-06-10 15:26:14,620,2,1,Buenos Aires,4989.6,0.0,28749.6
1000004460,20240703,2024-07-03 09:17:27,1024,2,4,Mendoza,2992.5,0.0,17242.5
1000004461,20250316,2025-03-16 12:12:54,995,1,1,Buenos Aires,2593.08,1200.0,16141.08
1000004462,20250414,2025-04-14 05:35:26,119,1,2,Córdoba,8977.5,900.0,52627.5
1000004463,20250507,2025-05-07 06:01:08,124,2,4,Mendoza,3150.0,0.0,18150.0
1000004464,20250417,2025-04-17 05:25:00,603,1,1,Buenos Aires,7182.0,1200.0,42582.0
1000004465,20250623,2025-06-23 20:11:29,500,2,2,Córdoba,2835.0,0.0,16335.0
1000004466,20240202,2024-02-02 09:45:07,1464,2,4,Mendoza,23590.98,0.0,135928.98
1000004467,20250815,2025-08-15 11:33:04,515,1,2,Córdoba,11497.5,1500.0,67747.5
1000004468,20240822,2024-08-22 23:08:52,359,1,3,Santa Fe,8977.5,900.0,52627.5
1000004469,20250209,2025-02-09 09:39:52,207,1,2,Córdoba,10395.0,900.0,60795.0
1000004470,20240523,2024-05-23 01:48:08,362,1,1,Buenos Aires,3142.12,1500.0,19604.62
1000004471,20241004,2024-10-04 06:34:30,254,1,1,Buenos Aires,8977.5,1200.0,52927.5
1000004472,20241114,2024-11-14 21:14:13,809,1,4,Mendoza,4939.2,900.0,29359.2
1000004473,20250820,2025-08-20 04:18:50,494,1,1,Buenos Aires,18572.4,1200.0,108212.4
1000004474,20250113,2025-01-13 23:44:35,879,2,1,Buenos Aires,7408.8,0.0,42688.8
1000004475,20250706,2025-07-06 13:11:45,159,1,1,Buenos Aires,17388.0,1200.0,101388.0
1000004476,20240501,2024-05-01 23:10:30,1074,2,4,Mendoza,4788.0,0.0,27588.0
1000004477,20240328,2024-03-28 05:19:31,29,2,4,Mendoza,6123.6,0.0,35283.6
1000004478,20250924,2025-09-24 04:22:52,338,1,2,Córdoba,9450.0,1200.0,55650.0
1000004479,20240117,2024-01-17 07:21:25,751,1,3,Santa Fe,11466.0,900.0,66966.0
1000004480,20250125,2025-01-25 08:51:00,1461,1,3,Santa Fe,3150.0,900.0,19050.0
1000004481,20240508,2024-05-08 03:49:19,772,1,1,Buenos Aires,5670.0,1200.0,33870.0
1000004482,20250703,2025-07-03 05:07:00,878,1,2,Córdoba,7182.0,900.0,42282.0
1000004483,20240730,2024-07-30 03:16:15,332,1,3,Santa Fe,21429.45,1500.0,124974.45
1000004484,20240204,2024-02-04 13:21:39,464,2,2,Córdoba,8442.0,0.0,48642.0
1000004485,20240928,2024-09-28 08:03:06,1146,1,4,Mendoza,2268.0,1200.0,14268.0
1000004486,20250621,2025-06-21 08:30:36,1212,2,4,Mendoza,2520.0,0.0,14520.0
1000004487,20240509,2024-05-09 18:14:02,1050,2,4,Mendoza,2394.0,0.0,13794.0
1000004488,20250912,2025-09-12 03:42:04,938,1,1,Buenos Aires,8131.72,1200.0,48054.22
1000004489,20250308,2025-03-08 18:26:54,300,1,1,Buenos Aires,2835.0,0.0,16335.0
1000004490,20241224,2024-12-24 08:57:06,992,1,1,Buenos Aires,7182.0,1200.0,42582.0
1000004491,20241003,2024-10-03 21:10:53,447,2,1,Buenos Aires,5985.0,0.0,34485.0
1000004492,20250803,2025-08-03 04:51:56,957,2,1,Buenos Aires,24362.1,0.0,140372.1
1000004493,20241018,2024-10-18 14:04:49,472,2,4,Mendoza,2646.0,0.0,15246.0
1000004494,20250711,2025-07-11 11:40:40,1304,2,4,Mendoza,2835.0,0.0,16335.0
1000004495,20250901,2025-09-01 16:36:46,254,1,3,Santa Fe,14968.8,1500.0,87748.8
1000004496,20250130,2025-01-30 09:10:57,1125,2,1,Buenos Aires,6667.92,0.0,38419.92
1000004497,20250921,2025-09-21 00:38:45,107,1,2,Córdoba,9261.0,900.0,54261.0
1000004498,20250517,2025-05-17 06:38:39,1237,1,1,Buenos Aires,11844.0,900.0,69144.0
1000004499,20241226,2024-12-26 01:33:24,293,2,4,Mendoza,7541.1,0.0,43451.1
1000004500,20240824,2024-08-24 06:30:38,879,2,1,Buenos Aires,2646.0,0.0,15246.0
1000004501,20240723,2024-07-23 00:17:33,246,1,3,Santa Fe,2394.0,1200.0,14994.0
1000004502,20250514,2025-05-14 10:49:58,1032,2,1,Buenos Aires,6583.5,0.0,37933.5
1000004503,20240711,2024-07-11 23:38:05,1021,2,2,Córdoba,11796.75,0.0,67971.75
1000004504,20240407,2024-04-07 11:29:41,1024,1,1,Buenos Aires,13293.0,1500.0,78093.0
1000004505,20250406,2025-04-06 09:17:34,525,2,2,Córdoba,6804.0,0.0,39204.0
1000004506,20240909,2024-09-09 09:03:16,1080,1,1,Buenos Aires,17010.0,0.0,98010.0
1000004507,20240605,2024-06-05 11:33:34,610,2,4,Mendoza,10977.12,0.0,63249.12
1000004508,20240918,2024-09-18 12:36:52,485,1,1,Buenos Aires,9450.0,1200.0,55650.0
1000004509,20240401,2024-04-01 07:33:33,1034,1,4,Mendoza,2992.5,900.0,18142.5
1000004510,20240615,2024-06-15 01:35:54,61,2,1,Buenos Aires,10401.3,0.0,59931.3
1000004511,20241008,2024-10-08 18:15:03,801,2,1,Buenos Aires,9233.28,0.0,53201.28
1000004512,20240606,2024-06-06 08:24:55,382,1,2,Córdoba,13708.8,900.0,79888.8
1000004513,20250827,2025-08-27 09:58:29,774,1,1,Buenos Aires,5040.0,1200.0,30240.0
1000004514,20240331,2024-03-31 12:08:20,634,2,1,Buenos Aires,5433.12,0.0,31305.12
1000004515,20250102,2025-01-02 03:39:34,1029,1,4,Mendoza,8977.5,900.0,52627.5
1000004516,20240106,2024-01-06 05:28:28,1363,1,1,Buenos Aires,5670.0,900.0,33570.0
1000004517,20240308,2024-03-08 05:07:07,690,2,2,Córdoba,6463.8,0.0,37243.8
1000004518,20240524,2024-05-24 07:51:31,178,1,1,Buenos Aires,5386.5,1200.0,32236.5
1000004519,20250827,2025-08-27 08:37:11,811,2,1,Buenos Aires,10206.0,0.0,58806.0
1000004520,20241218,2024-12-18 15:07:05,251,1,2,Córdoba,19646.55,900.0,114101.55
1000004521,20240914,2024-09-14 05:49:53,70,1,2,Córdoba,2646.0,0.0,15246.0
1000004522,20250627,2025-06-27 23:04:51,1281,2,1,Buenos Aires,8505.0,0.0,49005.0
1000004523,20241217,2024-12-17 00:54:17,435,1,2,Córdoba,6123.6,900.0,36183.6
1000004524,20250523,2025-05-23 09:28:34,383,1,2,Córdoba,7900.2,900.0,46420.2
1000004525,20250123,2025-01-23 06:46:46,34,1,1,Buenos Aires,7308.0,1200.0,43308.0
1000004526,20240229,2024-02-29 22:35:59,217,2,2,Córdoba,5040.0,0.0,29040.0
1000004527,20240511,2024-05-11 19:03:26,851,2,1,Buenos Aires,4989.6,0.0,28749.6
1000004528,20240904,2024-09-04 11:32:03,1428,2,3,Santa Fe,2469.6,0.0,14229.6
1000004529,20241029,2024-10-29 04:26:29,1448,1,1,Buenos Aires,4774.14,900.0,28408.14
1000004530,20240409,2024-04-09 08:38:56,1383,2,1,Buenos Aires,15709.68,0.0,90517.68
1000004531,20241020,2024-10-20 07:19:44,1497,2,1,Buenos Aires,2469.6,0.0,14229.6
1000004532,20250209,2025-02-09 06:14:29,661,2,2,Córdoba,5544.0,0.0,31944.0
1000004533,20240501,2024-05-01 20:14:12,1165,1,1,Buenos Aires,3150.0,1200.0,19350.0
1000004534,20241105,2024-11-05 12:37:40,145,2,4,Mendoza,6804.0,0.0,39204.0
1000004535,20240222,2024-02-22 00:13:57,961,1,2,Córdoba,6791.4,900.0,40031.4
1000004536,20250221,2025-02-21 14:29:15,960,1,2,Córdoba,6123.6,1500.0,36783.6
1000004537,20250305,2025-03-05 18:45:24,1270,2,4,Mendoza,15488.55,0.0,89243.55
1000004538,20250627,2025-06-27 05:22:31,508,1,1,Buenos Aires,12133.8,1500.0,71413.8
1000004539,20250219,2025-02-19 14:14:41,1232,2,4,Mendoza,9072.0,0.0,52272.0
1000004540,20240405,2024-04-05 18:31:00,1494,2,3,Santa Fe,7938.0,0.0,45738.0
1000004541,20250107,2025-01-07 15:08:43,422,2,1,Buenos Aires,6300.0,0.0,36300.0
1000004542,20240527,2024-05-27 20:48:10,1157,1,1,Buenos Aires,4788.0,1500.0,29088.0
1000004543,20240125,2024-01-25 11:25:07,154,1,3,Santa Fe,6804.0,1200.0,40404.0
1000004544,20250521,2025-05-21 17:26:07,394,2,1,Buenos Aires,2222.64,0.0,12806.64
1000004545,20250215,2025-02-15 02:46:23,394,2,1,Buenos Aires,12852.0,0.0,74052.0
1000004546,20250730,2025-07-30 00:31:28,153,2,4,Mendoza,9261.0,0.0,53361.0
1000004547,20250622,2025-06-22 15:31:27,1465,2,4,Mendoza,2469.6,0.0,14229.6
1000004548,20250912,2025-09-12 20:46:00,461,2,4,Mendoza,7182.0,0.0,41382.0
1000004549,20241119,2024-11-19 09:58:12,900,2,4,Mendoza,2154.6,0.0,12414.6
1000004550,20250518,2025-05-18 22:50:43,852,1,3,Santa Fe,2520.0,900.0,15420.0
1000004551,20240701,2024-07-01 12:25:22,1015,2,2,Córdoba,13293.0,0.0,76593.0
1000004552,20250825,2025-08-25 19:16:21,1385,2,2,Córdoba,12303.9,0.0,70893.9
1000004553,20240319,2024-03-19 15:32:42,1311,1,4,Mendoza,16065.0,1200.0,93765.0
1000004554,20241231,2024-12-31 15:05:49,1034,1,4,Mendoza,5670.0,900.0,33570.0
1000004555,20250317,2025-03-17 11:38:31,384,1,3,Santa Fe,12121.2,0.0,69841.2
1000004556,20250724,2025-07-24 09:04:04,744,1,1,Buenos Aires,11592.0,900.0,67692.0
1000004557,20241010,2024-10-10 12:02:26,932,2,4,Mendoza,10231.2,0.0,58951.2
1000004558,20241204,2024-12-04 07:09:38,640,1,2,Córdoba,2520.0,1200.0,15720.0
1000004559,20250727,2025-07-27 20:38:02,930,2,2,Córdoba,4536.0,0.0,26136.0
1000004560,20250324,2025-03-24 12:03:35,1164,1,3,Santa Fe,17016.3,1500.0,99546.3
1000004561,20240523,2024-05-23 01:05:29,700,1,3,Santa Fe,15529.5,900.0,90379.5
1000004562,20240326,2024-03-26 02:04:46,608,1,1,Buenos Aires,6804.0,0.0,39204.0
1000004563,20250220,2025-02-20 23:43:28,1076,1,2,Córdoba,3087.0,1500.0,19287.0
1000004564,20250715,2025-07-15 04:59:17,113,2,1,Buenos Aires,6300.0,0.0,36300.0
1000004565,20240917,2024-09-17 23:39:44,883,1,1,Buenos Aires,9261.0,0.0,53361.0
1000004566,20250219,2025-02-19 11:10:10,177,1,1,Buenos Aires,10517.85,900.0,61502.85
1000004567,20240909,2024-09-09 23:49:01,609,1,1,Buenos Aires,5386.5,1200.0,32236.5
1000004568,20240814,2024-08-14 03:49:31,688,2,2,Córdoba,15655.5,0.0,90205.5
1000004569,20250526,2025-05-26 11:44:23,438,1,2,Córdoba,5670.0,1200.0,33870.0
1000004570,20240624,2024-06-24 22:42:41,315,1,2,Córdoba,6804.0,0.0,39204.0
1000004571,20240208,2024-02-08 02:49:38,67,2,2,Córdoba,8593.2,0.0,49513.2
1000004572,20250608,2025-06-08 06:22:30,868,2,1,Buenos Aires,14364.0,0.0,82764.0
1000004573,20241221,2024-12-21 11:17:50,110,1,2,Córdoba,7686.0,900.0,45186.0
1000004574,20250407,2025-04-07 05:46:38,482,2,3,Santa Fe,6804.0,0.0,39204.0
1000004575,20240511,2024-05-11 23:58:01,684,2,1,Buenos Aires,2551.5,0.0,14701.5
1000004576,20240927,2024-09-27 13:39:01,1116,1,1,Buenos Aires,14590.8,1200.0,85270.8
1000004577,20250919,2025-09-19 17:10:37,371,1,2,Córdoba,9475.2,900.0,55495.2
1000004578,20250713,2025-07-13 04:50:49,20,1,2,Córdoba,9922.5,900.0,58072.5
1000004579,20240821,2024-08-21 16:56:05,488,1,1,Buenos Aires,9765.0,1200.0,57465.0
1000004580,20240117,2024-01-17 15:36:48,539,1,2,Córdoba,8946.0,1500.0,53046.0
1000004581,20240731,2024-07-31 00:55:01,1183,2,3,Santa Fe,9974.16,0.0,57470.16
1000004582,20240925,2024-09-25 21:18:02,145,2,4,Mendoza,5040.0,0.0,29040.0
1000004583,20240928,2024-09-28 08:44:04,1296,1,1,Buenos Aires,8505.0,0.0,49005.0
1000004584,20240426,2024-04-26 18:57:16,713,1,2,Córdoba,2520.0,900.0,15420.0
1000004585,20241213,2024-12-13 14:04:24,541,1,1,Buenos Aires,2716.56,1200.0,16852.56
1000004586,20250328,2025-03-28 22:37:13,157,2,1,Buenos Aires,13797.0,0.0,79497.0
1000004587,20240930,2024-09-30 22:11:27,1370,1,1,Buenos Aires,2992.5,1200.0,18442.5
1000004588,20250712,2025-07-12 03:07:11,1455,2,3,Santa Fe,2513.7,0.0,14483.7
1000004589,20250220,2025-02-20 16:14:31,657,2,1,Buenos Aires,6300.0,0.0,36300.0
1000004590,20250806,2025-08-06 05:32:43,955,2,4,Mendoza,16096.5,0.0,92746.5
1000004591,20240419,2024-04-19 07:12:11,84,2,4,Mendoza,7182.0,0.0,41382.0
1000004592,20240903,2024-09-03 04:49:48,900,2,1,Buenos Aires,2268.0,0.0,13068.0
1000004593,20250702,2025-07-02 21:34:09,479,1,1,Buenos Aires,10017.0,900.0,58617.0
1000004594,20250104,2025-01-04 12:56:03,164,1,1,Buenos Aires,7484.4,900.0,44024.4
1000004595,20250517,2025-05-17 09:43:56,255,2,2,Córdoba,5040.0,0.0,29040.0
1000004596,20250916,2025-09-16 17:20:27,733,1,1,Buenos Aires,5953.5,1200.0,35503.5
1000004597,20250813,2025-08-13 01:25:04,192,2,1,Buenos Aires,6667.92,0.0,38419.92
1000004598,20250114,2025-01-14 11:24:32,1083,2,2,Córdoba,5147.1,0.0,29657.1
1000004599,20250330,2025-03-30 21:24:42,780,2,4,Mendoza,5670.0,0.0,32670.0
1000004600,20240826,2024-08-26 10:18:46,242,1,2,Córdoba,4309.2,1200.0,26029.2
1000004601,20240702,2024-07-02 22:11:46,555,1,2,Córdoba,8977.5,900.0,52627.5
1000004602,20250203,2025-02-03 21:06:20,256,1,1,Buenos Aires,3465.0,1200.0,21165.0
1000004603,20240301,2024-03-01 11:12:23,635,1,1,Buenos Aires,8334.9,1200.0,49224.9
1000004604,20240715,2024-07-15 08:59:29,349,2,3,Santa Fe,9404.64,0.0,54188.64
1000004605,20250221,2025-02-21 17:00:33,306,1,3,Santa Fe,3087.0,1200.0,18987.0
1000004606,20240113,2024-01-13 04:06:26,969,2,3,Santa Fe,12852.0,0.0,74052.0
1000004607,20240905,2024-09-05 20:56:58,1180,2,3,Santa Fe,4788.0,0.0,27588.0
1000004608,20240407,2024-04-07 14:05:02,37,1,2,Córdoba,20686.05,1500.0,120691.05
1000004609,20250825,2025-08-25 00:26:48,846,1,1,Buenos Aires,2469.6,1200.0,15429.6
1000004610,20240720,2024-07-20 07:13:57,329,1,3,Santa Fe,7779.24,1200.0,46023.24
1000004611,20240801,2024-08-01 14:02:00,140,2,3,Santa Fe,5433.12,0.0,31305.12
1000004612,20250509,2025-05-09 01:21:58,163,2,2,Córdoba,5040.0,0.0,29040.0
1000004613,20250206,2025-02-06 14:02:21,86,1,1,Buenos Aires,5040.0,1500.0,30540.0
1000004614,20240915,2024-09-15 21:16:43,521,2,2,Córdoba,2835.0,0.0,16335.0
1000004615,20250730,2025-07-30 14:47:54,487,1,2,Córdoba,5670.0,1200.0,33870.0
1000004616,20250902,2025-09-02 17:09:07,639,2,2,Córdoba,8977.5,0.0,51727.5
1000004617,20240729,2024-07-29 17:31:43,1191,1,3,Santa Fe,3150.0,900.0,19050.0
1000004618,20250113,2025-01-13 07:40:41,1377,2,4,Mendoza,2520.0,0.0,14520.0
1000004619,20240411,2024-04-11 15:03:34,286,2,4,Mendoza,3087.0,0.0,17787.0
1000004620,20250524,2025-05-24 01:39:37,1324,2,3,Santa Fe,9922.5,0.0,57172.5
1000004621,20240906,2024-09-06 09:19:58,702,2,1,Buenos Aires,6615.0,0.0,38115.0
1000004622,20240118,2024-01-18 08:00:57,694,1,4,Mendoza,5103.0,900.0,30303.0
1000004623,20250919,2025-09-19 07:33:29,665,2,1,Buenos Aires,8079.75,0.0,46554.75
1000004624,20240216,2024-02-16 17:09:41,244,2,1,Buenos Aires,13860.0,0.0,79860.0
1000004625,20250425,2025-04-25 18:26:05,585,1,1,Buenos Aires,5040.0,900.0,29940.0
1000004626,20250717,2025-07-17 03:01:43,651,1,2,Córdoba,2778.3,1200.0,17208.3
1000004627,20250202,2025-02-02 16:07:00,1408,1,4,Mendoza,4762.8,900.0,28342.8
1000004628,20250517,2025-05-17 20:41:13,339,2,2,Córdoba,7408.8,0.0,42688.8
1000004629,20240127,2024-01-27 19:38:05,1110,2,3,Santa Fe,3150.0,0.0,18150.0
1000004630,20250422,2025-04-22 20:08:01,1311,2,4,Mendoza,6804.0,0.0,39204.0
1000004631,20240224,2024-02-24 11:34:23,827,1,3,Santa Fe,2469.6,900.0,15129.6
1000004632,20250901,2025-09-01 11:05:20,1382,1,2,Córdoba,18167.62,900.0,105580.12
1000004633,20241220,2024-12-20 05:06:47,554,1,3,Santa Fe,12927.6,0.0,74487.6
1000004634,20240531,2024-05-31 05:26:23,710,1,2,Córdoba,4536.0,1200.0,27336.0
1000004635,20250120,2025-01-20 22:29:25,1085,1,1,Buenos Aires,2992.5,1200.0,18442.5
1000004636,20240601,2024-06-01 06:41:37,449,1,3,Santa Fe,4536.0,1200.0,27336.0
1000004637,20240108,2024-01-08 16:15:50,1359,1,1,Buenos Aires,8316.0,0.0,47916.0
1000004638,20250224,2025-02-24 19:03:44,956,1,2,Córdoba,2976.75,0.0,17151.75
1000004639,20240903,2024-09-03 01:22:13,143,2,4,Mendoza,5433.12,0.0,31305.12
1000004640,20240319,2024-03-19 06:52:46,12,1,2,Córdoba,4536.0,900.0,27036.0
1000004641,20240115,2024-01-15 11:36:25,29,1,1,Buenos Aires,4989.6,1500.0,30249.6
1000004642,20250927,2025-09-27 09:04:32,688,1,1,Buenos Aires,2394.0,1200.0,14994.0
1000004643,20240409,2024-04-09 16:45:01,991,2,4,Mendoza,5266.8,0.0,30346.8
1000004644,20250314,2025-03-14 09:13:09,468,2,4,Mendoza,4536.0,0.0,26136.0
1000004645,20240724,2024-07-24 19:28:53,650,1,4,Mendoza,7560.0,0.0,43560.0
1000004646,20240713,2024-07-13 13:05:29,1002,1,1,Buenos Aires,4788.0,900.0,28488.0
1000004647,20241126,2024-11-26 11:43:47,539,1,2,Córdoba,6615.0,1500.0,39615.0
1000004648,20240201,2024-02-01 21:16:04,397,2,3,Santa Fe,8079.75,0.0,46554.75
1000004649,20240918,2024-09-18 16:00:32,1059,2,1,Buenos Aires,6300.0,0.0,36300.0
1000004650,20240526,2024-05-26 15:47:54,363,1,1,Buenos Aires,2520.0,900.0,15420.0
1000004651,20240821,2024-08-21 14:05:47,806,2,4,Mendoza,6123.6,0.0,35283.6
1000004652,20240509,2024-05-09 08:03:16,949,2,4,Mendoza,15120.0,0.0,87120.0
1000004653,20240621,2024-06-21 21:24:42,837,1,3,Santa Fe,7779.24,900.0,45723.24
1000004654,20250322,2025-03-22 13:52:55,1035,2,3,Santa Fe,2633.4,0.0,15173.4
1000004655,20241207,2024-12-07 21:59:51,485,1,1,Buenos Aires,2469.6,1200.0,15429.6
1000004656,20250410,2025-04-10 22:28:21,778,1,4,Mendoza,8334.9,1500.0,49524.9
1000004657,20240725,2024-07-25 05:40:21,1076,1,4,Mendoza,7182.0,900.0,42282.0
1000004658,20240927,2024-09-27 01:36:10,658,1,1,Buenos Aires,5536.12,1200.0,33098.62
1000004659,20240322,2024-03-22 01:13:15,1402,1,3,Santa Fe,11647.12,1500.0,68609.62
1000004660,20250408,2025-04-08 12:52:34,303,1,3,Santa Fe,2268.0,900.0,13968.0
1000004661,20250612,2025-06-12 16:26:45,1078,1,2,Córdoba,7541.1,900.0,44351.1
1000004662,20250503,2025-05-03 12:49:22,1388,2,3,Santa Fe,12877.2,0.0,74197.2
1000004663,20241017,2024-10-17 20:23:48,1286,2,2,Córdoba,6804.0,0.0,39204.0
1000004664,20240709,2024-07-09 15:50:20,703,2,3,Santa Fe,2593.08,0.0,14941.08
1000004665,20250913,2025-09-13 20:43:11,250,2,4,Mendoza,4788.0,0.0,27588.0
1000004666,20240130,2024-01-30 20:12:02,781,1,1,Buenos Aires,7567.56,0.0,43603.56
1000004667,20250209,2025-02-09 23:22:19,1033,2,1,Buenos Aires,5186.16,0.0,29882.16
1000004668,20240518,2024-05-18 09:02:56,1255,1,2,Córdoba,3087.0,900.0,18687.0
1000004669,20250923,2025-09-23 19:26:03,703,1,1,Buenos Aires,4309.2,1200.0,26029.2
1000004670,20240714,2024-07-14 07:38:19,824,1,4,Mendoza,7144.2,1500.0,42664.2
1000004671,20241130,2024-11-30 11:15:26,863,1,1,Buenos Aires,8977.5,1200.0,52927.5
1000004672,20250630,2025-06-30 15:16:21,348,1,1,Buenos Aires,8505.0,1500.0,50505.0
1000004673,20240827,2024-08-27 02:27:34,1186,2,4,Mendoza,6804.0,0.0,39204.0
1000004674,20250805,2025-08-05 14:09:33,618,2,4,Mendoza,2693.25,0.0,15518.25
1000004675,20240312,2024-03-12 04:38:18,244,2,4,Mendoza,3150.0,0.0,18150.0
1000004676,20250920,2025-09-20 08:20:52,1082,1,1,Buenos Aires,7938.0,1500.0,47238.0
1000004677,20241008,2024-10-08 12:29:20,97,1,3,Santa Fe,7484.4,900.0,44024.4
1000004678,20250308,2025-03-08 10:14:10,502,2,1,Buenos Aires,2992.5,0.0,17242.5
1000004679,20240527,2024-05-27 04:41:33,284,1,4,Mendoza,4939.2,1200.0,29659.2
1000004680,20250111,2025-01-11 19:18:46,1112,1,3,Santa Fe,8977.5,1500.0,53227.5
1000004681,20250924,2025-09-24 01:44:55,864,2,3,Santa Fe,5040.0,0.0,29040.0
1000004682,20250801,2025-08-01 20:30:36,1288,2,1,Buenos Aires,11793.6,0.0,67953.6
1000004683,20240225,2024-02-25 13:17:22,1169,1,1,Buenos Aires,2394.0,900.0,14694.0
1000004684,20240514,2024-05-14 15:44:54,1271,1,1,Buenos Aires,6174.0,900.0,36474.0
1000004685,20240923,2024-09-23 04:17:17,996,2,1,Buenos Aires,9724.05,0.0,56029.05
1000004686,20240609,2024-06-09 16:15:12,737,2,1,Buenos Aires,5433.12,0.0,31305.12
1000004687,20250224,2025-02-24 10:47:43,467,1,1,Buenos Aires,7512.75,900.0,44187.75
1000004688,20250421,2025-04-21 10:22:57,232,1,1,Buenos Aires,8139.6,1200.0,48099.6
1000004689,20240920,2024-09-20 16:22:37,808,1,1,Buenos Aires,16080.75,900.0,93555.75
1000004690,20240413,2024-04-13 22:10:46,1141,1,1,Buenos Aires,2520.0,900.0,15420.0
1000004691,20240604,2024-06-04 01:52:14,363,2,3,Santa Fe,3087.0,0.0,17787.0
1000004692,20250518,2025-05-18 07:34:19,720,1,1,Buenos Aires,15246.0,0.0,87846.0
1000004693,20250502,2025-05-02 08:48:52,507,1,4,Mendoza,11025.0,1200.0,64725.0
1000004694,20240620,2024-06-20 07:05:02,1040,1,1,Buenos Aires,13410.18,900.0,78168.18
1000004695,20250821,2025-08-21 10:20:19,180,1,1,Buenos Aires,5544.0,900.0,32844.0
1000004696,20240323,2024-03-23 22:13:31,1385,2,3,Santa Fe,2268.0,0.0,13068.0
1000004697,20250815,2025-08-15 03:40:58,185,2,4,Mendoza,2394.0,0.0,13794.0
1000004698,20240304,2024-03-04 19:45:19,238,1,1,Buenos Aires,5266.8,0.0,30346.8
1000004699,20240313,2024-03-13 07:17:51,536,1,1,Buenos Aires,7182.0,1200.0,42582.0
1000004700,20250920,2025-09-20 07:33:59,1229,1,3,Santa Fe,7541.1,900.0,44351.1
1000004701,20250611,2025-06-11 13:47:23,814,1,1,Buenos Aires,5186.16,1500.0,31382.16
1000004702,20250512,2025-05-12 16:21:23,1055,1,1,Buenos Aires,8930.25,900.0,52355.25
1000004703,20240411,2024-04-11 02:43:08,1196,1,1,Buenos Aires,2394.0,1200.0,14994.0
1000004704,20241125,2024-11-25 07:49:47,1068,2,3,Santa Fe,10366.65,0.0,59731.65
1000004705,20241026,2024-10-26 19:50:33,865,2,2,Córdoba,6174.0,0.0,35574.0
1000004706,20250516,2025-05-16 02:15:16,1331,1,4,Mendoza,10521.0,1200.0,61821.0
1000004707,20240127,2024-01-27 23:43:17,299,1,3,Santa Fe,4939.2,1200.0,29659.2
1000004708,20240719,2024-07-19 15:03:57,1394,2,4,Mendoza,6142.5,0.0,35392.5
1000004709,20250401,2025-04-01 13:00:31,912,2,1,Buenos Aires,7560.0,0.0,43560.0
1000004710,20250206,2025-02-06 17:40:41,858,1,1,Buenos Aires,7182.0,1500.0,42882.0
1000004711,20240309,2024-03-09 06:59:28,899,2,4,Mendoza,12761.28,0.0,73529.28
1000004712,20250209,2025-02-09 14:51:35,229,2,2,Córdoba,5670.0,0.0,32670.0
1000004713,20250819,2025-08-19 19:05:13,134,2,1,Buenos Aires,5040.0,0.0,29040.0
1000004714,20240722,2024-07-22 12:35:50,657,1,3,Santa Fe,19497.24,900.0,113241.24
1000004715,20250303,2025-03-03 19:49:09,210,1,1,Buenos Aires,8396.64,0.0,48380.64
1000004716,20240924,2024-09-24 17:39:59,1400,1,1,Buenos Aires,2381.4,1200.0,14921.4
1000004717,20240628,2024-06-28 11:31:05,23,2,1,Buenos Aires,19141.92,0.0,110293.92
1000004718,20250804,2025-08-04 07:38:15,339,2,1,Buenos Aires,5292.0,0.0,30492.0
1000004719,20240716,2024-07-16 12:55:50,1043,2,2,Córdoba,2551.5,0.0,14701.5
1000004720,20240809,2024-08-09 19:24:40,829,1,1,Buenos Aires,9450.0,1200.0,55650.0
1000004721,20250307,2025-03-07 03:01:27,932,2,1,Buenos Aires,8536.5,0.0,49186.5
1000004722,20240415,2024-04-15 13:14:10,433,2,1,Buenos Aires,2633.4,0.0,15173.4
1000004723,20250605,2025-06-05 18:47:15,1280,2,2,Córdoba,8930.25,0.0,51455.25
1000004724,20240608,2024-06-08 20:25:44,1463,2,1,Buenos Aires,6482.7,0.0,37352.7
1000004725,20240611,2024-06-11 08:55:10,1314,2,2,Córdoba,2835.0,0.0,16335.0
1000004726,20240503,2024-05-03 04:40:17,812,1,1,Buenos Aires,9261.0,900.0,54261.0
1000004727,20250805,2025-08-05 01:35:06,1159,2,4,Mendoza,3087.0,0.0,17787.0
1000004728,20250123,2025-01-23 07:31:10,1424,1,1,Buenos Aires,6174.0,1200.0,36774.0
1000004729,20250313,2025-03-13 12:44:42,276,1,2,Córdoba,9324.0,900.0,54624.0
1000004730,20250402,2025-04-02 05:38:16,132,2,2,Córdoba,8505.0,0.0,49005.0
1000004731,20250831,2025-08-31 02:21:08,270,2,3,Santa Fe,2268.0,0.0,13068.0
1000004732,20250311,2025-03-11 21:21:23,779,2,1,Buenos Aires,8127.0,0.0,46827.0
1000004733,20240511,2024-05-11 12:28:07,1015,2,4,Mendoza,9355.5,0.0,53905.5
1000004734,20250203,2025-02-03 09:55:18,314,2,3,Santa Fe,2154.6,0.0,12414.6
1000004735,20240514,2024-05-14 08:52:53,1489,1,1,Buenos Aires,6930.0,0.0,39930.0
1000004736,20240716,2024-07-16 05:17:22,425,1,1,Buenos Aires,7779.24,1500.0,46323.24
1000004737,20240729,2024-07-29 12:41:06,157,2,1,Buenos Aires,7371.0,0.0,42471.0
1000004738,20250814,2025-08-14 04:57:12,1421,2,2,Córdoba,15394.05,0.0,88699.05
1000004739,20250105,2025-01-05 15:25:28,384,1,1,Buenos Aires,4536.0,0.0,26136.0
1000004740,20240227,2024-02-27 23:27:20,1336,2,2,Córdoba,7408.8,0.0,42688.8
1000004741,20240719,2024-07-19 00:38:58,1330,1,1,Buenos Aires,12789.0,0.0,73689.0
1000004742,20241103,2024-11-03 18:28:18,943,1,1,Buenos Aires,16065.0,0.0,92565.0
1000004743,20250308,2025-03-08 11:40:14,225,1,1,Buenos Aires,7408.8,900.0,43588.8
1000004744,20250307,2025-03-07 14:59:11,784,2,4,Mendoza,12285.0,0.0,70785.0
1000004745,20250704,2025-07-04 05:40:31,1209,2,4,Mendoza,6804.0,0.0,39204.0
1000004746,20250922,2025-09-22 14:16:28,339,1,4,Mendoza,7900.2,900.0,46420.2
1000004747,20240812,2024-08-12 10:07:47,920,2,2,Córdoba,10909.08,0.0,62857.08
1000004748,20250203,2025-02-03 22:48:33,627,1,1,Buenos Aires,5670.0,900.0,33570.0
1000004749,20240609,2024-06-09 13:30:22,261,2,2,Córdoba,12395.25,0.0,71420.25
1000004750,20240609,2024-06-09 16:00:01,672,1,4,Mendoza,14742.0,0.0,84942.0
1000004751,20241018,2024-10-18 22:06:57,1350,1,1,Buenos Aires,12121.2,1500.0,71341.2
1000004752,20250428,2025-04-28 15:00:40,259,2,3,Santa Fe,9317.7,0.0,53687.7
1000004753,20241127,2024-11-27 12:30:28,1354,2,4,Mendoza,7434.0,0.0,42834.0
1000004754,20250518,2025-05-18 07:07:27,1310,1,1,Buenos Aires,16443.0,1200.0,95943.0
1000004755,20250603,2025-06-03 00:03:36,1224,2,2,Córdoba,4536.0,0.0,26136.0
1000004756,20240701,2024-07-01 09:20:10,850,1,1,Buenos Aires,4788.0,1200.0,28788.0
1000004757,20240420,2024-04-20 11:28:04,1284,2,1,Buenos Aires,2693.25,0.0,15518.25
1000004758,20250426,2025-04-26 12:57:50,1127,2,1,Buenos Aires,3291.75,0.0,18966.75
1000004759,20250105,2025-01-05 18:13:08,133,2,2,Córdoba,6804.0,0.0,39204.0
1000004760,20250106,2025-01-06 16:12:36,1154,1,1,Buenos Aires,3087.0,900.0,18687.0
1000004761,20250428,2025-04-28 16:55:24,73,2,4,Mendoza,5040.0,0.0,29040.0
1000004762,20240904,2024-09-04 01:12:34,1222,1,1,Buenos Aires,3307.5,1500.0,20557.5
1000004763,20240203,2024-02-03 06:15:50,119,1,1,Buenos Aires,2520.0,1200.0,15720.0
1000004764,20250621,2025-06-21 15:32:45,1190,2,2,Córdoba,5027.4,0.0,28967.4
1000004765,20240414,2024-04-14 07:33:04,1500,1,1,Buenos Aires,5985.0,1200.0,35685.0
1000004766,20240325,2024-03-25 04:11:35,148,2,3,Santa Fe,7938.0,0.0,45738.0
1000004767,20240826,2024-08-26 23:46:39,233,1,1,Buenos Aires,5266.8,1200.0,31546.8
1000004768,20240112,2024-01-12 14:05:07,685,1,1,Buenos Aires,2520.0,1200.0,15720.0
1000004769,20250831,2025-08-31 07:44:35,1183,2,1,Buenos Aires,5266.8,0.0,30346.8
1000004770,20240111,2024-01-11 01:13:13,427,2,1,Buenos Aires,5292.0,0.0,30492.0
1000004771,20240328,2024-03-28 06:30:22,996,1,3,Santa Fe,8977.5,0.0,51727.5
1000004772,20240216,2024-02-16 17:14:44,74,2,1,Buenos Aires,9261.0,0.0,53361.0
1000004773,20250516,2025-05-16 05:24:43,407,1,1,Buenos Aires,8394.75,900.0,49269.75
1000004774,20240709,2024-07-09 03:40:58,1121,1,2,Córdoba,5985.0,900.0,35385.0
1000004775,20250222,2025-02-22 15:53:00,1209,1,4,Mendoza,4536.0,900.0,27036.0
1000004776,20240501,2024-05-01 17:46:11,494,1,1,Buenos Aires,19237.68,0.0,110845.68
1000004777,20241111,2024-11-11 14:13:24,1026,1,1,Buenos Aires,7779.24,0.0,44823.24
1000004778,20250806,2025-08-06 04:54:53,773,1,1,Buenos Aires,2394.0,0.0,13794.0
1000004779,20250411,2025-04-11 22:43:10,91,1,2,Córdoba,2041.2,900.0,12661.2
1000004780,20240803,2024-08-03 12:11:00,301,1,3,Santa Fe,4788.0,1500.0,29088.0
1000004781,20241012,2024-10-12 13:30:49,33,2,1,Buenos Aires,11138.4,0.0,64178.4
1000004782,20250611,2025-06-11 10:49:30,1480,1,1,Buenos Aires,7875.0,900.0,46275.0
1000004783,20240627,2024-06-27 00:36:30,635,2,1,Buenos Aires,9261.0,0.0,53361.0
1000004784,20240716,2024-07-16 07:46:18,823,1,1,Buenos Aires,2469.6,900.0,15129.6
1000004785,20240723,2024-07-23 16:31:12,49,2,1,Buenos Aires,9450.0,0.0,54450.0
1000004786,20240829,2024-08-29 08:54:10,422,1,1,Buenos Aires,6804.0,1200.0,40404.0
1000004787,20250423,2025-04-23 21:01:17,649,2,2,Córdoba,6804.0,0.0,39204.0
1000004788,20241114,2024-11-14 00:49:25,351,2,4,Mendoza,6615.0,0.0,38115.0
1000004789,20241102,2024-11-02 16:20:51,1335,1,1,Buenos Aires,6300.0,1200.0,37500.0
1000004790,20250510,2025-05-10 12:58:10,382,2,2,Córdoba,4082.4,0.0,23522.4
1000004791,20250411,2025-04-11 01:42:26,1466,1,1,Buenos Aires,9922.5,0.0,57172.5
1000004792,20250613,2025-06-13 13:27:06,546,1,2,Córdoba,4989.6,0.0,28749.6
1000004793,20240630,2024-06-30 11:02:15,160,2,3,Santa Fe,3150.0,0.0,18150.0
1000004794,20240327,2024-03-27 15:10:32,1075,2,4,Mendoza,7547.4,0.0,43487.4
1000004795,20241130,2024-11-30 17:21:25,455,2,1,Buenos Aires,6300.0,0.0,36300.0
1000004796,20250101,2025-01-01 08:37:06,241,1,4,Mendoza,13815.9,0.0,79605.9
1000004797,20250329,2025-03-29 16:45:14,710,2,2,Córdoba,2520.0,0.0,14520.0
1000004798,20250315,2025-03-15 16:32:29,645,1,1,Buenos Aires,14742.0,1200.0,86142.0
1000004799,20240612,2024-06-12 15:21:11,367,2,2,Córdoba,9166.5,0.0,52816.5
1000004800,20241115,2024-11-15 05:04:26,890,2,4,Mendoza,15246.0,0.0,87846.0
1000004801,20250526,2025-05-26 00:49:06,927,1,1,Buenos Aires,4939.2,900.0,29359.2
1000004802,20250503,2025-05-03 19:37:38,133,1,4,Mendoza,7182.0,0.0,41382.0
1000004803,20250119,2025-01-19 02:48:19,524,2,2,Córdoba,12448.8,0.0,71728.8
1000004804,20241104,2024-11-04 22:11:36,635,1,2,Córdoba,4939.2,900.0,29359.2
1000004805,20240626,2024-06-26 00:06:54,1206,1,4,Mendoza,5544.0,1200.0,33144.0
1000004806,20240224,2024-02-24 07:51:02,1461,1,2,Córdoba,7938.0,0.0,45738.0
1000004807,20250403,2025-04-03 12:37:58,601,1,4,Mendoza,6804.0,900.0,40104.0
1000004808,20241220,2024-12-20 07:31:09,1057,1,4,Mendoza,7144.2,1200.0,42364.2
1000004809,20240807,2024-08-07 19:42:08,357,2,4,Mendoza,2268.0,0.0,13068.0
1000004810,20240319,2024-03-19 20:02:44,1261,1,2,Córdoba,6804.0,900.0,40104.0
1000004811,20250206,2025-02-06 11:55:10,26,1,1,Buenos Aires,5186.16,900.0,30782.16
1000004812,20250423,2025-04-23 11:37:06,588,2,3,Santa Fe,6804.0,0.0,39204.0
1000004813,20240209,2024-02-09 20:42:34,17,1,1,Buenos Aires,4788.0,900.0,28488.0
1000004814,20240507,2024-05-07 15:31:16,730,1,1,Buenos Aires,6457.5,1500.0,38707.5
1000004815,20250713,2025-07-13 23:01:24,874,2,4,Mendoza,6174.0,0.0,35574.0
1000004816,20250303,2025-03-03 11:52:59,961,1,2,Córdoba,6482.7,1200.0,38552.7
1000004817,20240216,2024-02-16 15:52:15,1127,1,1,Buenos Aires,8977.5,1500.0,53227.5
1000004818,20250215,2025-02-15 05:00:55,1324,1,4,Mendoza,8977.5,1500.0,53227.5
1000004819,20241209,2024-12-09 12:58:34,8,1,1,Buenos Aires,2268.0,1200.0,14268.0
1000004820,20240426,2024-04-26 14:57:10,906,2,3,Santa Fe,5040.0,0.0,29040.0
1000004821,20250415,2025-04-15 21:04:24,807,1,1,Buenos Aires,7484.4,900.0,44024.4
1000004822,20240814,2024-08-14 02:38:26,1111,2,3,Santa Fe,10899.0,0.0,62799.0
1000004823,20240802,2024-08-02 14:56:39,1279,1,1,Buenos Aires,8505.0,900.0,49905.0
1000004824,20240609,2024-06-09 16:10:51,728,1,3,Santa Fe,12196.8,1200.0,71476.8
1000004825,20250225,2025-02-25 13:22:43,337,1,1,Buenos Aires,4082.4,900.0,24422.4
1000004826,20250930,2025-09-30 18:06:31,1302,1,2,Córdoba,8316.0,1200.0,49116.0
1000004827,20241009,2024-10-09 05:24:09,832,2,4,Mendoza,4536.0,0.0,26136.0
1000004828,20250827,2025-08-27 15:03:06,226,2,4,Mendoza,2976.75,0.0,17151.75
1000004829,20240520,2024-05-20 15:37:33,810,2,2,Córdoba,21483.0,0.0,123783.0
1000004830,20250205,2025-02-05 02:34:47,923,2,1,Buenos Aires,3291.75,0.0,18966.75
1000004831,20250530,2025-05-30 17:31:33,816,1,1,Buenos Aires,13532.4,900.0,78872.4
1000004832,20240318,2024-03-18 07:47:40,1205,1,2,Córdoba,19303.2,1200.0,112423.2
1000004833,20250116,2025-01-16 03:07:58,240,1,1,Buenos Aires,5985.0,0.0,34485.0
1000004834,20240825,2024-08-25 13:25:59,867,1,4,Mendoza,6914.88,1200.0,41042.88
1000004835,20250723,2025-07-23 02:29:22,60,2,3,Santa Fe,9261.0,0.0,53361.0
1000004836,20241009,2024-10-09 23:52:29,676,1,2,Córdoba,11854.08,1200.0,69502.08
1000004837,20250702,2025-07-02 03:36:42,1029,2,1,Buenos Aires,6804.0,0.0,39204.0
1000004838,20240130,2024-01-30 22:42:37,453,2,3,Santa Fe,6463.8,0.0,37243.8
1000004839,20241130,2024-11-30 23:18:01,1480,2,1,Buenos Aires,15094.8,0.0,86974.8
1000004840,20241205,2024-12-05 09:20:21,865,1,3,Santa Fe,12083.4,1200.0,70823.4
1000004841,20240120,2024-01-20 18:03:58,922,1,4,Mendoza,9065.7,900.0,53135.7
1000004842,20240331,2024-03-31 19:16:50,883,2,4,Mendoza,12348.0,0.0,71148.0
1000004843,20250330,2025-03-30 19:15:13,204,1,3,Santa Fe,9355.5,0.0,53905.5
1000004844,20240327,2024-03-27 16:27:48,983,2,3,Santa Fe,9009.0,0.0,51909.0
1000004845,20240725,2024-07-25 02:14:15,34,2,2,Córdoba,4939.2,0.0,28459.2
1000004846,20240914,2024-09-14 14:48:07,517,2,2,Córdoba,19845.0,0.0,114345.0
1000004847,20240527,2024-05-27 03:54:02,181,2,1,Buenos Aires,5985.0,0.0,34485.0
1000004848,20250919,2025-09-19 03:37:50,477,2,2,Córdoba,5670.0,0.0,32670.0
1000004849,20250812,2025-08-12 06:04:45,344,1,1,Buenos Aires,4536.0,1200.0,27336.0
1000004850,20240229,2024-02-29 01:09:04,206,2,2,Córdoba,2835.0,0.0,16335.0
1000004851,20250221,2025-02-21 22:34:20,861,1,1,Buenos Aires,5266.8,0.0,30346.8
1000004852,20241014,2024-10-14 17:16:59,301,1,1,Buenos Aires,3465.0,1500.0,21465.0
1000004853,20250307,2025-03-07 17:55:49,1130,2,3,Santa Fe,13860.0,0.0,79860.0
1000004854,20240528,2024-05-28 16:04:59,1116,2,4,Mendoza,5670.0,0.0,32670.0
1000004855,20250212,2025-02-12 21:29:50,81,1,2,Córdoba,6930.0,1200.0,41130.0
1000004856,20241216,2024-12-16 15:08:35,954,2,4,Mendoza,16858.8,0.0,97138.8
1000004857,20250215,2025-02-15 18:31:31,77,2,2,Córdoba,3150.0,0.0,18150.0
1000004858,20241111,2024-11-11 06:49:58,549,2,3,Santa Fe,8505.0,0.0,49005.0
1000004859,20240814,2024-08-14 09:58:09,547,2,3,Santa Fe,4536.0,0.0,26136.0
1000004860,20241106,2024-11-06 20:16:14,991,2,3,Santa Fe,9072.0,0.0,52272.0
1000004861,20240827,2024-08-27 20:24:45,605,1,1,Buenos Aires,9702.0,900.0,56802.0
1000004862,20240322,2024-03-22 17:28:41,249,2,3,Santa Fe,5544.0,0.0,31944.0
1000004863,20240418,2024-04-18 03:31:36,547,2,3,Santa Fe,7408.8,0.0,42688.8
1000004864,20250828,2025-08-28 22:35:06,1343,2,3,Santa Fe,16490.25,0.0,95015.25
1000004865,20241229,2024-12-29 01:16:15,1498,1,1,Buenos Aires,14175.0,0.0,81675.0
1000004866,20241216,2024-12-16 19:27:49,1337,2,4,Mendoza,8079.75,0.0,46554.75
1000004867,20240726,2024-07-26 20:10:05,142,2,4,Mendoza,4536.0,0.0,26136.0
1000004868,20240507,2024-05-07 07:26:19,1390,2,4,Mendoza,4989.6,0.0,28749.6
1000004869,20240801,2024-08-01 22:49:38,1211,1,1,Buenos Aires,6583.5,1200.0,39133.5
1000004870,20250605,2025-06-05 10:48:10,1299,2,4,Mendoza,5040.0,0.0,29040.0
1000004871,20250223,2025-02-23 08:22:50,1351,2,1,Buenos Aires,3087.0,0.0,17787.0
1000004872,20250907,2025-09-07 12:01:39,638,1,4,Mendoza,13122.9,1200.0,76812.9
1000004873,20250611,2025-06-11 08:57:56,50,2,2,Córdoba,5827.5,0.0,33577.5
1000004874,20241231,2024-12-31 15:47:08,314,1,1,Buenos Aires,8328.28,1200.0,49186.78
1000004875,20240129,2024-01-29 07:25:37,1398,2,4,Mendoza,2381.4,0.0,13721.4
1000004876,20240920,2024-09-20 23:50:03,340,1,2,Córdoba,9922.5,1200.0,58372.5
1000004877,20240510,2024-05-10 06:11:39,1162,2,3,Santa Fe,2394.0,0.0,13794.0
1000004878,20240120,2024-01-20 21:24:34,1500,2,4,Mendoza,3307.5,0.0,19057.5
1000004879,20240821,2024-08-21 09:35:46,1240,2,2,Córdoba,8079.75,0.0,46554.75
1000004880,20250908,2025-09-08 23:35:21,1251,2,3,Santa Fe,8505.0,0.0,49005.0
1000004881,20240421,2024-04-21 18:06:19,1484,1,3,Santa Fe,12937.68,1200.0,75745.68
1000004882,20250831,2025-08-31 03:58:14,395,1,4,Mendoza,5733.0,900.0,33933.0
1000004883,20241230,2024-12-30 22:54:54,839,2,4,Mendoza,14469.84,0.0,83373.84
1000004884,20250812,2025-08-12 17:18:58,643,1,1,Buenos Aires,12360.6,1200.0,72420.6
1000004885,20240716,2024-07-16 08:10:04,231,1,1,Buenos Aires,4309.2,1200.0,26029.2
1000004886,20241020,2024-10-20 10:44:00,69,1,1,Buenos Aires,4939.2,1500.0,29959.2
1000004887,20241029,2024-10-29 14:25:58,348,1,2,Córdoba,7182.0,1200.0,42582.0
1000004888,20241005,2024-10-05 16:49:39,621,1,1,Buenos Aires,7408.8,1200.0,43888.8
1000004889,20240726,2024-07-26 02:31:18,1138,2,1,Buenos Aires,8977.5,0.0,51727.5
1000004890,20240802,2024-08-02 19:44:46,1104,1,1,Buenos Aires,4939.2,1500.0,29959.2
1000004891,20240806,2024-08-06 08:11:38,302,1,1,Buenos Aires,4788.0,1200.0,28788.0
1000004892,20250406,2025-04-06 08:02:35,334,1,1,Buenos Aires,5985.0,1200.0,35685.0
1000004893,20241204,2024-12-04 04:36:42,660,2,2,Córdoba,10395.0,0.0,59895.0
1000004894,20250507,2025-05-07 13:40:00,704,2,3,Santa Fe,5733.0,0.0,33033.0
1000004895,20250123,2025-01-23 08:33:41,201,1,1,Buenos Aires,6174.0,1500.0,37074.0
1000004896,20241206,2024-12-06 05:33:01,256,2,2,Córdoba,2646.0,0.0,15246.0
1000004897,20240125,2024-01-25 04:20:04,1136,1,4,Mendoza,2992.5,1500.0,18742.5
1000004898,20250827,2025-08-27 00:33:11,1059,1,2,Córdoba,5985.0,0.0,34485.0
1000004899,20250818,2025-08-18 19:50:20,152,1,1,Buenos Aires,2268.0,900.0,13968.0
1000004900,20250413,2025-04-13 21:23:25,582,1,1,Buenos Aires,6123.6,900.0,36183.6
1000004901,20250130,2025-01-30 18:58:41,1138,1,1,Buenos Aires,2268.0,0.0,13068.0
1000004902,20241022,2024-10-22 01:18:28,1154,1,1,Buenos Aires,9261.0,1500.0,54861.0
1000004903,20240811,2024-08-11 12:39:49,898,1,2,Córdoba,5292.0,0.0,30492.0
1000004904,20240818,2024-08-18 23:46:48,819,2,2,Córdoba,2494.8,0.0,14374.8
1000004905,20240121,2024-01-21 02:19:31,497,1,1,Buenos Aires,5544.0,1200.0,33144.0
1000004906,20250824,2025-08-24 09:59:36,95,1,2,Córdoba,12537.0,1200.0,73437.0
1000004907,20250428,2025-04-28 13:49:17,423,2,3,Santa Fe,9426.38,0.0,54313.88
1000004908,20240311,2024-03-11 15:02:50,548,2,1,Buenos Aires,7182.0,0.0,41382.0
1000004909,20250723,2025-07-23 01:22:34,234,2,1,Buenos Aires,10048.5,0.0,57898.5
1000004910,20241004,2024-10-04 04:10:29,63,1,2,Córdoba,7257.6,900.0,42717.6
1000004911,20240710,2024-07-10 18:12:11,1226,1,2,Córdoba,3150.0,900.0,19050.0
1000004912,20250512,2025-05-12 23:01:27,33,2,2,Córdoba,5186.16,0.0,29882.16
1000004913,20240508,2024-05-08 21:48:39,475,1,3,Santa Fe,7534.8,1200.0,44614.8
1000004914,20250914,2025-09-14 20:10:45,1359,2,2,Córdoba,5186.16,0.0,29882.16
1000004915,20250208,2025-02-08 11:10:54,401,2,2,Córdoba,4939.2,0.0,28459.2
1000004916,20250713,2025-07-13 23:55:00,1189,1,1,Buenos Aires,6804.0,900.0,40104.0
1000004917,20250502,2025-05-02 06:32:58,824,2,4,Mendoza,2520.0,0.0,14520.0
1000004918,20241125,2024-11-25 19:07:20,648,1,4,Mendoza,5985.0,1200.0,35685.0
1000004919,20250722,2025-07-22 08:40:52,894,2,4,Mendoza,5040.0,0.0,29040.0
1000004920,20240902,2024-09-02 08:52:39,1227,1,1,Buenos Aires,6804.0,1200.0,40404.0
1000004921,20241013,2024-10-13 15:29:19,817,2,2,Córdoba,15096.38,0.0,86983.88
1000004922,20241129,2024-11-29 19:35:15,1335,2,2,Córdoba,13492.08,0.0,77740.08
1000004923,20250619,2025-06-19 18:52:51,1224,2,3,Santa Fe,6300.0,0.0,36300.0
1000004924,20240213,2024-02-13 13:38:09,994,1,1,Buenos Aires,11655.0,1200.0,68355.0
1000004925,20240823,2024-08-23 19:17:54,1304,2,3,Santa Fe,3307.5,0.0,19057.5
1000004926,20240227,2024-02-27 09:40:31,329,2,4,Mendoza,2992.5,0.0,17242.5
1000004927,20240126,2024-01-26 04:15:04,548,1,3,Santa Fe,2551.5,1200.0,15901.5
1000004928,20240408,2024-04-08 12:27:46,942,1,2,Córdoba,7408.8,1200.0,43888.8
1000004929,20250504,2025-05-04 09:47:42,1276,2,2,Córdoba,4939.2,0.0,28459.2
1000004930,20250905,2025-09-05 17:28:58,112,2,3,Santa Fe,3087.0,0.0,17787.0
1000004931,20250511,2025-05-11 19:18:48,1224,1,1,Buenos Aires,3150.0,1200.0,19350.0
1000004932,20240309,2024-03-09 12:43:43,1132,1,1,Buenos Aires,7560.0,900.0,44460.0
1000004933,20250509,2025-05-09 23:28:13,256,2,4,Mendoza,7144.2,0.0,41164.2
1000004934,20240827,2024-08-27 09:30:46,424,1,1,Buenos Aires,6804.0,1200.0,40404.0
1000004935,20240501,2024-05-01 04:48:28,554,2,1,Buenos Aires,11497.5,0.0,66247.5
1000004936,20240116,2024-01-16 23:54:31,724,2,2,Córdoba,4536.0,0.0,26136.0
1000004937,20241009,2024-10-09 15:36:22,821,1,2,Córdoba,6804.0,900.0,40104.0
1000004938,20240423,2024-04-23 00:46:00,1022,2,2,Córdoba,2469.6,0.0,14229.6
1000004939,20250315,2025-03-15 17:15:42,200,1,1,Buenos Aires,16537.5,1200.0,96487.5
1000004940,20250816,2025-08-16 14:51:03,191,1,1,Buenos Aires,4536.0,1500.0,27636.0
1000004941,20250711,2025-07-11 07:57:27,1079,2,3,Santa Fe,7371.0,0.0,42471.0
1000004942,20240912,2024-09-12 09:32:44,656,2,1,Buenos Aires,8079.75,0.0,46554.75
1000004943,20240620,2024-06-20 14:11:31,400,1,2,Córdoba,2835.0,1200.0,17535.0
1000004944,20250219,2025-02-19 21:38:03,578,1,4,Mendoza,5355.0,1500.0,32355.0
1000004945,20240310,2024-03-10 19:10:25,812,2,3,Santa Fe,13318.2,0.0,76738.2
1000004946,20250317,2025-03-17 09:44:37,296,1,2,Córdoba,5027.4,0.0,28967.4
1000004947,20240530,2024-05-30 09:12:54,762,1,3,Santa Fe,5953.5,900.0,35203.5
1000004948,20250623,2025-06-23 08:41:45,712,2,4,Mendoza,2268.0,0.0,13068.0
1000004949,20240506,2024-05-06 21:09:17,80,2,1,Buenos Aires,16899.75,0.0,97374.75
1000004950,20240621,2024-06-21 22:16:25,362,2,2,Córdoba,2394.0,0.0,13794.0
1000004951,20250705,2025-07-05 06:06:44,194,2,4,Mendoza,8505.0,0.0,49005.0
1000004952,20250413,2025-04-13 03:19:14,1028,1,2,Córdoba,5670.0,900.0,33570.0
1000004953,20240625,2024-06-25 22:49:45,20,1,1,Buenos Aires,14647.5,900.0,85297.5
1000004954,20241025,2024-10-25 09:51:44,16,1,1,Buenos Aires,5433.12,1500.0,32805.12
1000004955,20250517,2025-05-17 20:48:54,1453,1,1,Buenos Aires,5670.0,1200.0,33870.0
1000004956,20240425,2024-04-25 01:55:51,1465,1,4,Mendoza,11911.72,900.0,69534.22
1000004957,20240216,2024-02-16 01:50:12,147,1,1,Buenos Aires,5985.0,900.0,35385.0
1000004958,20250323,2025-03-23 15:04:11,144,2,2,Córdoba,14163.66,0.0,81609.66
1000004959,20241203,2024-12-03 22:35:53,1425,1,1,Buenos Aires,9456.3,900.0,55386.3
1000004960,20240823,2024-08-23 13:47:47,665,2,4,Mendoza,4788.0,0.0,27588.0
1000004961,20240114,2024-01-14 18:01:12,130,1,1,Buenos Aires,7779.24,1200.0,46023.24
1000004962,20240908,2024-09-08 12:54:11,371,1,2,Córdoba,2593.08,900.0,15841.08
1000004963,20250514,2025-05-14 08:50:42,343,2,2,Córdoba,5670.0,0.0,32670.0
1000004964,20250509,2025-05-09 04:09:10,1281,2,4,Mendoza,2268.0,0.0,13068.0
1000004965,20240725,2024-07-25 08:29:36,1304,1,4,Mendoza,4939.2,900.0,29359.2
1000004966,20250124,2025-01-24 20:30:34,766,1,4,Mendoza,8442.0,900.0,49542.0
1000004967,20241107,2024-11-07 01:33:45,845,1,2,Córdoba,12691.35,900.0,74026.35
1000004968,20240430,2024-04-30 16:58:16,35,2,3,Santa Fe,4939.2,0.0,28459.2
1000004969,20250330,2025-03-30 18:48:45,47,2,3,Santa Fe,2154.6,0.0,12414.6
1000004970,20250728,2025-07-28 17:54:01,590,1,3,Santa Fe,2268.0,1200.0,14268.0
1000004971,20241022,2024-10-22 05:38:57,28,1,1,Buenos Aires,2835.0,1200.0,17535.0
1000004972,20250507,2025-05-07 05:07:39,695,2,1,Buenos Aires,9954.0,0.0,57354.0
1000004973,20250228,2025-02-28 10:32:08,1013,1,2,Córdoba,12877.2,1500.0,75697.2
1000004974,20250728,2025-07-28 13:22:04,159,2,2,Córdoba,16858.8,0.0,97138.8
1000004975,20250403,2025-04-03 10:21:44,589,1,1,Buenos Aires,5663.7,1200.0,33833.7
1000004976,20250922,2025-09-22 01:25:49,833,1,3,Santa Fe,14364.0,1500.0,84264.0
1000004977,20240919,2024-09-19 23:58:48,211,1,1,Buenos Aires,6142.5,1500.0,36892.5
1000004978,20241021,2024-10-21 02:51:59,208,2,3,Santa Fe,6615.0,0.0,38115.0
1000004979,20250523,2025-05-23 14:40:37,1025,2,4,Mendoza,2551.5,0.0,14701.5
1000004980,20240214,2024-02-14 08:35:38,928,1,1,Buenos Aires,6300.0,1200.0,37500.0
1000004981,20250322,2025-03-22 12:40:40,852,1,1,Buenos Aires,8221.5,1200.0,48571.5
1000004982,20240215,2024-02-15 20:17:30,687,2,1,Buenos Aires,20575.8,0.0,118555.8
1000004983,20250730,2025-07-30 06:02:40,638,2,4,Mendoza,3307.5,0.0,19057.5
1000004984,20241201,2024-12-01 15:20:01,1094,1,1,Buenos Aires,4536.0,0.0,26136.0
1000004985,20240526,2024-05-26 22:43:25,68,1,3,Santa Fe,19063.8,1200.0,111043.8
1000004986,20240716,2024-07-16 12:02:45,1269,1,1,Buenos Aires,16745.4,0.0,96485.4
1000004987,20240214,2024-02-14 23:18:15,142,1,2,Córdoba,5556.6,900.0,32916.6
1000004988,20241107,2024-11-07 10:15:22,1205,1,1,Buenos Aires,8089.2,0.0,46609.2
1000004989,20240203,2024-02-03 13:43:54,460,1,4,Mendoza,16852.5,900.0,98002.5
1000004990,20250418,2025-04-18 11:57:07,859,2,3,Santa Fe,2268.0,0.0,13068.0
1000004991,20240601,2024-06-01 23:57:29,1144,2,2,Córdoba,4445.28,0.0,25613.28
1000004992,20240730,2024-07-30 22:07:51,145,2,1,Buenos Aires,6804.0,0.0,39204.0
1000004993,20240423,2024-04-23 15:19:24,1204,2,4,Mendoza,2992.5,0.0,17242.5
1000004994,20250517,2025-05-17 02:15:34,896,1,3,Santa Fe,10338.3,0.0,59568.3
1000004995,20241017,2024-10-17 22:36:07,1144,1,2,Córdoba,2268.0,1200.0,14268.0
1000004996,20250704,2025-07-04 14:20:09,1007,2,4,Mendoza,7182.0,0.0,41382.0
1000004997,20250609,2025-06-09 00:44:31,964,1,3,Santa Fe,5040.0,1200.0,30240.0
1000004998,20240511,2024-05-11 02:00:27,496,1,1,Buenos Aires,6174.0,0.0,35574.0
1000004999,20241023,2024-10-23 22:51:14,483,2,4,Mendoza,9387.0,0.0,54087.0
1000005000,20240727,2024-07-27 01:29:20,418,1,3,Santa Fe,9450.0,900.0,55350.0
1000005001,20250717,2025-07-17 10:40:20,18,1,1,Buenos Aires,8820.0,900.0,51720.0
1000005002,20240304,2024-03-04 03:50:06,1104,1,2,Córdoba,13532.4,900.0,78872.4
1000005003,20250204,2025-02-04 19:23:58,706,1,1,Buenos Aires,2222.64,1500.0,14306.64
1000005004,20250721,2025-07-21 15:16:57,460,1,2,Córdoba,19290.6,900.0,112050.6
1000005005,20240111,2024-01-11 06:27:27,1424,1,3,Santa Fe,3087.0,1200.0,18987.0
1000005006,20240313,2024-03-13 04:18:13,519,1,2,Córdoba,4914.0,1500.0,29814.0
1000005007,20250117,2025-01-17 19:18:57,57,2,3,Santa Fe,16254.0,0.0,93654.0
1000005008,20240724,2024-07-24 00:19:15,1013,1,1,Buenos Aires,6667.92,900.0,39319.92
1000005009,20250207,2025-02-07 18:27:40,497,1,3,Santa Fe,9261.0,900.0,54261.0
1000005010,20241229,2024-12-29 05:12:24,724,1,1,Buenos Aires,3150.0,1500.0,19650.0
1000005011,20240505,2024-05-05 10:20:24,1211,2,4,Mendoza,5670.0,0.0,32670.0
1000005012,20240925,2024-09-25 08:15:54,978,1,1,Buenos Aires,7560.0,1200.0,44760.0
1000005013,20240916,2024-09-16 05:22:46,67,2,4,Mendoza,6300.0,0.0,36300.0
1000005014,20250209,2025-02-09 14:54:26,694,2,4,Mendoza,7459.2,0.0,42979.2
1000005015,20241221,2024-12-21 14:33:17,4,1,1,Buenos Aires,7182.0,900.0,42282.0
1000005016,20250210,2025-02-10 11:21:20,434,1,1,Buenos Aires,5040.0,900.0,29940.0
1000005017,20250204,2025-02-04 09:26:25,385,1,1,Buenos Aires,2469.6,0.0,14229.6
1000005018,20240926,2024-09-26 05:42:25,539,2,1,Buenos Aires,4082.4,0.0,23522.4
1000005019,20240526,2024-05-26 17:56:14,306,1,1,Buenos Aires,15649.2,1200.0,91369.2
1000005020,20241221,2024-12-21 21:06:14,441,1,2,Córdoba,6703.2,900.0,39523.2
1000005021,20241224,2024-12-24 20:45:06,1090,1,3,Santa Fe,14319.9,1200.0,83709.9
1000005022,20250406,2025-04-06 08:44:35,1405,1,1,Buenos Aires,3087.0,1500.0,19287.0
1000005023,20240201,2024-02-01 08:32:02,712,1,2,Córdoba,5909.4,1200.0,35249.4
1000005024,20240520,2024-05-20 12:20:04,66,1,4,Mendoza,2646.0,900.0,16146.0
1000005025,20241019,2024-10-19 04:13:53,788,2,2,Córdoba,5040.0,0.0,29040.0
1000005026,20240611,2024-06-11 22:56:43,355,2,3,Santa Fe,7900.2,0.0,45520.2
1000005027,20250909,2025-09-09 21:08:32,913,1,2,Córdoba,3241.35,1200.0,19876.35
1000005028,20250314,2025-03-14 09:57:50,902,1,4,Mendoza,2469.6,1500.0,15729.6
1000005029,20240725,2024-07-25 19:59:08,1123,2,2,Córdoba,2154.6,0.0,12414.6
1000005030,20240617,2024-06-17 02:59:45,776,2,1,Buenos Aires,21609.0,0.0,124509.0
1000005031,20240623,2024-06-23 06:09:00,811,1,2,Córdoba,4914.0,900.0,29214.0
1000005032,20250830,2025-08-30 15:02:32,1342,1,2,Córdoba,7938.0,900.0,46638.0
1000005033,20240812,2024-08-12 13:39:39,544,1,1,Buenos Aires,6583.5,1200.0,39133.5
1000005034,20250611,2025-06-11 21:54:45,277,1,4,Mendoza,2268.0,1200.0,14268.0
1000005035,20241123,2024-11-23 10:33:10,922,2,3,Santa Fe,4536.0,0.0,26136.0
1000005036,20250123,2025-01-23 16:29:08,1327,1,1,Buenos Aires,4536.0,1500.0,27636.0
1000005037,20240109,2024-01-09 22:57:49,147,2,4,Mendoza,2469.6,0.0,14229.6
1000005038,20241018,2024-10-18 23:45:05,761,2,2,Córdoba,6667.92,0.0,38419.92
1000005039,20250416,2025-04-16 01:14:12,1368,1,1,Buenos Aires,9371.25,1200.0,55196.25
1000005040,20240819,2024-08-19 23:16:06,661,1,1,Buenos Aires,6804.0,0.0,39204.0
1000005041,20250808,2025-08-08 03:55:32,1348,2,3,Santa Fe,14883.75,0.0,85758.75
1000005042,20240422,2024-04-22 02:32:57,241,1,1,Buenos Aires,3150.0,900.0,19050.0
1000005043,20240305,2024-03-05 16:36:11,273,1,1,Buenos Aires,9497.25,0.0,54722.25
1000005044,20240906,2024-09-06 03:42:34,156,2,2,Córdoba,2469.6,0.0,14229.6
1000005045,20240612,2024-06-12 10:55:12,1492,1,1,Buenos Aires,12915.0,1200.0,75615.0
1000005046,20240716,2024-07-16 19:48:20,1123,2,1,Buenos Aires,3150.0,0.0,18150.0
1000005047,20241223,2024-12-23 13:36:38,773,2,3,Santa Fe,9261.0,0.0,53361.0
1000005048,20240205,2024-02-05 10:44:19,79,2,3,Santa Fe,10924.2,0.0,62944.2
1000005049,20240628,2024-06-28 22:08:42,262,1,1,Buenos Aires,4788.0,1200.0,28788.0
1000005050,20241211,2024-12-11 00:37:19,1040,2,2,Córdoba,18585.0,0.0,107085.0
1000005051,20250920,2025-09-20 09:19:34,1250,2,3,Santa Fe,5670.0,0.0,32670.0
1000005052,20250616,2025-06-16 03:04:12,717,1,1,Buenos Aires,10602.9,1200.0,62292.9
1000005053,20240921,2024-09-21 15:59:31,173,1,1,Buenos Aires,4939.2,900.0,29359.2
1000005054,20250125,2025-01-25 03:53:51,1011,1,2,Córdoba,7308.0,900.0,43008.0
1000005055,20250413,2025-04-13 03:47:45,276,1,3,Santa Fe,9426.38,1200.0,55513.88
1000005056,20240305,2024-03-05 18:24:53,803,1,3,Santa Fe,14175.0,1200.0,82875.0
1000005057,20241011,2024-10-11 07:48:06,177,2,4,Mendoza,2268.0,0.0,13068.0
1000005058,20240427,2024-04-27 02:34:17,1042,1,1,Buenos Aires,6804.0,0.0,39204.0
1000005059,20250801,2025-08-01 03:29:16,809,1,2,Córdoba,2551.5,1200.0,15901.5
1000005060,20240512,2024-05-12 03:28:42,257,2,3,Santa Fe,10047.24,0.0,57891.24
1000005061,20240218,2024-02-18 09:14:13,649,2,2,Córdoba,2469.6,0.0,14229.6
1000005062,20250410,2025-04-10 06:22:32,964,2,3,Santa Fe,6482.7,0.0,37352.7
1000005063,20240616,2024-06-16 12:58:49,1349,2,2,Córdoba,9261.0,0.0,53361.0
1000005064,20250430,2025-04-30 13:33:50,1418,1,1,Buenos Aires,2633.4,1200.0,16373.4
1000005065,20250304,2025-03-04 15:36:11,1396,2,3,Santa Fe,7144.2,0.0,41164.2
1000005066,20250703,2025-07-03 19:34:47,152,2,3,Santa Fe,2633.4,0.0,15173.4
1000005067,20250703,2025-07-03 22:54:17,577,2,1,Buenos Aires,13104.0,0.0,75504.0
1000005068,20250308,2025-03-08 00:03:13,112,1,1,Buenos Aires,6300.0,1200.0,37500.0
1000005069,20250606,2025-06-06 05:38:29,1216,1,1,Buenos Aires,7182.0,900.0,42282.0
1000005070,20250602,2025-06-02 08:43:33,473,2,2,Córdoba,9450.0,0.0,54450.0
1000005071,20250510,2025-05-10 03:38:01,343,1,1,Buenos Aires,17860.5,900.0,103810.5
1000005072,20250818,2025-08-18 07:28:45,821,1,4,Mendoza,2716.56,1200.0,16852.56
1000005073,20240609,2024-06-09 21:37:25,108,1,2,Córdoba,5512.5,1500.0,33262.5
1000005074,20250821,2025-08-21 04:58:45,687,1,1,Buenos Aires,12096.0,900.0,70596.0
1000005075,20250826,2025-08-26 14:07:48,520,1,4,Mendoza,2469.6,1500.0,15729.6
1000005076,20241126,2024-11-26 07:14:02,1426,2,2,Córdoba,2469.6,0.0,14229.6
1000005077,20240317,2024-03-17 17:39:35,1008,1,1,Buenos Aires,8303.4,1200.0,49043.4
1000005078,20240615,2024-06-15 16:41:26,1449,2,1,Buenos Aires,7434.0,0.0,42834.0
1000005079,20250420,2025-04-20 04:23:27,109,1,2,Córdoba,5266.8,900.0,31246.8
1000005080,20250706,2025-07-06 20:00:38,23,1,1,Buenos Aires,9261.0,0.0,53361.0
1000005081,20240721,2024-07-21 21:47:30,820,1,1,Buenos Aires,10257.66,900.0,60003.66
1000005082,20240828,2024-08-28 23:56:52,824,1,1,Buenos Aires,8505.0,900.0,49905.0
1000005083,20240527,2024-05-27 07:30:14,641,2,1,Buenos Aires,5761.35,0.0,33196.35
1000005084,20250520,2025-05-20 19:45:58,1206,1,3,Santa Fe,4536.0,1200.0,27336.0
1000005085,20240206,2024-02-06 13:15:44,446,2,2,Córdoba,4939.2,0.0,28459.2
1000005086,20240512,2024-05-12 21:23:04,497,2,2,Córdoba,9261.0,0.0,53361.0
1000005087,20240125,2024-01-25 19:32:44,882,2,3,Santa Fe,16430.4,0.0,94670.4
1000005088,20240213,2024-02-13 21:29:46,1477,1,1,Buenos Aires,6300.0,1500.0,37800.0
1000005089,20250217,2025-02-17 09:11:33,1129,2,1,Buenos Aires,7182.0,0.0,41382.0
1000005090,20240218,2024-02-18 14:25:14,144,2,1,Buenos Aires,5985.0,0.0,34485.0
1000005091,20250220,2025-02-20 13:59:11,6,2,2,Córdoba,6930.0,0.0,39930.0
1000005092,20250203,2025-02-03 21:03:51,107,2,1,Buenos Aires,4788.0,0.0,27588.0
1000005093,20250922,2025-09-22 05:13:33,1033,1,1,Buenos Aires,7408.8,900.0,43588.8
1000005094,20250816,2025-08-16 14:26:57,297,1,1,Buenos Aires,2222.64,0.0,12806.64
1000005095,20250629,2025-06-29 22:19:23,529,1,3,Santa Fe,5556.6,900.0,32916.6
1000005096,20241127,2024-11-27 22:55:19,1371,2,3,Santa Fe,2394.0,0.0,13794.0
1000005097,20240207,2024-02-07 06:01:29,219,2,2,Córdoba,2520.0,0.0,14520.0
1000005098,20250710,2025-07-10 21:12:23,405,1,4,Mendoza,2469.6,1500.0,15729.6
1000005099,20250119,2025-01-19 23:42:12,954,1,1,Buenos Aires,6667.92,1200.0,39619.92
1000005100,20241107,2024-11-07 10:41:54,963,1,1,Buenos Aires,15995.7,900.0,93065.7
1000005101,20250514,2025-05-14 04:48:52,1171,1,1,Buenos Aires,9185.4,900.0,53825.4
1000005102,20240501,2024-05-01 09:40:16,413,2,3,Santa Fe,3150.0,0.0,18150.0
1000005103,20250111,2025-01-11 09:01:45,1137,2,1,Buenos Aires,2268.0,0.0,13068.0
1000005104,20250825,2025-08-25 04:31:18,884,2,4,Mendoza,5040.0,0.0,29040.0
1000005105,20240928,2024-09-28 07:14:04,1285,2,1,Buenos Aires,17955.0,0.0,103455.0
1000005106,20250704,2025-07-04 16:20:51,983,2,2,Córdoba,4536.0,0.0,26136.0
1000005107,20240109,2024-01-09 07:24:39,247,2,4,Mendoza,6804.0,0.0,39204.0
1000005108,20250420,2025-04-20 01:09:50,1081,2,4,Mendoza,4939.2,0.0,28459.2
1000005109,20241015,2024-10-15 14:00:18,253,1,1,Buenos Aires,6804.0,900.0,40104.0
1000005110,20241106,2024-11-06 07:25:06,1473,1,1,Buenos Aires,16260.3,900.0,94590.3
1000005111,20240420,2024-04-20 03:38:36,329,1,1,Buenos Aires,2633.4,1200.0,16373.4
1000005112,20250216,2025-02-16 22:20:15,671,1,1,Buenos Aires,12965.4,900.0,75605.4
1000005113,20240904,2024-09-04 10:17:06,282,1,1,Buenos Aires,8505.0,1200.0,50205.0
1000005114,20241003,2024-10-03 19:30:06,583,2,3,Santa Fe,7408.8,0.0,42688.8
1000005115,20240415,2024-04-15 20:47:46,1052,2,3,Santa Fe,5670.0,0.0,32670.0
1000005116,20250312,2025-03-12 01:51:11,552,1,1,Buenos Aires,7541.1,900.0,44351.1
1000005117,20241217,2024-12-17 08:36:36,503,2,4,Mendoza,8505.0,0.0,49005.0
1000005118,20250105,2025-01-05 08:34:53,46,2,4,Mendoza,8178.66,0.0,47124.66
1000005119,20240102,2024-01-02 11:33:52,594,1,3,Santa Fe,12159.0,900.0,70959.0
1000005120,20240104,2024-01-04 19:04:29,719,1,3,Santa Fe,6791.4,1200.0,40331.4
1000005121,20241114,2024-11-14 10:08:29,1084,1,1,Buenos Aires,2835.0,1500.0,17835.0
1000005122,20250203,2025-02-03 18:47:25,12,2,4,Mendoza,7827.75,0.0,45102.75
1000005123,20250622,2025-06-22 19:58:30,1479,2,4,Mendoza,7182.0,0.0,41382.0
1000005124,20250512,2025-05-12 19:10:36,122,1,3,Santa Fe,5386.5,900.0,31936.5
1000005125,20250808,2025-08-08 11:32:08,598,1,1,Buenos Aires,4536.0,1500.0,27636.0
1000005126,20250213,2025-02-13 17:02:48,1156,1,3,Santa Fe,14742.0,1200.0,86142.0
1000005127,20240320,2024-03-20 08:49:05,1035,2,2,Córdoba,9261.0,0.0,53361.0
1000005128,20241011,2024-10-11 12:29:29,811,2,3,Santa Fe,2992.5,0.0,17242.5
1000005129,20241206,2024-12-06 03:15:31,69,1,3,Santa Fe,14502.6,900.0,84462.6
1000005130,20240724,2024-07-24 13:51:03,1496,2,1,Buenos Aires,7560.0,0.0,43560.0
1000005131,20240210,2024-02-10 19:20:39,605,1,1,Buenos Aires,5953.5,1200.0,35503.5
1000005132,20241026,2024-10-26 13:31:05,1378,2,4,Mendoza,4939.2,0.0,28459.2
1000005133,20250212,2025-02-12 11:13:36,606,1,2,Córdoba,8334.9,900.0,48924.9
1000005134,20240301,2024-03-01 04:02:29,59,1,2,Córdoba,3150.0,1200.0,19350.0
1000005135,20250616,2025-06-16 15:29:18,421,1,1,Buenos Aires,8977.5,1200.0,52927.5
1000005136,20240815,2024-08-15 08:58:05,1334,2,1,Buenos Aires,2268.0,0.0,13068.0
1000005137,20241112,2024-11-12 11:35:31,983,1,4,Mendoza,7408.8,1200.0,43888.8
1000005138,20240228,2024-02-28 05:17:28,676,1,1,Buenos Aires,5985.0,1500.0,35985.0
1000005139,20250328,2025-03-28 11:43:59,1394,2,3,Santa Fe,7182.0,0.0,41382.0
1000005140,20241121,2024-11-21 16:05:57,953,1,4,Mendoza,8930.25,0.0,51455.25
1000005141,20250101,2025-01-01 06:06:48,401,2,2,Córdoba,9450.0,0.0,54450.0
1000005142,20240109,2024-01-09 22:42:56,1367,1,2,Córdoba,7560.0,900.0,44460.0
1000005143,20250127,2025-01-27 00:25:59,662,1,4,Mendoza,14723.1,900.0,85733.1
1000005144,20241009,2024-10-09 18:17:58,684,2,3,Santa Fe,7982.1,0.0,45992.1
1000005145,20240826,2024-08-26 04:30:40,914,2,4,Mendoza,3087.0,0.0,17787.0
1000005146,20250301,2025-03-01 18:51:38,235,2,3,Santa Fe,2646.0,0.0,15246.0
1000005147,20250528,2025-05-28 12:10:09,223,2,2,Córdoba,14805.0,0.0,85305.0
1000005148,20250529,2025-05-29 17:40:20,38,1,3,Santa Fe,5103.0,0.0,29403.0
1000005149,20240411,2024-04-11 17:31:16,482,1,4,Mendoza,4445.28,900.0,26513.28
1000005150,20250609,2025-06-09 21:29:16,1352,1,1,Buenos Aires,9187.92,1200.0,54139.92
1000005151,20240209,2024-02-09 01:53:45,385,2,1,Buenos Aires,5266.8,0.0,30346.8
1000005152,20240317,2024-03-17 08:58:00,126,1,1,Buenos Aires,2835.0,0.0,16335.0
1000005153,20240322,2024-03-22 20:04:14,635,1,1,Buenos Aires,6300.0,900.0,37200.0
1000005154,20240318,2024-03-18 22:46:41,709,1,2,Córdoba,8505.0,1200.0,50205.0
1000005155,20240328,2024-03-28 07:46:39,1469,2,4,Mendoza,4788.0,0.0,27588.0
1000005156,20250312,2025-03-12 15:01:44,752,1,1,Buenos Aires,2268.0,900.0,13968.0
1000005157,20250426,2025-04-26 16:17:27,1366,2,2,Córdoba,11457.18,0.0,66015.18
1000005158,20241202,2024-12-02 02:55:02,474,2,1,Buenos Aires,2394.0,0.0,13794.0
1000005159,20250801,2025-08-01 06:40:25,136,1,2,Córdoba,8079.75,900.0,47454.75
1000005160,20240726,2024-07-26 06:45:53,930,1,4,Mendoza,10193.4,1200.0,59933.4
1000005161,20241014,2024-10-14 07:27:37,150,1,4,Mendoza,4536.0,900.0,27036.0
1000005162,20250502,2025-05-02 11:59:00,836,1,1,Buenos Aires,12159.0,900.0,70959.0
1000005163,20250709,2025-07-09 04:49:18,779,1,1,Buenos Aires,8977.5,900.0,52627.5
1000005164,20240615,2024-06-15 13:12:12,127,1,1,Buenos Aires,10395.0,900.0,60795.0
1000005165,20241201,2024-12-01 17:39:52,1409,1,1,Buenos Aires,3087.0,1500.0,19287.0
1000005166,20240825,2024-08-25 08:46:20,1475,2,1,Buenos Aires,18900.0,0.0,108900.0
1000005167,20241217,2024-12-17 16:36:42,222,2,3,Santa Fe,7408.8,0.0,42688.8
1000005168,20250103,2025-01-03 22:34:53,1396,1,1,Buenos Aires,2469.6,0.0,14229.6
1000005169,20241109,2024-11-09 05:20:15,1132,2,3,Santa Fe,9384.48,0.0,54072.48
1000005170,20250627,2025-06-27 07:41:03,1301,2,2,Córdoba,7931.7,0.0,45701.7
1000005171,20241031,2024-10-31 12:54:57,42,2,4,Mendoza,6804.0,0.0,39204.0
1000005172,20250505,2025-05-05 08:25:43,900,1,3,Santa Fe,8977.5,0.0,51727.5
1000005173,20240212,2024-02-12 22:15:16,890,1,2,Córdoba,4939.2,1500.0,29959.2
1000005174,20240312,2024-03-12 10:19:00,303,2,4,Mendoza,2520.0,0.0,14520.0
1000005175,20240524,2024-05-24 07:12:13,754,2,2,Córdoba,9261.0,0.0,53361.0
1000005176,20250413,2025-04-13 04:47:17,1023,2,4,Mendoza,5386.5,0.0,31036.5
1000005177,20250406,2025-04-06 16:13:00,163,2,2,Córdoba,8149.68,0.0,46957.68
1000005178,20240206,2024-02-06 17:18:32,682,2,3,Santa Fe,8334.9,0.0,48024.9
1000005179,20250422,2025-04-22 15:32:56,680,1,1,Buenos Aires,4536.0,1500.0,27636.0
1000005180,20240403,2024-04-03 12:17:44,1340,1,1,Buenos Aires,9922.5,0.0,57172.5
1000005181,20240722,2024-07-22 01:00:44,412,1,1,Buenos Aires,9261.0,900.0,54261.0
1000005182,20240723,2024-07-23 00:49:30,384,1,1,Buenos Aires,10395.0,900.0,60795.0
1000005183,20250215,2025-02-15 11:18:31,949,1,4,Mendoza,8505.0,900.0,49905.0
1000005184,20240417,2024-04-17 13:30:04,630,2,3,Santa Fe,7938.0,0.0,45738.0
1000005185,20240815,2024-08-15 16:21:14,1480,2,3,Santa Fe,8505.0,0.0,49005.0
1000005186,20240216,2024-02-16 08:26:24,493,1,3,Santa Fe,2041.2,900.0,12661.2
1000005187,20241028,2024-10-28 10:57:56,337,2,1,Buenos Aires,5985.0,0.0,34485.0
1000005188,20240601,2024-06-01 14:08:57,1364,1,2,Córdoba,5040.0,1200.0,30240.0
1000005189,20250119,2025-01-19 01:01:31,357,1,1,Buenos Aires,6804.0,900.0,40104.0
1000005190,20250525,2025-05-25 19:02:16,532,2,2,Córdoba,2593.08,0.0,14941.08
1000005191,20250830,2025-08-30 08:30:11,781,2,3,Santa Fe,8026.2,0.0,46246.2
1000005192,20250109,2025-01-09 01:57:59,659,1,4,Mendoza,4939.2,1200.0,29659.2
1000005193,20240306,2024-03-06 18:17:59,382,2,2,Córdoba,9450.0,0.0,54450.0
1000005194,20240828,2024-08-28 06:58:18,1048,2,4,Mendoza,5670.0,0.0,32670.0
1000005195,20241030,2024-10-30 19:03:59,855,1,2,Córdoba,9450.0,1500.0,55950.0
1000005196,20250703,2025-07-03 16:15:14,1413,2,1,Buenos Aires,2520.0,0.0,14520.0
1000005197,20250310,2025-03-10 14:45:43,1304,2,3,Santa Fe,8977.5,0.0,51727.5
1000005198,20250616,2025-06-16 14:05:38,1015,2,4,Mendoza,4536.0,0.0,26136.0
1000005199,20250128,2025-01-28 20:01:05,796,2,1,Buenos Aires,4536.0,0.0,26136.0
1000005200,20240208,2024-02-08 15:44:56,877,2,2,Córdoba,5040.0,0.0,29040.0
1000005201,20241214,2024-12-14 15:31:46,658,1,4,Mendoza,6174.0,1200.0,36774.0
1000005202,20240826,2024-08-26 20:05:36,451,2,2,Córdoba,8253.0,0.0,47553.0
1000005203,20250927,2025-09-27 00:29:46,1007,1,1,Buenos Aires,7938.0,1200.0,46938.0
1000005204,20240314,2024-03-14 02:07:29,1071,2,2,Córdoba,5292.0,0.0,30492.0
1000005205,20240920,2024-09-20 11:14:56,326,2,3,Santa Fe,7408.8,0.0,42688.8
1000005206,20250811,2025-08-11 20:00:52,1329,1,1,Buenos Aires,2469.6,1200.0,15429.6
1000005207,20240927,2024-09-27 02:40:49,403,1,1,Buenos Aires,2772.0,1200.0,17172.0
1000005208,20241021,2024-10-21 08:08:34,138,2,1,Buenos Aires,5544.0,0.0,31944.0
1000005209,20240519,2024-05-19 17:51:46,821,1,2,Córdoba,2835.0,900.0,17235.0
1000005210,20250614,2025-06-14 01:09:32,607,1,2,Córdoba,9261.0,900.0,54261.0
1000005211,20250523,2025-05-23 18:10:31,1210,2,2,Córdoba,6804.0,0.0,39204.0
1000005212,20240915,2024-09-15 04:47:46,211,2,4,Mendoza,7144.2,0.0,41164.2
1000005213,20240603,2024-06-03 04:50:58,1217,2,1,Buenos Aires,7408.8,0.0,42688.8
1000005214,20240831,2024-08-31 12:39:27,630,2,1,Buenos Aires,4939.2,0.0,28459.2
1000005215,20240228,2024-02-28 03:26:00,1127,1,1,Buenos Aires,10999.8,1200.0,64579.8
1000005216,20240624,2024-06-24 01:15:04,1339,1,2,Córdoba,3150.0,900.0,19050.0
1000005217,20250802,2025-08-02 19:57:19,1296,1,2,Córdoba,5985.0,0.0,34485.0
1000005218,20240706,2024-07-06 07:50:38,408,2,3,Santa Fe,8334.9,0.0,48024.9
1000005219,20250821,2025-08-21 21:01:13,1056,1,2,Córdoba,3241.35,0.0,18676.35
1000005220,20240321,2024-03-21 02:40:15,349,1,3,Santa Fe,6237.0,0.0,35937.0
1000005221,20240618,2024-06-18 01:47:32,151,2,2,Córdoba,2520.0,0.0,14520.0
1000005222,20241008,2024-10-08 02:37:01,1261,1,1,Buenos Aires,4445.28,900.0,26513.28
1000005223,20240914,2024-09-14 12:21:14,676,1,1,Buenos Aires,6174.0,900.0,36474.0
1000005224,20240703,2024-07-03 19:14:49,77,1,1,Buenos Aires,6804.0,1500.0,40704.0
1000005225,20250904,2025-09-04 14:13:24,1171,1,1,Buenos Aires,11472.3,1200.0,67302.3
1000005226,20250815,2025-08-15 04:10:43,1339,1,1,Buenos Aires,6174.0,1200.0,36774.0
1000005227,20240809,2024-08-09 13:24:35,711,2,2,Córdoba,3118.5,0.0,17968.5
1000005228,20250617,2025-06-17 20:03:24,1140,2,2,Córdoba,6174.0,0.0,35574.0
1000005229,20240502,2024-05-02 05:30:58,1176,1,1,Buenos Aires,6174.0,900.0,36474.0
1000005230,20250907,2025-09-07 20:34:27,265,1,2,Córdoba,6804.0,1200.0,40404.0
1000005231,20250224,2025-02-24 22:01:41,711,2,3,Santa Fe,5433.12,0.0,31305.12
1000005232,20250407,2025-04-07 21:28:05,490,1,3,Santa Fe,4876.2,900.0,28996.2
1000005233,20250510,2025-05-10 12:45:21,837,1,2,Córdoba,7484.4,1500.0,44624.4
1000005234,20250822,2025-08-22 08:06:43,180,1,2,Córdoba,9415.35,1200.0,55450.35
1000005235,20250916,2025-09-16 17:37:11,452,2,2,Córdoba,4536.0,0.0,26136.0
1000005236,20250418,2025-04-18 02:21:22,644,1,1,Buenos Aires,5670.0,0.0,32670.0
1000005237,20250520,2025-05-20 03:50:55,1276,2,4,Mendoza,7408.8,0.0,42688.8
1000005238,20250526,2025-05-26 04:01:51,370,1,1,Buenos Aires,2469.6,1200.0,15429.6
1000005239,20241031,2024-10-31 05:18:21,455,1,2,Córdoba,8505.0,0.0,49005.0
1000005240,20240217,2024-02-17 03:49:18,275,1,3,Santa Fe,2513.7,1500.0,15983.7
1000005241,20250815,2025-08-15 22:56:53,1420,2,1,Buenos Aires,12581.1,0.0,72491.1
1000005242,20240311,2024-03-11 17:24:07,808,1,2,Córdoba,5922.0,1500.0,35622.0
1000005243,20250117,2025-01-17 11:55:04,535,1,4,Mendoza,10710.0,1500.0,63210.0
1000005244,20240622,2024-06-22 01:43:36,179,1,1,Buenos Aires,9261.0,0.0,53361.0
1000005245,20250825,2025-08-25 21:05:20,267,2,2,Córdoba,6804.0,0.0,39204.0
1000005246,20240302,2024-03-02 22:35:02,1382,1,1,Buenos Aires,18781.88,1200.0,109419.38
1000005247,20250809,2025-08-09 08:43:45,934,2,4,Mendoza,10417.68,0.0,60025.68
1000005248,20250507,2025-05-07 11:10:01,1217,1,1,Buenos Aires,6174.0,1200.0,36774.0
1000005249,20250923,2025-09-23 02:37:19,209,1,2,Córdoba,8505.0,1500.0,50505.0
1000005250,20250613,2025-06-13 18:38:55,1317,2,3,Santa Fe,3087.0,0.0,17787.0
1000005251,20250912,2025-09-12 07:02:31,873,2,1,Buenos Aires,19656.0,0.0,113256.0
1000005252,20250819,2025-08-19 22:15:58,133,2,4,Mendoza,5985.0,0.0,34485.0
1000005253,20241112,2024-11-12 07:04:40,220,2,3,Santa Fe,5292.0,0.0,30492.0
1000005254,20240929,2024-09-29 21:51:08,848,1,1,Buenos Aires,2469.6,1200.0,15429.6
1000005255,20250331,2025-03-31 12:20:34,1090,1,2,Córdoba,4939.2,900.0,29359.2
1000005256,20250323,2025-03-23 07:24:56,494,1,1,Buenos Aires,4939.2,0.0,28459.2
1000005257,20240824,2024-08-24 04:26:51,991,2,3,Santa Fe,2646.0,0.0,15246.0
1000005258,20250806,2025-08-06 09:23:26,32,2,2,Córdoba,8505.0,0.0,49005.0
1000005259,20240425,2024-04-25 08:48:17,840,2,3,Santa Fe,4939.2,0.0,28459.2
1000005260,20240509,2024-05-09 10:00:31,829,2,3,Santa Fe,5985.0,0.0,34485.0
1000005261,20250908,2025-09-08 10:18:39,685,1,2,Córdoba,8334.9,900.0,48924.9
1000005262,20240601,2024-06-01 19:06:31,1303,1,3,Santa Fe,9450.0,1200.0,55650.0
1000005263,20240611,2024-06-11 17:49:26,514,1,2,Córdoba,10710.0,1200.0,62910.0
1000005264,20250929,2025-09-29 23:49:11,131,2,2,Córdoba,2716.56,0.0,15652.56
1000005265,20250806,2025-08-06 03:09:10,680,1,1,Buenos Aires,6667.92,1200.0,39619.92
1000005266,20240511,2024-05-11 16:22:59,165,1,3,Santa Fe,6482.7,1200.0,38552.7
1000005267,20240705,2024-07-05 23:34:53,1409,2,2,Córdoba,9450.0,0.0,54450.0
1000005268,20250305,2025-03-05 23:02:16,548,2,2,Córdoba,3150.0,0.0,18150.0
1000005269,20240715,2024-07-15 08:10:10,941,1,1,Buenos Aires,14789.25,900.0,86114.25
1000005270,20240123,2024-01-23 19:53:20,456,2,3,Santa Fe,2268.0,0.0,13068.0
1000005271,20240310,2024-03-10 18:05:37,675,1,3,Santa Fe,6300.0,900.0,37200.0
1000005272,20250208,2025-02-08 15:04:25,303,1,3,Santa Fe,8977.5,900.0,52627.5
1000005273,20241207,2024-12-07 17:18:49,1371,2,4,Mendoza,7182.0,0.0,41382.0
1000005274,20241004,2024-10-04 13:01:21,225,2,3,Santa Fe,6284.25,0.0,36209.25
1000005275,20240627,2024-06-27 12:18:52,741,1,2,Córdoba,3087.0,1200.0,18987.0
1000005276,20240807,2024-08-07 11:11:37,507,2,4,Mendoza,8977.5,0.0,51727.5
1000005277,20241219,2024-12-19 18:57:31,381,1,1,Buenos Aires,4536.0,900.0,27036.0
1000005278,20250114,2025-01-14 00:03:50,166,2,4,Mendoza,7528.5,0.0,43378.5
1000005279,20240704,2024-07-04 17:53:05,1440,2,3,Santa Fe,6174.0,0.0,35574.0
1000005280,20240319,2024-03-19 11:06:43,1400,1,3,Santa Fe,5386.5,1200.0,32236.5
1000005281,20250815,2025-08-15 23:29:03,627,1,1,Buenos Aires,9261.0,900.0,54261.0
1000005282,20240428,2024-04-28 20:03:54,638,1,4,Mendoza,7560.0,900.0,44460.0
1000005283,20240121,2024-01-21 17:26:58,703,2,1,Buenos Aires,2772.0,0.0,15972.0
1000005284,20250221,2025-02-21 16:53:33,1315,2,1,Buenos Aires,13608.0,0.0,78408.0
1000005285,20250410,2025-04-10 03:10:38,540,1,1,Buenos Aires,7308.0,900.0,43008.0
1000005286,20250428,2025-04-28 18:34:15,352,1,4,Mendoza,6300.0,1200.0,37500.0
1000005287,20240915,2024-09-15 19:31:42,565,1,3,Santa Fe,9450.0,1200.0,55650.0
1000005288,20241221,2024-12-21 22:39:25,549,1,4,Mendoza,2976.75,0.0,17151.75
1000005289,20240716,2024-07-16 06:41:18,1273,1,1,Buenos Aires,16606.8,1200.0,96886.8
1000005290,20240628,2024-06-28 08:36:13,713,1,1,Buenos Aires,4536.0,1500.0,27636.0
1000005291,20250812,2025-08-12 14:24:32,1439,1,2,Córdoba,11198.25,1200.0,65723.25
1000005292,20240825,2024-08-25 08:32:40,1070,1,1,Buenos Aires,4788.0,900.0,28488.0
1000005293,20240515,2024-05-15 00:05:36,281,2,1,Buenos Aires,13797.0,0.0,79497.0
1000005294,20240510,2024-05-10 22:02:29,250,1,1,Buenos Aires,7408.8,1500.0,44188.8
1000005295,20250107,2025-01-07 15:18:51,728,1,4,Mendoza,5040.0,0.0,29040.0
1000005296,20240418,2024-04-18 12:11:13,758,1,1,Buenos Aires,2520.0,900.0,15420.0
1000005297,20240605,2024-06-05 05:45:40,486,1,1,Buenos Aires,5027.4,1200.0,30167.4
1000005298,20240207,2024-02-07 14:31:06,284,2,2,Córdoba,12978.0,0.0,74778.0
1000005299,20250503,2025-05-03 15:46:41,391,1,1,Buenos Aires,4536.0,1200.0,27336.0
1000005300,20250925,2025-09-25 22:11:48,326,1,1,Buenos Aires,5103.0,1200.0,30603.0
1000005301,20240319,2024-03-19 23:22:09,511,1,1,Buenos Aires,4082.4,900.0,24422.4
1000005302,20250320,2025-03-20 17:16:58,866,1,3,Santa Fe,4788.0,1500.0,29088.0
1000005303,20240401,2024-04-01 00:07:27,494,2,1,Buenos Aires,12411.0,0.0,71511.0
1000005304,20250405,2025-04-05 09:42:37,761,1,2,Córdoba,2222.64,1200.0,14006.64
1000005305,20240711,2024-07-11 05:19:32,1105,1,3,Santa Fe,19041.12,1500.0,111213.12
1000005306,20240922,2024-09-22 08:39:26,809,1,1,Buenos Aires,2268.0,900.0,13968.0
1000005307,20240709,2024-07-09 22:21:58,1259,2,1,Buenos Aires,8757.0,0.0,50457.0
1000005308,20250128,2025-01-28 17:41:02,72,1,3,Santa Fe,2520.0,900.0,15420.0
1000005309,20250613,2025-06-13 00:01:57,962,1,1,Buenos Aires,15529.5,1200.0,90679.5
1000005310,20241117,2024-11-17 16:33:25,365,1,1,Buenos Aires,2469.6,900.0,15129.6
1000005311,20241209,2024-12-09 08:12:14,1440,1,1,Buenos Aires,13532.4,1200.0,79172.4
1000005312,20240726,2024-07-26 07:29:12,535,2,1,Buenos Aires,6667.92,0.0,38419.92
1000005313,20250202,2025-02-02 07:43:47,638,2,1,Buenos Aires,7560.0,0.0,43560.0
1000005314,20240325,2024-03-25 07:49:45,1322,1,1,Buenos Aires,3087.0,900.0,18687.0
1000005315,20250207,2025-02-07 13:13:02,846,1,4,Mendoza,2268.0,0.0,13068.0
1000005316,20240702,2024-07-02 16:37:36,212,1,2,Córdoba,9828.0,900.0,57528.0
1000005317,20250822,2025-08-22 23:24:10,155,2,3,Santa Fe,2551.5,0.0,14701.5
1000005318,20240928,2024-09-28 15:01:52,1463,2,4,Mendoza,5985.0,0.0,34485.0
1000005319,20240720,2024-07-20 07:02:20,328,2,1,Buenos Aires,9922.5,0.0,57172.5
1000005320,20240803,2024-08-03 19:59:31,618,1,1,Buenos Aires,6804.0,0.0,39204.0
1000005321,20250404,2025-04-04 03:07:45,440,2,3,Santa Fe,5638.5,0.0,32488.5
1000005322,20240808,2024-08-08 19:05:03,670,2,4,Mendoza,9790.2,0.0,56410.2
1000005323,20250801,2025-08-01 02:46:52,578,1,1,Buenos Aires,2992.5,1200.0,18442.5
1000005324,20241201,2024-12-01 16:31:16,246,2,3,Santa Fe,2520.0,0.0,14520.0
1000005325,20240612,2024-06-12 20:33:29,1308,1,1,Buenos Aires,16386.3,900.0,95316.3
1000005326,20240323,2024-03-23 10:55:43,614,2,3,Santa Fe,6667.92,0.0,38419.92
1000005327,20240730,2024-07-30 10:02:13,260,1,1,Buenos Aires,2394.0,1200.0,14994.0
1000005328,20250824,2025-08-24 11:47:37,828,1,2,Córdoba,8977.5,0.0,51727.5
1000005329,20250202,2025-02-02 00:16:56,853,1,1,Buenos Aires,8505.0,900.0,49905.0
1000005330,20240501,2024-05-01 21:00:42,891,1,1,Buenos Aires,17577.0,1200.0,102477.0
1000005331,20250930,2025-09-30 07:25:12,951,2,2,Córdoba,9450.0,0.0,54450.0
1000005332,20250819,2025-08-19 16:17:46,1005,2,3,Santa Fe,6300.0,0.0,36300.0
1000005333,20240414,2024-04-14 02:38:09,201,2,4,Mendoza,5292.0,0.0,30492.0
1000005334,20250107,2025-01-07 13:36:20,100,2,1,Buenos Aires,6174.0,0.0,35574.0
1000005335,20240107,2024-01-07 04:20:27,164,1,3,Santa Fe,9875.25,1200.0,58100.25
1000005336,20241202,2024-12-02 12:23:43,1194,2,3,Santa Fe,4788.0,0.0,27588.0
1000005337,20250801,2025-08-01 16:16:27,290,1,1,Buenos Aires,13078.8,1200.0,76558.8
1000005338,20240706,2024-07-06 01:51:10,101,1,1,Buenos Aires,6174.0,900.0,36474.0
1000005339,20250221,2025-02-21 13:11:14,1082,1,1,Buenos Aires,2835.0,1200.0,17535.0
1000005340,20240622,2024-06-22 22:21:23,1076,2,1,Buenos Aires,6174.0,0.0,35574.0
1000005341,20250109,2025-01-09 04:14:25,330,2,3,Santa Fe,9702.0,0.0,55902.0
1000005342,20250315,2025-03-15 20:37:07,212,1,1,Buenos Aires,2469.6,1200.0,15429.6
1000005343,20250921,2025-09-21 07:47:13,504,1,1,Buenos Aires,9349.2,1200.0,55069.2
1000005344,20250204,2025-02-04 07:12:32,637,1,2,Córdoba,12946.5,1200.0,75796.5
1000005345,20241206,2024-12-06 05:47:17,485,1,3,Santa Fe,2394.0,1200.0,14994.0
1000005346,20250207,2025-02-07 15:01:09,1322,1,1,Buenos Aires,8977.5,0.0,51727.5
1000005347,20250601,2025-06-01 13:27:04,303,2,4,Mendoza,8505.0,0.0,49005.0
1000005348,20250913,2025-09-13 02:33:30,724,2,1,Buenos Aires,7560.0,0.0,43560.0
1000005349,20240411,2024-04-11 08:32:34,1086,2,1,Buenos Aires,12222.0,0.0,70422.0
1000005350,20250315,2025-03-15 20:40:44,514,2,1,Buenos Aires,8977.5,0.0,51727.5
1000005351,20240120,2024-01-20 07:20:59,1475,1,1,Buenos Aires,10395.0,900.0,60795.0
1000005352,20250515,2025-05-15 09:57:30,963,1,2,Córdoba,7408.8,1200.0,43888.8
1000005353,20240511,2024-05-11 08:34:34,330,2,3,Santa Fe,6300.0,0.0,36300.0
1000005354,20250905,2025-09-05 21:06:05,435,2,2,Córdoba,9072.0,0.0,52272.0
1000005355,20240504,2024-05-04 05:18:10,1292,1,4,Mendoza,5670.0,1200.0,33870.0
1000005356,20250402,2025-04-02 09:39:01,983,1,2,Córdoba,10332.0,900.0,60432.0
1000005357,20240612,2024-06-12 16:56:17,1235,1,2,Córdoba,8820.0,900.0,51720.0
1000005358,20240925,2024-09-25 04:04:55,788,2,4,Mendoza,7900.2,0.0,45520.2
1000005359,20240427,2024-04-27 11:43:38,786,2,4,Mendoza,3087.0,0.0,17787.0
1000005360,20240518,2024-05-18 09:46:15,1323,1,4,Mendoza,2835.0,1200.0,17535.0
1000005361,20250526,2025-05-26 05:18:47,902,2,3,Santa Fe,5191.2,0.0,29911.2
1000005362,20240117,2024-01-17 01:11:59,1220,2,3,Santa Fe,7484.4,0.0,43124.4
1000005363,20250411,2025-04-11 02:09:28,1315,2,2,Córdoba,7371.0,0.0,42471.0
1000005364,20240303,2024-03-03 13:11:11,774,1,1,Buenos Aires,4082.4,900.0,24422.4
1000005365,20250708,2025-07-08 09:14:36,454,1,1,Buenos Aires,8505.0,1500.0,50505.0
1000005366,20240827,2024-08-27 06:50:19,1309,1,1,Buenos Aires,2593.08,0.0,14941.08
1000005367,20250128,2025-01-28 23:49:31,1108,1,3,Santa Fe,16537.5,0.0,95287.5
1000005368,20250914,2025-09-14 00:14:14,596,2,3,Santa Fe,12152.7,0.0,70022.7
1000005369,20250520,2025-05-20 15:19:35,283,2,4,Mendoza,11020.59,0.0,63499.59
1000005370,20241207,2024-12-07 12:13:25,1406,1,1,Buenos Aires,4536.0,0.0,26136.0
1000005371,20240221,2024-02-21 01:51:22,382,1,1,Buenos Aires,9450.0,900.0,55350.0
1000005372,20240615,2024-06-15 06:47:07,651,2,4,Mendoza,2268.0,0.0,13068.0
1000005373,20240706,2024-07-06 01:14:20,1160,1,3,Santa Fe,2268.0,0.0,13068.0
1000005374,20250708,2025-07-08 04:02:13,414,2,2,Córdoba,2992.5,0.0,17242.5
1000005375,20250524,2025-05-24 03:50:23,323,2,3,Santa Fe,2593.08,0.0,14941.08
1000005376,20241024,2024-10-24 13:09:05,824,1,4,Mendoza,2835.0,900.0,17235.0
1000005377,20241118,2024-11-18 06:37:15,1340,1,1,Buenos Aires,13469.4,900.0,78509.4
1000005378,20250327,2025-03-27 04:53:17,40,2,3,Santa Fe,7459.2,0.0,42979.2
1000005379,20250929,2025-09-29 05:53:32,1456,1,1,Buenos Aires,8149.68,900.0,47857.68
1000005380,20250130,2025-01-30 23:45:22,680,1,2,Córdoba,2992.5,1200.0,18442.5
1000005381,20240730,2024-07-30 21:05:38,995,1,1,Buenos Aires,7182.0,0.0,41382.0
1000005382,20240106,2024-01-06 12:52:57,27,2,4,Mendoza,5670.0,0.0,32670.0
1000005383,20241121,2024-11-21 20:19:13,54,1,1,Buenos Aires,2835.0,1200.0,17535.0
1000005384,20250303,2025-03-03 12:44:33,623,1,2,Córdoba,7308.0,1200.0,43308.0
1000005385,20250209,2025-02-09 15:41:42,758,2,1,Buenos Aires,4536.0,0.0,26136.0
1000005386,20250126,2025-01-26 18:49:25,997,1,2,Córdoba,7408.8,0.0,42688.8
1000005387,20250114,2025-01-14 00:05:12,1433,1,3,Santa Fe,8694.0,0.0,50094.0
1000005388,20250830,2025-08-30 13:00:31,61,1,3,Santa Fe,8527.68,1200.0,50335.68
1000005389,20241124,2024-11-24 12:02:37,1092,1,1,Buenos Aires,8930.25,1500.0,52955.25
1000005390,20241202,2024-12-02 11:37:41,250,1,1,Buenos Aires,6300.0,0.0,36300.0
1000005391,20250801,2025-08-01 23:24:56,1043,2,1,Buenos Aires,2041.2,0.0,11761.2
1000005392,20240513,2024-05-13 10:06:29,101,1,1,Buenos Aires,6123.6,1200.0,36483.6
1000005393,20240205,2024-02-05 18:24:52,719,1,1,Buenos Aires,3087.0,900.0,18687.0
1000005394,20240822,2024-08-22 10:28:10,544,1,1,Buenos Aires,2693.25,900.0,16418.25
1000005395,20240421,2024-04-21 18:29:46,1082,1,1,Buenos Aires,14112.0,1500.0,82812.0
1000005396,20250228,2025-02-28 09:35:37,415,1,1,Buenos Aires,6804.0,1200.0,40404.0
1000005397,20240820,2024-08-20 18:49:03,1428,1,1,Buenos Aires,9248.4,1200.0,54488.4
1000005398,20250505,2025-05-05 02:46:55,322,2,2,Córdoba,7408.8,0.0,42688.8
1000005399,20250617,2025-06-17 11:48:42,124,2,3,Santa Fe,9261.0,0.0,53361.0
1000005400,20250301,2025-03-01 03:19:16,272,1,3,Santa Fe,15857.1,1500.0,92867.1
1000005401,20250702,2025-07-02 10:21:36,589,1,3,Santa Fe,14023.8,0.0,80803.8
1000005402,20240130,2024-01-30 21:30:17,505,2,2,Córdoba,15781.5,0.0,90931.5
1000005403,20250404,2025-04-04 06:43:04,1124,1,3,Santa Fe,4788.0,1200.0,28788.0
1000005404,20250528,2025-05-28 17:39:53,965,1,1,Buenos Aires,13693.05,0.0,78898.05
1000005405,20240411,2024-04-11 22:35:37,320,1,2,Córdoba,4939.2,900.0,29359.2
1000005406,20250705,2025-07-05 07:06:22,897,1,2,Córdoba,3150.0,900.0,19050.0
1000005407,20240202,2024-02-02 08:28:13,1218,2,4,Mendoza,2520.0,0.0,14520.0
1000005408,20250716,2025-07-16 00:21:00,1483,2,1,Buenos Aires,2992.5,0.0,17242.5
1000005409,20240624,2024-06-24 23:43:23,694,1,3,Santa Fe,9724.05,1200.0,57229.05
1000005410,20250530,2025-05-30 23:05:36,728,2,4,Mendoza,11570.58,0.0,66668.58
1000005411,20241128,2024-11-28 01:33:41,327,2,1,Buenos Aires,2520.0,0.0,14520.0
1000005412,20240303,2024-03-03 19:21:15,43,1,1,Buenos Aires,6237.0,900.0,36837.0
1000005413,20240320,2024-03-20 22:48:51,962,2,4,Mendoza,3395.7,0.0,19565.7
1000005414,20240530,2024-05-30 17:48:32,1417,2,3,Santa Fe,6174.0,0.0,35574.0
1000005415,20250505,2025-05-05 02:15:47,634,1,1,Buenos Aires,2593.08,1500.0,16441.08
1000005416,20241116,2024-11-16 03:12:53,1123,2,2,Córdoba,3087.0,0.0,17787.0
1000005417,20240206,2024-02-06 19:27:26,260,2,4,Mendoza,14200.2,0.0,81820.2
1000005418,20240127,2024-01-27 15:05:31,1158,1,3,Santa Fe,6804.0,0.0,39204.0
1000005419,20250802,2025-08-02 06:53:04,616,1,2,Córdoba,5985.0,1200.0,35685.0
1000005420,20250927,2025-09-27 16:30:15,838,2,3,Santa Fe,11245.5,0.0,64795.5
1000005421,20240314,2024-03-14 22:32:28,1094,2,1,Buenos Aires,7938.0,0.0,45738.0
1000005422,20240205,2024-02-05 07:17:23,594,1,1,Buenos Aires,9450.0,900.0,55350.0
1000005423,20250907,2025-09-07 07:12:19,756,1,1,Buenos Aires,9261.0,1200.0,54561.0
1000005424,20250816,2025-08-16 01:47:28,1019,2,4,Mendoza,8583.12,0.0,49455.12
1000005425,20250114,2025-01-14 14:04:21,618,2,1,Buenos Aires,13545.0,0.0,78045.0
1000005426,20240623,2024-06-23 19:29:52,75,2,3,Santa Fe,8977.5,0.0,51727.5
1000005427,20241202,2024-12-02 11:08:52,217,2,4,Mendoza,6237.0,0.0,35937.0
1000005428,20240506,2024-05-06 20:32:31,1365,2,3,Santa Fe,3395.7,0.0,19565.7
1000005429,20240921,2024-09-21 20:39:44,625,2,2,Córdoba,2513.7,0.0,14483.7
1000005430,20240823,2024-08-23 10:03:39,319,1,1,Buenos Aires,2513.7,1500.0,15983.7
1000005431,20240201,2024-02-01 10:28:48,569,1,4,Mendoza,5468.4,1500.0,33008.4
1000005432,20250224,2025-02-24 09:03:52,1469,2,4,Mendoza,7182.0,0.0,41382.0
1000005433,20240510,2024-05-10 23:29:30,1265,2,3,Santa Fe,9426.38,0.0,54313.88
1000005434,20240805,2024-08-05 03:18:52,128,2,3,Santa Fe,5985.0,0.0,34485.0
1000005435,20240928,2024-09-28 12:13:10,377,2,3,Santa Fe,12016.62,0.0,69238.62
1000005436,20250918,2025-09-18 05:30:43,1452,1,2,Córdoba,4536.0,900.0,27036.0
1000005437,20240522,2024-05-22 03:22:43,150,1,1,Buenos Aires,3241.35,1500.0,20176.35
1000005438,20240706,2024-07-06 06:25:50,236,1,1,Buenos Aires,9724.05,900.0,56929.05
1000005439,20240127,2024-01-27 21:04:13,317,1,1,Buenos Aires,4788.0,1500.0,29088.0
1000005440,20240801,2024-08-01 09:56:09,879,1,1,Buenos Aires,6174.0,1200.0,36774.0
1000005441,20241215,2024-12-15 18:25:32,445,2,4,Mendoza,5292.0,0.0,30492.0
1000005442,20240813,2024-08-13 04:59:18,924,2,3,Santa Fe,9724.05,0.0,56029.05
1000005443,20250501,2025-05-01 01:02:54,859,1,1,Buenos Aires,6804.0,1200.0,40404.0
1000005444,20240413,2024-04-13 15:34:52,218,2,3,Santa Fe,2268.0,0.0,13068.0
1000005445,20240211,2024-02-11 15:47:43,1191,2,3,Santa Fe,4445.28,0.0,25613.28
1000005446,20240321,2024-03-21 00:00:32,522,2,2,Córdoba,9442.12,0.0,54404.62
1000005447,20240611,2024-06-11 21:49:52,600,1,1,Buenos Aires,8505.0,0.0,49005.0
1000005448,20241021,2024-10-21 10:53:07,577,2,3,Santa Fe,9576.0,0.0,55176.0
1000005449,20240407,2024-04-07 17:08:31,41,2,2,Córdoba,5985.0,0.0,34485.0
1000005450,20250814,2025-08-14 20:30:22,1251,1,1,Buenos Aires,4788.0,1200.0,28788.0
1000005451,20250311,2025-03-11 02:31:49,887,2,3,Santa Fe,7587.72,0.0,43719.72
1000005452,20250503,2025-05-03 07:58:58,922,1,1,Buenos Aires,5266.8,1200.0,31546.8
1000005453,20241024,2024-10-24 11:09:11,645,2,4,Mendoza,7560.0,0.0,43560.0
1000005454,20240630,2024-06-30 14:35:36,1090,1,1,Buenos Aires,14017.5,0.0,80767.5
1000005455,20240419,2024-04-19 01:09:22,1323,2,1,Buenos Aires,2041.2,0.0,11761.2
1000005456,20240326,2024-03-26 04:13:39,591,1,4,Mendoza,11025.0,1500.0,65025.0
1000005457,20250927,2025-09-27 20:11:59,67,1,2,Córdoba,2520.0,1500.0,16020.0
1000005458,20240511,2024-05-11 18:13:25,305,1,4,Mendoza,7308.0,1500.0,43608.0
1000005459,20250901,2025-09-01 10:25:33,67,2,1,Buenos Aires,7541.1,0.0,43451.1
1000005460,20250408,2025-04-08 00:43:04,1146,1,1,Buenos Aires,5040.0,1200.0,30240.0
1000005461,20250101,2025-01-01 15:23:38,264,2,3,Santa Fe,4939.2,0.0,28459.2
1000005462,20241031,2024-10-31 12:19:29,731,1,3,Santa Fe,12852.0,900.0,74952.0
1000005463,20250619,2025-06-19 07:04:50,1236,1,3,Santa Fe,2154.6,900.0,13314.6
1000005464,20240219,2024-02-19 06:52:18,104,1,3,Santa Fe,3150.0,1200.0,19350.0
1000005465,20240822,2024-08-22 12:16:16,1164,2,1,Buenos Aires,7717.5,0.0,44467.5
1000005466,20250929,2025-09-29 00:51:13,436,1,1,Buenos Aires,8334.9,0.0,48024.9
1000005467,20250920,2025-09-20 03:13:59,399,1,1,Buenos Aires,5985.0,0.0,34485.0
1000005468,20250820,2025-08-20 08:47:25,931,1,1,Buenos Aires,9928.8,900.0,58108.8
1000005469,20240730,2024-07-30 04:18:48,1191,1,3,Santa Fe,2469.6,1200.0,15429.6
1000005470,20240717,2024-07-17 22:48:51,1235,1,1,Buenos Aires,6804.0,900.0,40104.0
1000005471,20250220,2025-02-20 22:11:10,642,1,1,Buenos Aires,7950.6,900.0,46710.6
1000005472,20250217,2025-02-17 07:23:48,38,1,4,Mendoza,10401.3,900.0,60831.3
1000005473,20240501,2024-05-01 19:03:47,858,1,1,Buenos Aires,13849.92,0.0,79801.92
1000005474,20250524,2025-05-24 07:45:26,766,1,1,Buenos Aires,2835.0,0.0,16335.0
1000005475,20240410,2024-04-10 04:35:06,88,2,4,Mendoza,2154.6,0.0,12414.6
1000005476,20250512,2025-05-12 07:53:42,358,1,1,Buenos Aires,8505.0,1200.0,50205.0
1000005477,20250825,2025-08-25 11:30:08,879,1,1,Buenos Aires,2394.0,900.0,14694.0
1000005478,20250525,2025-05-25 13:18:34,516,2,2,Córdoba,2976.75,0.0,17151.75
1000005479,20241027,2024-10-27 15:23:31,22,1,1,Buenos Aires,2835.0,1200.0,17535.0
1000005480,20240309,2024-03-09 11:33:39,376,2,1,Buenos Aires,5433.12,0.0,31305.12
1000005481,20250810,2025-08-10 02:17:21,591,2,4,Mendoza,6791.4,0.0,39131.4
1000005482,20250428,2025-04-28 01:15:59,549,1,2,Córdoba,2268.0,1200.0,14268.0
1000005483,20240416,2024-04-16 17:29:27,783,1,1,Buenos Aires,15339.24,1200.0,89583.24
1000005484,20241209,2024-12-09 04:59:25,1155,1,3,Santa Fe,2835.0,1500.0,17835.0
1000005485,20250206,2025-02-06 19:10:19,1472,1,3,Santa Fe,6300.0,900.0,37200.0
1000005486,20240401,2024-04-01 21:19:32,637,1,3,Santa Fe,2469.6,900.0,15129.6
1000005487,20240717,2024-07-17 16:27:53,372,2,2,Córdoba,5040.0,0.0,29040.0
1000005488,20250606,2025-06-06 04:34:24,664,1,1,Buenos Aires,13267.8,1200.0,77647.8
1000005489,20240816,2024-08-16 21:51:39,164,1,2,Córdoba,2520.0,1200.0,15720.0
1000005490,20250621,2025-06-21 03:48:52,1062,2,1,Buenos Aires,10930.5,0.0,62980.5
1000005491,20240625,2024-06-25 10:35:26,990,1,1,Buenos Aires,8505.0,1200.0,50205.0
1000005492,20250206,2025-02-06 10:41:10,708,2,2,Córdoba,8505.0,0.0,49005.0
1000005493,20250428,2025-04-28 14:35:59,1117,1,2,Córdoba,7560.0,900.0,44460.0
1000005494,20241102,2024-11-02 09:05:18,1484,1,1,Buenos Aires,4536.0,900.0,27036.0
1000005495,20250528,2025-05-28 06:32:18,732,2,1,Buenos Aires,7541.1,0.0,43451.1
1000005496,20250602,2025-06-02 14:39:09,393,1,1,Buenos Aires,6804.0,1200.0,40404.0
1000005497,20241216,2024-12-16 13:36:04,1403,1,1,Buenos Aires,2520.0,1200.0,15720.0
1000005498,20250902,2025-09-02 23:09:10,826,2,4,Mendoza,5843.25,0.0,33668.25
1000005499,20240117,2024-01-17 23:15:24,1034,1,1,Buenos Aires,9355.5,1500.0,55405.5
1000005500,20240828,2024-08-28 10:36:28,1132,2,1,Buenos Aires,4939.2,0.0,28459.2
1000005501,20241215,2024-12-15 11:16:49,985,2,1,Buenos Aires,2992.5,0.0,17242.5
1000005502,20240630,2024-06-30 22:36:50,665,2,1,Buenos Aires,3241.35,0.0,18676.35
1000005503,20250913,2025-09-13 11:26:10,1123,1,2,Córdoba,2520.0,0.0,14520.0
1000005504,20240603,2024-06-03 00:53:35,784,1,4,Mendoza,6300.0,1200.0,37500.0
1000005505,20250516,2025-05-16 00:02:27,602,2,4,Mendoza,2835.0,0.0,16335.0
1000005506,20240408,2024-04-08 11:03:31,1059,2,4,Mendoza,19183.5,0.0,110533.5
1000005507,20240819,2024-08-19 15:05:50,1215,1,1,Buenos Aires,7541.1,900.0,44351.1
1000005508,20240421,2024-04-21 23:34:58,429,2,2,Córdoba,5670.0,0.0,32670.0
1000005509,20241210,2024-12-10 17:32:57,631,2,2,Córdoba,9426.38,0.0,54313.88
1000005510,20250625,2025-06-25 17:25:55,372,1,1,Buenos Aires,5040.0,1200.0,30240.0
1000005511,20250320,2025-03-20 19:31:00,32,2,4,Mendoza,2992.5,0.0,17242.5
1000005512,20240820,2024-08-20 01:55:06,277,1,1,Buenos Aires,2268.0,1200.0,14268.0
1000005513,20250924,2025-09-24 09:13:14,243,2,3,Santa Fe,2992.5,0.0,17242.5
1000005514,20240707,2024-07-07 11:17:43,693,2,2,Córdoba,8505.0,0.0,49005.0
1000005515,20241123,2024-11-23 14:33:11,1241,2,1,Buenos Aires,20742.75,0.0,119517.75
1000005516,20250930,2025-09-30 13:56:00,536,1,1,Buenos Aires,3087.0,1500.0,19287.0
1000005517,20240722,2024-07-22 02:05:48,1302,1,4,Mendoza,13667.85,0.0,78752.85
1000005518,20250610,2025-06-10 16:46:05,1179,2,4,Mendoza,5386.5,0.0,31036.5
1000005519,20250410,2025-04-10 07:33:53,444,2,2,Córdoba,4939.2,0.0,28459.2
1000005520,20240420,2024-04-20 03:03:17,993,1,1,Buenos Aires,14968.8,1500.0,87748.8
1000005521,20250920,2025-09-20 18:14:37,939,1,1,Buenos Aires,8079.75,1200.0,47754.75
1000005522,20240519,2024-05-19 03:38:11,502,1,1,Buenos Aires,13570.2,1200.0,79390.2
1000005523,20240729,2024-07-29 05:02:33,22,1,3,Santa Fe,2693.25,0.0,15518.25
1000005524,20250826,2025-08-26 12:51:50,856,1,1,Buenos Aires,3465.0,900.0,20865.0
1000005525,20250514,2025-05-14 13:44:01,1436,2,2,Córdoba,5113.08,0.0,29461.08
1000005526,20240102,2024-01-02 01:01:50,1335,1,3,Santa Fe,2268.0,1200.0,14268.0
1000005527,20250315,2025-03-15 10:18:07,856,2,1,Buenos Aires,9261.0,0.0,53361.0
1000005528,20240127,2024-01-27 02:31:06,325,1,1,Buenos Aires,2513.7,1200.0,15683.7
1000005529,20240706,2024-07-06 04:14:30,229,1,3,Santa Fe,12814.2,0.0,73834.2
1000005530,20250108,2025-01-08 19:01:25,357,2,2,Córdoba,5985.0,0.0,34485.0
1000005531,20240129,2024-01-29 18:56:47,29,2,4,Mendoza,7938.0,0.0,45738.0
1000005532,20250228,2025-02-28 02:28:09,306,2,1,Buenos Aires,9450.0,0.0,54450.0
1000005533,20250225,2025-02-25 04:07:50,710,1,2,Córdoba,5670.0,0.0,32670.0
1000005534,20250828,2025-08-28 21:56:01,11,2,3,Santa Fe,7779.24,0.0,44823.24
1000005535,20250521,2025-05-21 15:31:11,785,1,1,Buenos Aires,14423.85,0.0,83108.85
1000005536,20250819,2025-08-19 14:04:29,691,1,1,Buenos Aires,12064.5,900.0,70414.5
1000005537,20241120,2024-11-20 21:58:11,640,2,1,Buenos Aires,7786.8,0.0,44866.8
1000005538,20240920,2024-09-20 21:20:30,937,1,1,Buenos Aires,9261.0,1500.0,54861.0
1000005539,20250315,2025-03-15 13:36:45,1479,2,2,Córdoba,8757.0,0.0,50457.0
1000005540,20240702,2024-07-02 16:45:51,365,1,2,Córdoba,3307.5,1200.0,20257.5
1000005541,20241123,2024-11-23 14:27:09,719,1,1,Buenos Aires,13041.0,1500.0,76641.0
1000005542,20250506,2025-05-06 22:10:29,455,1,1,Buenos Aires,9755.55,1200.0,57410.55
1000005543,20250412,2025-04-12 15:56:55,1347,2,3,Santa Fe,4788.0,0.0,27588.0
1000005544,20250424,2025-04-24 08:28:25,244,1,3,Santa Fe,2268.0,900.0,13968.0
1000005545,20240107,2024-01-07 21:52:10,1456,2,4,Mendoza,2222.64,0.0,12806.64
1000005546,20240430,2024-04-30 14:09:07,44,1,2,Córdoba,4082.4,1500.0,25022.4
1000005547,20241130,2024-11-30 04:07:03,993,1,4,Mendoza,6482.7,1500.0,38852.7
1000005548,20250418,2025-04-18 04:11:17,1358,2,1,Buenos Aires,5985.0,0.0,34485.0
1000005549,20240901,2024-09-01 03:53:26,1103,2,4,Mendoza,2693.25,0.0,15518.25
1000005550,20240303,2024-03-03 09:02:38,1147,1,1,Buenos Aires,9450.0,900.0,55350.0
1000005551,20250913,2025-09-13 02:39:40,882,1,1,Buenos Aires,13545.0,1200.0,79245.0
1000005552,20240702,2024-07-02 00:15:09,1324,2,4,Mendoza,9371.25,0.0,53996.25
1000005553,20250806,2025-08-06 14:08:21,1102,1,1,Buenos Aires,5040.0,0.0,29040.0
1000005554,20250224,2025-02-24 01:42:24,547,2,3,Santa Fe,4939.2,0.0,28459.2
1000005555,20240314,2024-03-14 00:22:05,833,2,1,Buenos Aires,4939.2,0.0,28459.2
1000005556,20240219,2024-02-19 06:01:50,1481,1,2,Córdoba,2041.2,1200.0,12961.2
1000005557,20240401,2024-04-01 09:04:16,51,1,1,Buenos Aires,6174.0,900.0,36474.0
1000005558,20240712,2024-07-12 01:56:40,1234,1,4,Mendoza,2593.08,900.0,15841.08
1000005559,20241005,2024-10-05 23:51:22,378,2,4,Mendoza,2268.0,0.0,13068.0
1000005560,20250109,2025-01-09 10:00:09,1210,2,1,Buenos Aires,6237.0,0.0,35937.0
1000005561,20240612,2024-06-12 21:58:48,861,1,1,Buenos Aires,2268.0,900.0,13968.0
1000005562,20250503,2025-05-03 10:18:45,861,1,1,Buenos Aires,2778.3,1500.0,17508.3
1000005563,20250826,2025-08-26 15:40:07,389,2,4,Mendoza,5040.0,0.0,29040.0
1000005564,20240218,2024-02-18 15:20:21,882,2,2,Córdoba,4536.0,0.0,26136.0
1000005565,20240610,2024-06-10 10:54:08,576,1,3,Santa Fe,8263.08,1200.0,48811.08
1000005566,20240528,2024-05-28 07:26:42,1333,1,1,Buenos Aires,2268.0,900.0,13968.0
1000005567,20250806,2025-08-06 07:51:49,537,2,2,Córdoba,3150.0,0.0,18150.0
1000005568,20240106,2024-01-06 06:40:47,825,1,1,Buenos Aires,2394.0,0.0,13794.0
1000005569,20241114,2024-11-14 01:27:33,243,2,3,Santa Fe,2469.6,0.0,14229.6
1000005570,20240715,2024-07-15 18:23:46,233,2,4,Mendoza,18711.0,0.0,107811.0
1000005571,20250419,2025-04-19 10:21:53,384,1,1,Buenos Aires,8977.5,0.0,51727.5
1000005572,20250927,2025-09-27 23:31:23,204,2,4,Mendoza,7144.2,0.0,41164.2
1000005573,20250331,2025-03-31 06:53:45,1272,1,1,Buenos Aires,9450.0,1200.0,55650.0
1000005574,20240418,2024-04-18 12:43:39,1468,2,1,Buenos Aires,6804.0,0.0,39204.0
1000005575,20240312,2024-03-12 15:43:07,1326,2,3,Santa Fe,4939.2,0.0,28459.2
1000005576,20250329,2025-03-29 15:48:01,141,1,3,Santa Fe,5186.16,0.0,29882.16
1000005577,20240731,2024-07-31 22:55:12,746,1,2,Córdoba,9426.38,900.0,55213.88
1000005578,20240707,2024-07-07 23:15:31,1479,2,2,Córdoba,8334.9,0.0,48024.9
1000005579,20250805,2025-08-05 08:15:12,328,2,3,Santa Fe,10332.0,0.0,59532.0
1000005580,20250428,2025-04-28 03:10:47,276,1,1,Buenos Aires,5670.0,1200.0,33870.0
1000005581,20241222,2024-12-22 04:20:49,974,2,4,Mendoza,10804.5,0.0,62254.5
1000005582,20241220,2024-12-20 21:29:30,653,2,2,Córdoba,2268.0,0.0,13068.0
1000005583,20240211,2024-02-11 10:51:50,993,1,1,Buenos Aires,9979.2,900.0,58399.2
1000005584,20250304,2025-03-04 15:24:47,159,1,1,Buenos Aires,5544.0,1500.0,33444.0
1000005585,20240217,2024-02-17 04:58:11,1451,1,1,Buenos Aires,4863.6,900.0,28923.6
1000005586,20241225,2024-12-25 09:04:14,866,2,4,Mendoza,3087.0,0.0,17787.0
1000005587,20240723,2024-07-23 00:02:32,88,1,1,Buenos Aires,5292.0,0.0,30492.0
1000005588,20240818,2024-08-18 11:52:00,994,2,3,Santa Fe,3241.35,0.0,18676.35
1000005589,20241003,2024-10-03 07:17:17,1015,1,2,Córdoba,10301.76,900.0,60257.76
1000005590,20240727,2024-07-27 22:06:39,1351,1,1,Buenos Aires,4788.0,900.0,28488.0
1000005591,20240513,2024-05-13 15:36:51,304,1,2,Córdoba,7541.1,1200.0,44651.1
1000005592,20240406,2024-04-06 00:08:19,925,2,3,Santa Fe,6237.0,0.0,35937.0
1000005593,20250610,2025-06-10 09:57:42,283,2,4,Mendoza,10010.7,0.0,57680.7
1000005594,20240402,2024-04-02 08:43:21,1061,1,4,Mendoza,9724.05,900.0,56929.05
1000005595,20250217,2025-02-17 03:58:35,429,1,3,Santa Fe,3087.0,900.0,18687.0
1000005596,20250303,2025-03-03 19:39:56,705,1,4,Mendoza,2268.0,900.0,13968.0
1000005597,20241019,2024-10-19 01:28:16,516,1,1,Buenos Aires,3087.0,0.0,17787.0
1000005598,20241205,2024-12-05 21:16:17,978,1,1,Buenos Aires,9724.05,0.0,56029.05
1000005599,20241121,2024-11-21 12:14:52,332,1,2,Córdoba,3291.75,900.0,19866.75
1000005600,20241203,2024-12-03 13:10:45,43,2,3,Santa Fe,12852.0,0.0,74052.0
1000005601,20250422,2025-04-22 15:07:05,853,1,3,Santa Fe,2154.6,1500.0,13914.6
1000005602,20250422,2025-04-22 07:07:48,209,2,4,Mendoza,3241.35,0.0,18676.35
1000005603,20240415,2024-04-15 04:56:13,1476,1,3,Santa Fe,3150.0,1200.0,19350.0
1000005604,20240304,2024-03-04 19:23:20,1331,1,1,Buenos Aires,8996.4,1500.0,53336.4
1000005605,20250304,2025-03-04 06:56:26,1400,2,3,Santa Fe,7408.8,0.0,42688.8
1000005606,20240410,2024-04-10 21:53:09,248,1,1,Buenos Aires,2394.0,0.0,13794.0
1000005607,20240917,2024-09-17 22:41:04,1105,1,2,Córdoba,9450.0,1500.0,55950.0
1000005608,20240414,2024-04-14 23:46:40,543,2,1,Buenos Aires,2520.0,0.0,14520.0
1000005609,20250126,2025-01-26 15:10:20,1452,2,2,Córdoba,14820.75,0.0,85395.75
1000005610,20250928,2025-09-28 13:55:22,483,1,2,Córdoba,2992.5,1200.0,18442.5
1000005611,20241029,2024-10-29 04:15:31,135,2,2,Córdoba,16443.0,0.0,94743.0
1000005612,20250708,2025-07-08 10:45:06,1462,1,4,Mendoza,5953.5,1500.0,35803.5
1000005613,20250526,2025-05-26 21:12:25,1149,1,1,Buenos Aires,5355.0,900.0,31755.0
1000005614,20240824,2024-08-24 07:11:34,1485,2,2,Córdoba,2513.7,0.0,14483.7
1000005615,20240705,2024-07-05 01:04:00,905,1,4,Mendoza,13797.0,1200.0,80697.0
1000005616,20250416,2025-04-16 22:01:05,1236,2,1,Buenos Aires,9478.35,0.0,54613.35
1000005617,20250712,2025-07-12 00:27:55,176,1,1,Buenos Aires,2394.0,1200.0,14994.0
1000005618,20250404,2025-04-04 05:54:45,1319,2,3,Santa Fe,17104.5,0.0,98554.5
1000005619,20240727,2024-07-27 06:19:42,1386,1,1,Buenos Aires,10294.2,1500.0,60814.2
1000005620,20240309,2024-03-09 09:02:26,121,1,4,Mendoza,8618.4,1500.0,51158.4
1000005621,20250819,2025-08-19 09:12:31,954,1,1,Buenos Aires,6804.0,1500.0,40704.0
1000005622,20250813,2025-08-13 15:48:52,90,1,1,Buenos Aires,15841.35,1500.0,92776.35
1000005623,20250904,2025-09-04 18:47:47,347,1,1,Buenos Aires,4082.4,900.0,24422.4
1000005624,20241005,2024-10-05 10:30:33,1486,1,1,Buenos Aires,4309.2,900.0,25729.2
1000005625,20240422,2024-04-22 15:26:14,223,1,1,Buenos Aires,3150.0,900.0,19050.0
1000005626,20250713,2025-07-13 06:17:27,749,2,2,Córdoba,8505.0,0.0,49005.0
1000005627,20240403,2024-04-03 18:43:31,1199,2,2,Córdoba,14742.0,0.0,84942.0
1000005628,20250919,2025-09-19 18:11:14,58,1,4,Mendoza,10395.0,1500.0,61395.0
1000005629,20241231,2024-12-31 05:40:16,78,2,2,Córdoba,12819.24,0.0,73863.24
1000005630,20250307,2025-03-07 01:38:52,888,1,1,Buenos Aires,2633.4,1200.0,16373.4
1000005631,20241229,2024-12-29 05:44:41,1472,2,4,Mendoza,7654.5,0.0,44104.5
1000005632,20250826,2025-08-26 22:47:04,1477,1,2,Córdoba,13916.7,1200.0,81386.7
1000005633,20241016,2024-10-16 00:23:05,1104,1,4,Mendoza,5481.0,1200.0,32781.0
1000005634,20241121,2024-11-21 07:50:05,1241,2,4,Mendoza,7408.8,0.0,42688.8
1000005635,20250609,2025-06-09 16:06:04,715,1,1,Buenos Aires,9828.0,900.0,57528.0
1000005636,20241206,2024-12-06 12:20:44,1295,1,3,Santa Fe,7560.0,900.0,44460.0
1000005637,20250629,2025-06-29 16:10:34,1237,2,3,Santa Fe,20525.4,0.0,118265.4
1000005638,20250521,2025-05-21 06:30:26,1202,1,1,Buenos Aires,9298.8,1200.0,54778.8
1000005639,20241122,2024-11-22 15:59:12,1014,2,1,Buenos Aires,6300.0,0.0,36300.0
1000005640,20240128,2024-01-28 12:50:14,701,2,3,Santa Fe,14597.1,0.0,84107.1
1000005641,20240719,2024-07-19 01:25:35,232,1,1,Buenos Aires,2268.0,0.0,13068.0
1000005642,20240911,2024-09-11 13:55:17,812,2,1,Buenos Aires,2633.4,0.0,15173.4
1000005643,20250814,2025-08-14 12:32:51,1322,1,2,Córdoba,7408.8,1200.0,43888.8
1000005644,20240310,2024-03-10 04:46:17,1443,1,1,Buenos Aires,6583.5,900.0,38833.5
1000005645,20240516,2024-05-16 22:07:57,1047,1,1,Buenos Aires,10344.6,900.0,60504.6
1000005646,20240325,2024-03-25 00:19:13,669,1,1,Buenos Aires,5777.1,1200.0,34487.1
1000005647,20250502,2025-05-02 09:44:48,23,1,1,Buenos Aires,4536.0,900.0,27036.0
1000005648,20240725,2024-07-25 23:49:16,1163,1,1,Buenos Aires,8977.5,900.0,52627.5
1000005649,20240420,2024-04-20 09:19:19,97,2,3,Santa Fe,2394.0,0.0,13794.0
1000005650,20250805,2025-08-05 16:44:56,366,1,1,Buenos Aires,14301.0,1200.0,83601.0
1000005651,20250810,2025-08-10 07:38:31,429,1,2,Córdoba,2394.0,900.0,14694.0
1000005652,20240719,2024-07-19 21:32:47,524,2,1,Buenos Aires,9928.8,0.0,57208.8
1000005653,20250605,2025-06-05 19:22:25,1313,2,2,Córdoba,5103.0,0.0,29403.0
1000005654,20240118,2024-01-18 04:19:01,456,1,1,Buenos Aires,6667.92,0.0,38419.92
1000005655,20240330,2024-03-30 19:10:13,291,1,1,Buenos Aires,4914.0,900.0,29214.0
1000005656,20241115,2024-11-15 17:42:26,1359,1,1,Buenos Aires,2268.0,1200.0,14268.0
1000005657,20241008,2024-10-08 03:12:51,685,2,2,Córdoba,5985.0,0.0,34485.0
1000005658,20250315,2025-03-15 18:10:54,1370,2,4,Mendoza,15309.0,0.0,88209.0
1000005659,20241024,2024-10-24 08:42:45,350,2,2,Córdoba,5556.6,0.0,32016.6
1000005660,20240223,2024-02-23 00:48:28,1135,1,2,Córdoba,13513.5,900.0,78763.5
1000005661,20250709,2025-07-09 12:00:02,17,1,3,Santa Fe,8851.5,1200.0,52201.5
1000005662,20250304,2025-03-04 00:07:59,208,2,3,Santa Fe,5985.0,0.0,34485.0
1000005663,20250521,2025-05-21 00:36:20,511,2,4,Mendoza,15006.6,0.0,86466.6
1000005664,20240405,2024-04-05 19:07:07,951,1,1,Buenos Aires,2551.5,0.0,14701.5
1000005665,20240130,2024-01-30 06:10:15,43,1,2,Córdoba,7257.6,1500.0,43317.6
1000005666,20240720,2024-07-20 03:31:10,1435,1,3,Santa Fe,6237.0,1500.0,37437.0
1000005667,20250405,2025-04-05 15:53:24,748,2,2,Córdoba,5103.0,0.0,29403.0
1000005668,20250905,2025-09-05 11:02:02,542,1,1,Buenos Aires,6300.0,0.0,36300.0
1000005669,20250322,2025-03-22 15:39:29,430,1,1,Buenos Aires,14962.5,1500.0,87712.5
1000005670,20250124,2025-01-24 06:04:54,7,2,4,Mendoza,9198.0,0.0,52998.0
1000005671,20250124,2025-01-24 09:37:53,1447,1,1,Buenos Aires,5433.12,900.0,32205.12
1000005672,20250322,2025-03-22 04:35:06,426,2,2,Córdoba,4536.0,0.0,26136.0
1000005673,20240322,2024-03-22 20:03:44,1248,2,3,Santa Fe,4939.2,0.0,28459.2
1000005674,20250206,2025-02-06 09:00:50,246,1,1,Buenos Aires,8977.5,0.0,51727.5
1000005675,20240331,2024-03-31 05:55:46,665,1,2,Córdoba,2394.0,900.0,14694.0
1000005676,20250617,2025-06-17 08:05:54,337,2,1,Buenos Aires,8505.0,0.0,49005.0
1000005677,20240603,2024-06-03 03:04:46,602,1,3,Santa Fe,14042.7,0.0,80912.7
1000005678,20250606,2025-06-06 16:27:00,118,1,1,Buenos Aires,11781.0,0.0,67881.0
1000005679,20250524,2025-05-24 18:38:03,119,2,3,Santa Fe,12127.5,0.0,69877.5
1000005680,20250319,2025-03-19 15:21:07,996,1,1,Buenos Aires,4762.8,1500.0,28942.8
1000005681,20250816,2025-08-16 11:34:55,143,2,4,Mendoza,7182.0,0.0,41382.0
1000005682,20241123,2024-11-23 09:16:45,191,1,1,Buenos Aires,9450.0,0.0,54450.0
1000005683,20241102,2024-11-02 02:13:09,616,1,2,Córdoba,2268.0,1500.0,14568.0
1000005684,20240531,2024-05-31 12:41:56,758,2,1,Buenos Aires,8379.0,0.0,48279.0
1000005685,20241126,2024-11-26 19:28:04,605,1,1,Buenos Aires,9450.0,900.0,55350.0
1000005686,20240108,2024-01-08 19:18:46,1038,1,1,Buenos Aires,6804.0,0.0,39204.0
1000005687,20240731,2024-07-31 22:25:54,754,1,2,Córdoba,4939.2,900.0,29359.2
1000005688,20240515,2024-05-15 16:12:31,273,1,1,Buenos Aires,2268.0,900.0,13968.0
1000005689,20240731,2024-07-31 02:32:09,466,2,1,Buenos Aires,8328.6,0.0,47988.6
1000005690,20250716,2025-07-16 17:51:09,1246,2,1,Buenos Aires,4788.0,0.0,27588.0
1000005691,20250111,2025-01-11 20:43:15,706,2,4,Mendoza,2976.75,0.0,17151.75
1000005692,20250819,2025-08-19 03:19:51,1196,1,2,Córdoba,2394.0,0.0,13794.0
1000005693,20240721,2024-07-21 15:36:16,1375,1,1,Buenos Aires,4536.0,900.0,27036.0
1000005694,20240512,2024-05-12 12:23:24,6,2,3,Santa Fe,12656.7,0.0,72926.7
1000005695,20240219,2024-02-19 13:06:11,729,2,4,Mendoza,2268.0,0.0,13068.0
1000005696,20241012,2024-10-12 13:19:18,1222,2,1,Buenos Aires,11214.0,0.0,64614.0
1000005697,20241108,2024-11-08 07:11:54,1493,1,1,Buenos Aires,2394.0,1200.0,14994.0
1000005698,20250211,2025-02-11 12:15:43,166,1,1,Buenos Aires,2593.08,900.0,15841.08
1000005699,20250525,2025-05-25 02:17:08,1056,1,1,Buenos Aires,5544.0,1200.0,33144.0
1000005700,20240802,2024-08-02 10:34:57,1278,1,1,Buenos Aires,10168.2,1200.0,59788.2
1000005701,20250117,2025-01-17 15:17:44,681,2,4,Mendoza,7938.0,0.0,45738.0
1000005702,20240101,2024-01-01 16:42:49,1042,2,2,Córdoba,3150.0,0.0,18150.0
1000005703,20240609,2024-06-09 00:40:16,1013,1,4,Mendoza,2154.6,900.0,13314.6
1000005704,20241011,2024-10-11 07:08:23,1392,2,2,Córdoba,2154.6,0.0,12414.6
1000005705,20241115,2024-11-15 05:05:55,175,2,2,Córdoba,13582.8,0.0,78262.8
1000005706,20240817,2024-08-17 11:39:46,1434,1,1,Buenos Aires,9072.0,900.0,53172.0
1000005707,20250719,2025-07-19 17:39:37,795,2,4,Mendoza,12096.0,0.0,69696.0
1000005708,20250318,2025-03-18 04:17:26,919,1,2,Córdoba,7182.0,900.0,42282.0
1000005709,20240301,2024-03-01 12:40:56,297,1,1,Buenos Aires,4445.28,1200.0,26813.28
1000005710,20250627,2025-06-27 11:58:00,530,1,3,Santa Fe,4082.4,1200.0,24722.4
1000005711,20241206,2024-12-06 22:31:34,608,2,2,Córdoba,8977.5,0.0,51727.5
1000005712,20240711,2024-07-11 02:53:44,574,1,2,Córdoba,5040.0,1200.0,30240.0
1000005713,20250206,2025-02-06 03:48:37,781,1,2,Córdoba,8643.6,1200.0,51003.6
1000005714,20250502,2025-05-02 05:41:01,1019,1,1,Buenos Aires,6667.92,900.0,39319.92
1000005715,20240407,2024-04-07 12:35:54,956,1,1,Buenos Aires,7484.4,0.0,43124.4
1000005716,20240110,2024-01-10 20:45:24,1306,2,3,Santa Fe,14536.62,0.0,83758.62
1000005717,20250826,2025-08-26 01:13:01,1382,2,4,Mendoza,9922.5,0.0,57172.5
1000005718,20250526,2025-05-26 12:56:06,763,1,1,Buenos Aires,5670.0,900.0,33570.0
1000005719,20250919,2025-09-19 12:33:06,1090,1,1,Buenos Aires,5670.0,1200.0,33870.0
1000005720,20241206,2024-12-06 02:24:11,743,2,2,Córdoba,9815.4,0.0,56555.4
1000005721,20250909,2025-09-09 22:29:43,319,2,1,Buenos Aires,4939.2,0.0,28459.2
1000005722,20241113,2024-11-13 22:31:07,782,1,1,Buenos Aires,6829.2,0.0,39349.2
1000005723,20240916,2024-09-16 15:14:36,799,2,2,Córdoba,5266.8,0.0,30346.8
1000005724,20240716,2024-07-16 08:56:16,870,2,4,Mendoza,7408.8,0.0,42688.8
1000005725,20241121,2024-11-21 10:17:19,794,1,2,Córdoba,4939.2,1200.0,29659.2
1000005726,20240428,2024-04-28 19:35:19,1244,1,1,Buenos Aires,7560.0,900.0,44460.0
1000005727,20240106,2024-01-06 20:36:00,75,1,1,Buenos Aires,7232.4,1500.0,43172.4
1000005728,20240310,2024-03-10 11:21:15,576,1,1,Buenos Aires,8505.0,1200.0,50205.0
1000005729,20240831,2024-08-31 20:39:42,1326,1,1,Buenos Aires,4536.0,900.0,27036.0
1000005730,20241206,2024-12-06 23:43:00,731,1,4,Mendoza,6463.8,900.0,38143.8
1000005731,20240510,2024-05-10 11:46:59,1387,2,3,Santa Fe,6804.0,0.0,39204.0
1000005732,20240325,2024-03-25 16:01:26,1112,1,3,Santa Fe,2992.5,1200.0,18442.5
1000005733,20240110,2024-01-10 10:40:43,13,1,2,Córdoba,7779.24,1500.0,46323.24
1000005734,20240803,2024-08-03 13:59:00,297,1,1,Buenos Aires,8095.5,1200.0,47845.5
1000005735,20240223,2024-02-23 02:49:34,974,2,3,Santa Fe,6804.0,0.0,39204.0
1000005736,20240815,2024-08-15 10:58:15,1387,2,2,Córdoba,5433.12,0.0,31305.12
1000005737,20250406,2025-04-06 03:48:57,39,1,3,Santa Fe,13167.0,1500.0,77367.0
1000005738,20240816,2024-08-16 10:01:49,192,1,1,Buenos Aires,6079.5,900.0,35929.5
1000005739,20250719,2025-07-19 20:13:59,541,1,1,Buenos Aires,2394.0,900.0,14694.0
1000005740,20250831,2025-08-31 23:46:42,1297,1,1,Buenos Aires,7560.0,900.0,44460.0
1000005741,20250105,2025-01-05 23:47:31,1389,1,1,Buenos Aires,8001.0,1500.0,47601.0
1000005742,20250806,2025-08-06 14:40:40,1462,1,1,Buenos Aires,3241.35,1500.0,20176.35
1000005743,20250105,2025-01-05 06:17:21,1406,1,1,Buenos Aires,6791.4,900.0,40031.4
1000005744,20241205,2024-12-05 03:40:45,1060,2,1,Buenos Aires,5575.5,0.0,32125.5
1000005745,20240901,2024-09-01 04:42:04,973,2,3,Santa Fe,8977.5,0.0,51727.5
1000005746,20240811,2024-08-11 18:04:29,523,1,1,Buenos Aires,4788.0,900.0,28488.0
1000005747,20240710,2024-07-10 22:18:16,1079,2,2,Córdoba,12685.68,0.0,73093.68
1000005748,20250525,2025-05-25 12:03:25,451,1,1,Buenos Aires,18783.45,900.0,109128.45
1000005749,20240322,2024-03-22 14:17:21,210,1,1,Buenos Aires,5556.6,1500.0,33516.6
1000005750,20241111,2024-11-11 20:52:39,273,1,2,Córdoba,4536.0,1200.0,27336.0
1000005751,20240609,2024-06-09 18:57:45,194,1,2,Córdoba,2992.5,0.0,17242.5
1000005752,20240912,2024-09-12 12:26:03,825,1,1,Buenos Aires,5027.4,900.0,29867.4
1000005753,20250405,2025-04-05 08:50:20,1358,2,1,Buenos Aires,2469.6,0.0,14229.6
1000005754,20250307,2025-03-07 13:46:25,967,1,1,Buenos Aires,7484.4,1200.0,44324.4
1000005755,20240808,2024-08-08 11:59:55,1377,1,2,Córdoba,15120.0,0.0,87120.0
1000005756,20240405,2024-04-05 13:46:37,573,2,4,Mendoza,6804.0,0.0,39204.0
1000005757,20240525,2024-05-25 20:49:13,1148,2,1,Buenos Aires,7623.0,0.0,43923.0
1000005758,20250626,2025-06-26 21:03:30,1274,2,4,Mendoza,7182.0,0.0,41382.0
1000005759,20240701,2024-07-01 01:46:19,147,2,4,Mendoza,2513.7,0.0,14483.7
1000005760,20240224,2024-02-24 10:46:39,1119,2,1,Buenos Aires,2469.6,0.0,14229.6
1000005761,20241211,2024-12-11 18:46:40,958,1,1,Buenos Aires,2268.0,1500.0,14568.0
1000005762,20250105,2025-01-05 04:23:05,1006,2,4,Mendoza,7182.0,0.0,41382.0
1000005763,20250405,2025-04-05 14:25:03,752,1,3,Santa Fe,7280.28,1200.0,43148.28
1000005764,20250724,2025-07-24 00:21:27,689,1,1,Buenos Aires,6804.0,0.0,39204.0
1000005765,20241124,2024-11-24 13:29:09,931,2,1,Buenos Aires,8870.4,0.0,51110.4
1000005766,20240607,2024-06-07 07:25:13,853,1,2,Córdoba,7560.0,1200.0,44760.0
1000005767,20250902,2025-09-02 18:21:10,1451,1,2,Córdoba,2268.0,0.0,13068.0
1000005768,20250326,2025-03-26 20:59:40,1045,1,3,Santa Fe,9355.5,1200.0,55105.5
1000005769,20240101,2024-01-01 18:20:27,349,1,1,Buenos Aires,3087.0,1200.0,18987.0
1000005770,20241026,2024-10-26 05:14:08,855,1,1,Buenos Aires,6300.0,900.0,37200.0
1000005771,20240116,2024-01-16 08:24:37,381,1,2,Córdoba,9450.0,900.0,55350.0
1000005772,20250905,2025-09-05 15:58:29,1336,1,1,Buenos Aires,5040.0,900.0,29940.0
1000005773,20250209,2025-02-09 15:21:29,209,1,1,Buenos Aires,6804.0,1500.0,40704.0
1000005774,20241122,2024-11-22 10:26:51,233,1,1,Buenos Aires,2394.0,1200.0,14994.0
1000005775,20250718,2025-07-18 18:30:05,398,2,1,Buenos Aires,4989.6,0.0,28749.6
1000005776,20241004,2024-10-04 16:39:20,154,2,3,Santa Fe,4939.2,0.0,28459.2
1000005777,20250403,2025-04-03 11:55:04,136,1,1,Buenos Aires,8442.0,0.0,48642.0
1000005778,20250810,2025-08-10 02:18:53,149,2,4,Mendoza,2520.0,0.0,14520.0
1000005779,20240427,2024-04-27 09:42:54,649,2,3,Santa Fe,2646.0,0.0,15246.0
1000005780,20250918,2025-09-18 17:09:22,680,1,2,Córdoba,4536.0,900.0,27036.0
1000005781,20240701,2024-07-01 17:52:59,98,1,1,Buenos Aires,3307.5,1500.0,20557.5
1000005782,20241019,2024-10-19 08:47:10,142,2,4,Mendoza,5789.7,0.0,33359.7
1000005783,20240601,2024-06-01 04:23:42,864,2,1,Buenos Aires,4536.0,0.0,26136.0
1000005784,20250116,2025-01-16 17:18:50,953,1,4,Mendoza,2520.0,1200.0,15720.0
1000005785,20240928,2024-09-28 18:06:21,1355,1,3,Santa Fe,4788.0,900.0,28488.0
1000005786,20240505,2024-05-05 00:46:25,610,1,2,Córdoba,2469.6,1200.0,15429.6
1000005787,20250121,2025-01-21 05:25:51,536,2,3,Santa Fe,2394.0,0.0,13794.0
1000005788,20250407,2025-04-07 18:14:20,361,1,2,Córdoba,5040.0,1200.0,30240.0
1000005789,20240117,2024-01-17 18:27:33,1339,1,2,Córdoba,13104.0,900.0,76404.0
1000005790,20250607,2025-06-07 13:41:36,765,1,2,Córdoba,2469.6,1200.0,15429.6
1000005791,20240810,2024-08-10 01:47:06,612,2,2,Córdoba,2593.08,0.0,14941.08
1000005792,20250912,2025-09-12 15:07:35,1078,1,1,Buenos Aires,2520.0,900.0,15420.0
1000005793,20250401,2025-04-01 21:56:20,1469,1,1,Buenos Aires,15545.25,1200.0,90770.25
1000005794,20250602,2025-06-02 08:51:08,849,2,2,Córdoba,6804.0,0.0,39204.0
1000005795,20250807,2025-08-07 22:21:27,222,1,2,Córdoba,9261.0,1200.0,54561.0
1000005796,20240910,2024-09-10 12:35:07,972,1,3,Santa Fe,5670.0,1200.0,33870.0
1000005797,20240125,2024-01-25 15:14:36,332,1,2,Córdoba,7580.16,900.0,44576.16
1000005798,20240714,2024-07-14 00:12:12,1333,1,2,Córdoba,8079.75,1200.0,47754.75
1000005799,20240809,2024-08-09 14:03:59,1209,1,2,Córdoba,6804.0,1500.0,40704.0
1000005800,20240201,2024-02-01 02:11:43,254,1,1,Buenos Aires,7779.24,1200.0,46023.24
1000005801,20250706,2025-07-06 12:14:03,783,2,3,Santa Fe,4536.0,0.0,26136.0
1000005802,20250820,2025-08-20 02:31:58,203,2,1,Buenos Aires,6174.0,0.0,35574.0
1000005803,20240329,2024-03-29 06:42:29,570,1,2,Córdoba,18900.0,900.0,109800.0
1000005804,20240527,2024-05-27 16:00:25,1317,1,1,Buenos Aires,3087.0,900.0,18687.0
1000005805,20240903,2024-09-03 19:57:32,664,2,1,Buenos Aires,7182.0,0.0,41382.0
1000005806,20250419,2025-04-19 05:51:38,849,1,2,Córdoba,2222.64,900.0,13706.64
1000005807,20250520,2025-05-20 05:31:17,1032,1,4,Mendoza,5027.4,900.0,29867.4
1000005808,20241105,2024-11-05 23:43:30,532,1,1,Buenos Aires,5985.0,1200.0,35685.0
1000005809,20240812,2024-08-12 11:36:31,569,1,1,Buenos Aires,4788.0,900.0,28488.0
1000005810,20240328,2024-03-28 03:35:20,685,1,2,Córdoba,6703.2,900.0,39523.2
1000005811,20240219,2024-02-19 01:12:56,1136,1,1,Buenos Aires,9355.5,900.0,54805.5
1000005812,20240607,2024-06-07 16:16:01,206,1,1,Buenos Aires,4536.0,1500.0,27636.0
1000005813,20241110,2024-11-10 03:34:24,900,1,3,Santa Fe,12675.6,0.0,73035.6
1000005814,20250613,2025-06-13 12:39:01,1485,1,1,Buenos Aires,12285.0,1200.0,71985.0
1000005815,20250315,2025-03-15 02:25:32,1360,1,2,Córdoba,4536.0,900.0,27036.0
1000005816,20250612,2025-06-12 08:16:10,649,2,2,Córdoba,7182.0,0.0,41382.0
1000005817,20250329,2025-03-29 20:17:13,182,2,1,Buenos Aires,5292.0,0.0,30492.0
1000005818,20241202,2024-12-02 15:15:28,1282,1,2,Córdoba,4082.4,900.0,24422.4
1000005819,20241127,2024-11-27 10:32:47,1280,1,2,Córdoba,7560.0,1200.0,44760.0
1000005820,20250716,2025-07-16 08:36:03,444,1,1,Buenos Aires,5512.5,1200.0,32962.5
1000005821,20240321,2024-03-21 17:16:19,467,1,1,Buenos Aires,5040.0,1200.0,30240.0
1000005822,20241025,2024-10-25 06:29:20,1033,1,1,Buenos Aires,4861.08,900.0,28909.08
1000005823,20240324,2024-03-24 19:00:30,502,1,3,Santa Fe,5040.0,1200.0,30240.0
1000005824,20250730,2025-07-30 13:13:18,1167,1,1,Buenos Aires,6804.0,1200.0,40404.0
1000005825,20241117,2024-11-17 16:04:35,818,2,2,Córdoba,6174.0,0.0,35574.0
1000005826,20250210,2025-02-10 23:45:24,468,1,1,Buenos Aires,2992.5,1200.0,18442.5
1000005827,20250415,2025-04-15 15:05:23,1151,1,2,Córdoba,9261.0,1200.0,54561.0
1000005828,20250414,2025-04-14 22:58:46,418,1,1,Buenos Aires,7560.0,900.0,44460.0
1000005829,20240308,2024-03-08 03:00:41,661,2,3,Santa Fe,2154.6,0.0,12414.6
1000005830,20240717,2024-07-17 14:03:22,477,2,2,Córdoba,10495.8,0.0,60475.8
1000005831,20240409,2024-04-09 13:00:05,1236,1,1,Buenos Aires,5186.16,900.0,30782.16
1000005832,20240312,2024-03-12 11:35:27,1257,1,1,Buenos Aires,8935.92,1200.0,52687.92
1000005833,20240911,2024-09-11 20:57:13,436,1,1,Buenos Aires,5266.8,1200.0,31546.8
1000005834,20240723,2024-07-23 07:06:18,1206,1,1,Buenos Aires,2772.0,0.0,15972.0
1000005835,20240325,2024-03-25 08:42:22,249,1,1,Buenos Aires,8804.25,1200.0,51929.25
1000005836,20250915,2025-09-15 16:29:18,954,1,1,Buenos Aires,2268.0,1200.0,14268.0
1000005837,20241114,2024-11-14 03:10:35,391,2,3,Santa Fe,6804.0,0.0,39204.0
1000005838,20250416,2025-04-16 15:36:41,462,2,4,Mendoza,6804.0,0.0,39204.0
1000005839,20250223,2025-02-23 00:13:16,279,2,3,Santa Fe,2992.5,0.0,17242.5
1000005840,20250830,2025-08-30 23:00:11,1269,1,2,Córdoba,7560.0,0.0,43560.0
1000005841,20250824,2025-08-24 12:54:23,1240,2,4,Mendoza,5386.5,0.0,31036.5
1000005842,20240725,2024-07-25 02:55:20,362,2,4,Mendoza,7408.8,0.0,42688.8
1000005843,20250522,2025-05-22 15:38:37,1120,2,4,Mendoza,2992.5,0.0,17242.5
1000005844,20250202,2025-02-02 15:22:37,347,1,1,Buenos Aires,9261.0,900.0,54261.0
1000005845,20240717,2024-07-17 20:27:10,1222,1,2,Córdoba,11944.8,1200.0,70024.8
1000005846,20240506,2024-05-06 06:10:19,379,1,2,Córdoba,2268.0,0.0,13068.0
1000005847,20241030,2024-10-30 17:22:49,1002,2,3,Santa Fe,14023.8,0.0,80803.8
1000005848,20250401,2025-04-01 06:29:49,1194,2,4,Mendoza,9380.7,0.0,54050.7
1000005849,20240416,2024-04-16 19:51:09,302,2,3,Santa Fe,10801.35,0.0,62236.35
1000005850,20250831,2025-08-31 14:26:11,418,2,4,Mendoza,13078.8,0.0,75358.8
1000005851,20240819,2024-08-19 22:31:41,322,1,2,Córdoba,6930.0,900.0,40830.0
1000005852,20240425,2024-04-25 08:20:03,590,2,2,Córdoba,9261.0,0.0,53361.0
1000005853,20250507,2025-05-07 20:50:35,1444,1,1,Buenos Aires,4939.2,900.0,29359.2
1000005854,20250919,2025-09-19 06:26:03,1135,1,1,Buenos Aires,15123.78,1200.0,88341.78
1000005855,20250826,2025-08-26 18:08:02,1163,1,2,Córdoba,7408.8,900.0,43588.8
1000005856,20250115,2025-01-15 10:23:30,591,1,2,Córdoba,10483.2,900.0,61303.2
1000005857,20250111,2025-01-11 22:44:41,338,1,1,Buenos Aires,9261.0,0.0,53361.0
1000005858,20240222,2024-02-22 23:00:20,911,1,2,Córdoba,5103.0,1500.0,30903.0
1000005859,20250217,2025-02-17 17:48:36,46,2,1,Buenos Aires,7408.8,0.0,42688.8
1000005860,20241020,2024-10-20 19:52:49,1344,2,2,Córdoba,12978.0,0.0,74778.0
1000005861,20250626,2025-06-26 01:59:16,314,2,3,Santa Fe,3087.0,0.0,17787.0
1000005862,20240731,2024-07-31 11:49:33,932,1,3,Santa Fe,12348.0,1200.0,72348.0
1000005863,20240929,2024-09-29 15:37:57,1358,1,1,Buenos Aires,2268.0,900.0,13968.0
1000005864,20240418,2024-04-18 16:17:50,1162,2,2,Córdoba,9261.0,0.0,53361.0
1000005865,20250107,2025-01-07 11:29:22,1053,2,2,Córdoba,16906.05,0.0,97411.05
1000005866,20240829,2024-08-29 17:20:05,945,2,4,Mendoza,6804.0,0.0,39204.0
1000005867,20250212,2025-02-12 08:16:30,697,1,1,Buenos Aires,5556.6,1200.0,33216.6
1000005868,20240907,2024-09-07 14:20:39,1101,2,1,Buenos Aires,2394.0,0.0,13794.0
1000005869,20241007,2024-10-07 09:23:09,1406,2,2,Córdoba,6667.92,0.0,38419.92
1000005870,20250106,2025-01-06 10:23:44,688,2,4,Mendoza,2394.0,0.0,13794.0
1000005871,20250414,2025-04-14 12:27:55,1269,2,2,Córdoba,7654.5,0.0,44104.5
1000005872,20240719,2024-07-19 05:22:14,279,1,1,Buenos Aires,2469.6,900.0,15129.6
1000005873,20240606,2024-06-06 17:15:50,185,1,2,Córdoba,2394.0,1200.0,14994.0
1000005874,20250605,2025-06-05 16:21:15,1492,1,2,Córdoba,16039.8,1200.0,93619.8
1000005875,20250212,2025-02-12 13:19:42,277,1,1,Buenos Aires,9229.5,1200.0,54379.5
1000005876,20250701,2025-07-01 08:12:08,1234,2,1,Buenos Aires,7560.0,0.0,43560.0
1000005877,20240317,2024-03-17 15:46:41,858,1,1,Buenos Aires,5670.0,1200.0,33870.0
1000005878,20240915,2024-09-15 19:24:56,315,2,3,Santa Fe,6917.4,0.0,39857.4
1000005879,20250706,2025-07-06 03:01:25,1151,2,1,Buenos Aires,4939.2,0.0,28459.2
1000005880,20241118,2024-11-18 19:53:19,994,1,2,Córdoba,10168.2,900.0,59488.2
1000005881,20240625,2024-06-25 21:04:33,9,2,3,Santa Fe,14994.0,0.0,86394.0
1000005882,20240924,2024-09-24 14:36:07,1247,2,2,Córdoba,6284.25,0.0,36209.25
1000005883,20240921,2024-09-21 10:30:35,879,1,1,Buenos Aires,12285.0,1200.0,71985.0
1000005884,20240409,2024-04-09 22:51:24,113,1,4,Mendoza,7560.0,900.0,44460.0
1000005885,20240118,2024-01-18 23:38:53,1413,1,4,Mendoza,2835.0,1200.0,17535.0
1000005886,20240621,2024-06-21 13:49:45,941,2,1,Buenos Aires,4662.0,0.0,26862.0
1000005887,20240712,2024-07-12 19:04:12,1467,1,1,Buenos Aires,4536.0,1200.0,27336.0
1000005888,20250706,2025-07-06 05:53:48,1188,1,3,Santa Fe,3150.0,1200.0,19350.0
1000005889,20250803,2025-08-03 08:06:16,1115,1,3,Santa Fe,12285.0,1200.0,71985.0
1000005890,20240521,2024-05-21 18:52:17,1336,2,4,Mendoza,4939.2,0.0,28459.2
1000005891,20240118,2024-01-18 06:05:57,1363,1,2,Córdoba,3291.75,0.0,18966.75
1000005892,20240528,2024-05-28 20:48:09,785,2,3,Santa Fe,8316.0,0.0,47916.0
1000005893,20250223,2025-02-23 15:20:02,1103,2,1,Buenos Aires,2520.0,0.0,14520.0
1000005894,20250725,2025-07-25 13:48:07,517,1,1,Buenos Aires,5040.0,0.0,29040.0
1000005895,20240808,2024-08-08 01:30:57,519,1,3,Santa Fe,5386.5,0.0,31036.5
1000005896,20240317,2024-03-17 03:54:32,1319,1,2,Córdoba,4536.0,900.0,27036.0
1000005897,20240716,2024-07-16 10:50:25,182,2,1,Buenos Aires,18380.25,0.0,105905.25
1000005898,20240731,2024-07-31 11:09:48,316,2,1,Buenos Aires,9426.38,0.0,54313.88
1000005899,20250228,2025-02-28 13:51:35,990,1,2,Córdoba,8505.0,1200.0,50205.0
1000005900,20241029,2024-10-29 04:05:07,500,1,4,Mendoza,8505.0,900.0,49905.0
1000005901,20241021,2024-10-21 05:43:36,353,1,1,Buenos Aires,7339.5,1500.0,43789.5
1000005902,20240918,2024-09-18 10:46:54,980,1,2,Córdoba,11642.4,900.0,67982.4
1000005903,20250607,2025-06-07 02:51:49,1137,1,1,Buenos Aires,5985.0,900.0,35385.0
1000005904,20240410,2024-04-10 16:13:42,1122,1,1,Buenos Aires,10382.4,900.0,60722.4
1000005905,20240517,2024-05-17 09:35:01,588,1,4,Mendoza,2394.0,1500.0,15294.0
1000005906,20250108,2025-01-08 21:53:27,1144,2,3,Santa Fe,7182.0,0.0,41382.0
1000005907,20240610,2024-06-10 03:30:18,1413,1,1,Buenos Aires,12833.1,1500.0,75443.1
1000005908,20240513,2024-05-13 18:39:21,1115,2,4,Mendoza,4788.0,0.0,27588.0
1000005909,20250511,2025-05-11 01:45:41,142,1,1,Buenos Aires,3307.5,900.0,19957.5
1000005910,20240314,2024-03-14 11:27:05,969,2,4,Mendoza,5292.0,0.0,30492.0
1000005911,20250615,2025-06-15 13:31:16,1042,2,2,Córdoba,9631.44,0.0,55495.44
1000005912,20241223,2024-12-23 10:00:20,728,2,4,Mendoza,5418.0,0.0,31218.0
1000005913,20240809,2024-08-09 11:11:23,1117,2,4,Mendoza,5670.0,0.0,32670.0
1000005914,20241214,2024-12-14 00:49:20,484,1,1,Buenos Aires,6482.7,900.0,38252.7
1000005915,20250427,2025-04-27 02:59:09,1339,1,1,Buenos Aires,3142.12,900.0,19004.62
1000005916,20250529,2025-05-29 05:06:19,1474,1,1,Buenos Aires,8379.0,0.0,48279.0
1000005917,20241023,2024-10-23 01:19:52,1161,1,1,Buenos Aires,11970.0,900.0,69870.0
1000005918,20240223,2024-02-23 21:37:29,1149,2,4,Mendoza,9261.0,0.0,53361.0
1000005919,20240723,2024-07-23 06:20:05,477,1,1,Buenos Aires,6174.0,1500.0,37074.0
1000005920,20250907,2025-09-07 04:22:11,951,1,3,Santa Fe,2520.0,1200.0,15720.0
1000005921,20250529,2025-05-29 08:23:59,508,1,4,Mendoza,13192.2,1200.0,77212.2
1000005922,20250903,2025-09-03 20:26:44,689,1,4,Mendoza,8631.0,1500.0,51231.0
1000005923,20241001,2024-10-01 05:40:46,289,2,4,Mendoza,8079.75,0.0,46554.75
1000005924,20250819,2025-08-19 16:03:09,1229,2,3,Santa Fe,2992.5,0.0,17242.5
1000005925,20250115,2025-01-15 09:01:48,1061,1,2,Córdoba,2646.0,900.0,16146.0
1000005926,20240905,2024-09-05 22:14:23,1051,2,1,Buenos Aires,2041.2,0.0,11761.2
1000005927,20250805,2025-08-05 12:41:01,35,2,3,Santa Fe,6174.0,0.0,35574.0
1000005928,20241212,2024-12-12 15:05:20,3,2,4,Mendoza,9040.5,0.0,52090.5
1000005929,20250422,2025-04-22 07:08:05,1186,1,1,Buenos Aires,5985.0,1200.0,35685.0
1000005930,20250413,2025-04-13 00:09:36,1232,2,1,Buenos Aires,11239.2,0.0,64759.2
1000005931,20240501,2024-05-01 14:42:17,1076,1,1,Buenos Aires,3087.0,1500.0,19287.0
1000005932,20250519,2025-05-19 08:06:06,111,2,2,Córdoba,7623.0,0.0,43923.0
1000005933,20250125,2025-01-25 18:29:42,1149,2,1,Buenos Aires,13948.2,0.0,80368.2
1000005934,20250527,2025-05-27 17:44:48,1392,2,2,Córdoba,4445.28,0.0,25613.28
1000005935,20250826,2025-08-26 17:51:00,611,2,3,Santa Fe,4536.0,0.0,26136.0
1000005936,20241014,2024-10-14 13:43:02,1313,1,1,Buenos Aires,10143.0,1200.0,59643.0
1000005937,20250415,2025-04-15 16:48:23,944,1,4,Mendoza,2520.0,1200.0,15720.0
1000005938,20250329,2025-03-29 00:48:17,1362,1,3,Santa Fe,2520.0,900.0,15420.0
1000005939,20250216,2025-02-16 11:36:08,1225,2,1,Buenos Aires,15120.0,0.0,87120.0
1000005940,20241013,2024-10-13 17:28:40,1406,1,1,Buenos Aires,6804.0,900.0,40104.0
1000005941,20241123,2024-11-23 10:38:11,220,1,1,Buenos Aires,6300.0,1500.0,37800.0
1000005942,20250923,2025-09-23 23:06:14,1160,1,1,Buenos Aires,5985.0,0.0,34485.0
1000005943,20240918,2024-09-18 07:46:25,745,2,3,Santa Fe,9103.5,0.0,52453.5
1000005944,20240224,2024-02-24 11:53:45,928,1,1,Buenos Aires,5292.0,1200.0,31692.0
1000005945,20240202,2024-02-02 21:32:19,1377,1,3,Santa Fe,11623.5,0.0,66973.5
1000005946,20240218,2024-02-18 09:39:42,1475,1,2,Córdoba,5386.5,0.0,31036.5
1000005947,20250413,2025-04-13 14:07:42,138,2,3,Santa Fe,5186.16,0.0,29882.16
1000005948,20241006,2024-10-06 22:50:22,697,1,3,Santa Fe,3087.0,1200.0,18987.0
1000005949,20250827,2025-08-27 20:53:04,1393,1,1,Buenos Aires,5670.0,1500.0,34170.0
1000005950,20241215,2024-12-15 11:52:45,1000,1,3,Santa Fe,5286.33,1500.0,31959.33
1000005951,20250330,2025-03-30 21:03:42,206,1,2,Córdoba,6237.0,1500.0,37437.0
1000005952,20250709,2025-07-09 16:59:49,722,1,1,Buenos Aires,4788.0,900.0,28488.0
1000005953,20250126,2025-01-26 19:11:19,1447,1,2,Córdoba,2835.0,1500.0,17835.0
1000005954,20250403,2025-04-03 13:13:30,1466,2,4,Mendoza,4939.2,0.0,28459.2
1000005955,20240125,2024-01-25 14:09:39,189,1,3,Santa Fe,2222.64,1200.0,14006.64
1000005956,20240807,2024-08-07 15:19:40,148,1,1,Buenos Aires,7654.5,900.0,45004.5
1000005957,20250801,2025-08-01 16:12:15,1258,1,1,Buenos Aires,12499.2,900.0,72919.2
1000005958,20240805,2024-08-05 15:29:51,596,1,1,Buenos Aires,4445.28,0.0,25613.28
1000005959,20250425,2025-04-25 08:24:38,546,2,3,Santa Fe,13041.0,0.0,75141.0
1000005960,20250125,2025-01-25 20:33:33,100,2,2,Córdoba,6174.0,0.0,35574.0
1000005961,20250906,2025-09-06 04:10:20,1473,1,1,Buenos Aires,7560.0,1500.0,45060.0
1000005962,20240129,2024-01-29 23:46:39,913,2,1,Buenos Aires,14156.1,0.0,81566.1
1000005963,20240914,2024-09-14 03:39:11,43,1,3,Santa Fe,10628.1,1200.0,62438.1
1000005964,20240118,2024-01-18 17:56:19,882,2,4,Mendoza,4309.2,0.0,24829.2
1000005965,20241204,2024-12-04 12:32:03,979,1,2,Córdoba,12001.5,1200.0,70351.5
1000005966,20250527,2025-05-27 21:14:30,281,1,1,Buenos Aires,5040.0,1200.0,30240.0
1000005967,20250812,2025-08-12 12:45:08,32,1,3,Santa Fe,12020.4,0.0,69260.4
1000005968,20250318,2025-03-18 18:32:22,1427,2,1,Buenos Aires,5040.0,0.0,29040.0
1000005969,20250920,2025-09-20 02:30:18,112,2,3,Santa Fe,2520.0,0.0,14520.0
1000005970,20250805,2025-08-05 13:12:51,187,1,4,Mendoza,6804.0,1500.0,40704.0
1000005971,20250604,2025-06-04 15:59:58,757,1,2,Córdoba,6804.0,900.0,40104.0
1000005972,20240715,2024-07-15 10:51:55,849,1,1,Buenos Aires,4536.0,900.0,27036.0
1000005973,20241204,2024-12-04 22:01:13,902,1,1,Buenos Aires,3150.0,900.0,19050.0
1000005974,20240823,2024-08-23 19:01:26,38,2,1,Buenos Aires,2041.2,0.0,11761.2
1000005975,20241023,2024-10-23 00:03:51,1129,1,1,Buenos Aires,4939.2,900.0,29359.2
1000005976,20250605,2025-06-05 16:24:07,561,1,2,Córdoba,9922.5,0.0,57172.5
1000005977,20241219,2024-12-19 17:22:33,141,1,2,Córdoba,7408.8,1500.0,44188.8
1000005978,20250422,2025-04-22 15:39:16,1236,1,2,Córdoba,10231.2,0.0,58951.2
1000005979,20240506,2024-05-06 20:27:31,276,1,1,Buenos Aires,5670.0,1200.0,33870.0
1000005980,20241024,2024-10-24 22:02:39,375,2,2,Córdoba,6123.6,0.0,35283.6
1000005981,20250601,2025-06-01 22:52:00,370,2,3,Santa Fe,4309.2,0.0,24829.2
1000005982,20240206,2024-02-06 08:22:10,1304,2,1,Buenos Aires,3087.0,0.0,17787.0
1000005983,20241212,2024-12-12 20:02:56,926,1,2,Córdoba,7182.0,1500.0,42882.0
1000005984,20250512,2025-05-12 23:14:33,468,2,2,Córdoba,8334.9,0.0,48024.9
1000005985,20250222,2025-02-22 10:51:21,562,2,2,Córdoba,2154.6,0.0,12414.6
1000005986,20240218,2024-02-18 12:53:15,986,1,1,Buenos Aires,10401.3,1200.0,61131.3
1000005987,20250614,2025-06-14 14:11:30,1343,2,2,Córdoba,19485.9,0.0,112275.9
1000005988,20250702,2025-07-02 22:10:08,983,1,1,Buenos Aires,11018.7,900.0,64388.7
1000005989,20250302,2025-03-02 22:03:12,1133,2,2,Córdoba,2381.4,0.0,13721.4
1000005990,20240811,2024-08-11 17:36:07,716,2,3,Santa Fe,2992.5,0.0,17242.5
1000005991,20250207,2025-02-07 23:27:01,333,1,4,Mendoza,6482.7,1500.0,38852.7
1000005992,20250131,2025-01-31 08:13:38,1297,1,1,Buenos Aires,3395.7,0.0,19565.7
1000005993,20250801,2025-08-01 16:01:27,1344,1,2,Córdoba,6804.0,900.0,40104.0
1000005994,20240921,2024-09-21 08:17:44,1099,2,3,Santa Fe,2268.0,0.0,13068.0
1000005995,20250925,2025-09-25 14:22:27,49,1,1,Buenos Aires,5985.0,1500.0,35985.0
1000005996,20240212,2024-02-12 14:49:23,444,2,3,Santa Fe,14805.0,0.0,85305.0
1000005997,20250424,2025-04-24 06:21:58,1215,1,3,Santa Fe,4939.2,1500.0,29959.2
1000005998,20240509,2024-05-09 17:39:11,610,2,2,Córdoba,21357.0,0.0,123057.0
1000005999,20241229,2024-12-29 13:55:44,93,1,1,Buenos Aires,9426.38,900.0,55213.88
1000006000,20240126,2024-01-26 11:46:26,1318,2,3,Santa Fe,18213.3,0.0,104943.3
1000006001,20250411,2025-04-11 03:08:39,167,2,3,Santa Fe,2520.0,0.0,14520.0
1000006002,20240719,2024-07-19 05:42:50,789,1,1,Buenos Aires,7560.0,1200.0,44760.0
1000006003,20240930,2024-09-30 15:32:48,1290,1,3,Santa Fe,4082.4,900.0,24422.4
1000006004,20240726,2024-07-26 21:52:05,1340,2,4,Mendoza,2154.6,0.0,12414.6
1000006005,20240204,2024-02-04 15:24:23,327,1,1,Buenos Aires,4939.2,0.0,28459.2
1000006006,20240302,2024-03-02 08:06:05,1131,1,1,Buenos Aires,13318.2,1200.0,77938.2
1000006007,20250304,2025-03-04 15:05:14,295,1,3,Santa Fe,9485.28,900.0,55553.28
1000006008,20241210,2024-12-10 23:09:45,580,1,2,Córdoba,5304.6,900.0,31464.6
1000006009,20250322,2025-03-22 14:22:17,364,1,2,Córdoba,5953.5,900.0,35203.5
1000006010,20241227,2024-12-27 04:22:22,353,1,2,Córdoba,7560.0,0.0,43560.0
1000006011,20240609,2024-06-09 13:57:39,966,2,1,Buenos Aires,5355.0,0.0,30855.0
1000006012,20240520,2024-05-20 14:52:21,220,1,2,Córdoba,7408.8,900.0,43588.8
1000006013,20241113,2024-11-13 02:22:39,534,1,1,Buenos Aires,15850.8,1200.0,92530.8
1000006014,20241026,2024-10-26 15:16:18,1488,2,4,Mendoza,4788.0,0.0,27588.0
1000006015,20240727,2024-07-27 00:21:37,10,1,2,Córdoba,10546.2,0.0,60766.2
1000006016,20250601,2025-06-01 03:01:30,269,1,4,Mendoza,4536.0,1200.0,27336.0
1000006017,20241211,2024-12-11 23:49:29,724,1,1,Buenos Aires,9450.0,900.0,55350.0
1000006018,20250407,2025-04-07 03:36:12,37,1,4,Mendoza,10042.2,900.0,58762.2
1000006019,20240306,2024-03-06 06:48:36,459,2,3,Santa Fe,4445.28,0.0,25613.28
1000006020,20250416,2025-04-16 08:15:20,1411,1,1,Buenos Aires,3150.0,1200.0,19350.0
1000006021,20250826,2025-08-26 17:44:04,382,2,4,Mendoza,6237.0,0.0,35937.0
1000006022,20240813,2024-08-13 01:33:01,1096,1,1,Buenos Aires,2041.2,900.0,12661.2
1000006023,20250131,2025-01-31 06:53:30,894,1,1,Buenos Aires,7182.0,0.0,41382.0
1000006024,20250319,2025-03-19 07:07:17,1403,2,2,Córdoba,7144.2,0.0,41164.2
1000006025,20250609,2025-06-09 04:34:42,647,1,1,Buenos Aires,5985.0,1200.0,35685.0
1000006026,20240816,2024-08-16 00:28:29,65,2,4,Mendoza,2778.3,0.0,16008.3
1000006027,20250619,2025-06-19 17:15:34,259,1,3,Santa Fe,2513.7,0.0,14483.7
1000006028,20250301,2025-03-01 23:24:42,210,1,1,Buenos Aires,14212.8,1200.0,83092.8
1000006029,20240611,2024-06-11 10:04:32,584,1,2,Córdoba,2268.0,1200.0,14268.0
1000006030,20241122,2024-11-22 05:39:21,876,1,2,Córdoba,3465.0,900.0,20865.0
1000006031,20250106,2025-01-06 18:34:21,221,1,1,Buenos Aires,10171.35,1200.0,59806.35
1000006032,20250414,2025-04-14 06:25:21,669,1,1,Buenos Aires,11850.3,1500.0,69780.3
1000006033,20241106,2024-11-06 10:18:23,858,1,4,Mendoza,4309.2,900.0,25729.2
1000006034,20250308,2025-03-08 02:47:19,1179,1,2,Córdoba,5040.0,900.0,29940.0
1000006035,20240525,2024-05-25 18:24:12,970,1,3,Santa Fe,6284.25,1200.0,37409.25
1000006036,20250924,2025-09-24 20:18:53,982,2,3,Santa Fe,13986.0,0.0,80586.0
1000006037,20250903,2025-09-03 07:31:49,1090,2,2,Córdoba,6300.0,0.0,36300.0
1000006038,20250210,2025-02-10 01:49:05,939,1,1,Buenos Aires,7408.8,1200.0,43888.8
1000006039,20240127,2024-01-27 07:08:14,1276,1,4,Mendoza,4536.0,1200.0,27336.0
1000006040,20240406,2024-04-06 16:49:43,533,1,1,Buenos Aires,8505.0,1200.0,50205.0
1000006041,20250512,2025-05-12 05:32:21,583,2,1,Buenos Aires,7541.1,0.0,43451.1
1000006042,20250726,2025-07-26 06:25:11,987,2,4,Mendoza,13444.2,0.0,77464.2
1000006043,20241028,2024-10-28 17:48:01,1073,2,3,Santa Fe,2381.4,0.0,13721.4
1000006044,20240115,2024-01-15 09:34:52,125,1,3,Santa Fe,11018.7,1500.0,64988.7
1000006045,20250515,2025-05-15 00:02:52,86,2,1,Buenos Aires,14260.05,0.0,82165.05
1000006046,20240812,2024-08-12 01:11:02,574,2,3,Santa Fe,7560.0,0.0,43560.0
1000006047,20240331,2024-03-31 11:40:30,31,1,3,Santa Fe,9261.0,900.0,54261.0
1000006048,20241209,2024-12-09 15:08:46,109,2,1,Buenos Aires,13041.0,0.0,75141.0
1000006049,20240808,2024-08-08 12:57:07,1171,2,3,Santa Fe,2469.6,0.0,14229.6
1000006050,20240402,2024-04-02 16:12:29,942,1,4,Mendoza,2268.0,1200.0,14268.0
1000006051,20240218,2024-02-18 12:58:08,1318,1,1,Buenos Aires,11163.6,1200.0,65523.6
1000006052,20250101,2025-01-01 08:31:39,1024,2,1,Buenos Aires,17955.0,0.0,103455.0
1000006053,20250827,2025-08-27 01:47:15,27,2,2,Córdoba,4536.0,0.0,26136.0
1000006054,20250818,2025-08-18 13:27:02,347,1,2,Córdoba,6284.25,900.0,37109.25
1000006055,20250919,2025-09-19 17:31:48,1161,1,1,Buenos Aires,8442.0,900.0,49542.0
1000006056,20250911,2025-09-11 11:44:09,1134,2,4,Mendoza,6300.0,0.0,36300.0
1000006057,20250721,2025-07-21 20:54:32,495,1,1,Buenos Aires,12852.0,1500.0,75552.0
1000006058,20240911,2024-09-11 19:20:48,75,2,3,Santa Fe,2469.6,0.0,14229.6
1000006059,20241222,2024-12-22 02:25:03,598,2,1,Buenos Aires,5985.0,0.0,34485.0
1000006060,20250303,2025-03-03 17:29:03,105,2,1,Buenos Aires,8334.9,0.0,48024.9
1000006061,20240318,2024-03-18 09:14:54,459,2,4,Mendoza,19744.2,0.0,113764.2
1000006062,20240102,2024-01-02 15:28:56,1263,1,2,Córdoba,2041.2,900.0,12661.2
1000006063,20240131,2024-01-31 16:46:02,1483,1,3,Santa Fe,8870.4,1200.0,52310.4
1000006064,20250918,2025-09-18 11:43:27,1072,2,4,Mendoza,4536.0,0.0,26136.0
1000006065,20240711,2024-07-11 10:11:38,1230,1,1,Buenos Aires,11844.0,1500.0,69744.0
1000006066,20240609,2024-06-09 23:22:49,1314,2,4,Mendoza,2154.6,0.0,12414.6
1000006067,20241012,2024-10-12 23:49:08,1167,2,3,Santa Fe,12946.5,0.0,74596.5
1000006068,20240624,2024-06-24 18:25:27,55,2,1,Buenos Aires,6804.0,0.0,39204.0
1000006069,20250406,2025-04-06 15:08:46,1188,1,2,Córdoba,2551.5,1500.0,16201.5
1000006070,20250508,2025-05-08 07:12:11,1409,1,1,Buenos Aires,7560.0,0.0,43560.0
1000006071,20241014,2024-10-14 10:03:59,1463,2,4,Mendoza,10243.8,0.0,59023.8
1000006072,20250811,2025-08-11 20:54:33,1130,1,1,Buenos Aires,5433.12,1200.0,32505.12
1000006073,20250601,2025-06-01 17:57:00,499,1,3,Santa Fe,14628.6,900.0,85188.6
1000006074,20241230,2024-12-30 05:27:41,1005,2,4,Mendoza,8454.6,0.0,48714.6
1000006075,20241220,2024-12-20 12:17:51,727,1,1,Buenos Aires,9875.25,900.0,57800.25
1000006076,20250614,2025-06-14 01:27:42,1472,2,2,Córdoba,7875.0,0.0,45375.0
1000006077,20240117,2024-01-17 13:00:08,920,2,2,Córdoba,2041.2,0.0,11761.2
1000006078,20250117,2025-01-17 11:47:48,376,2,4,Mendoza,12297.6,0.0,70857.6
1000006079,20241214,2024-12-14 22:07:25,402,1,1,Buenos Aires,8207.64,900.0,48191.64
1000006080,20250619,2025-06-19 10:10:02,724,2,4,Mendoza,8177.4,0.0,47117.4
1000006081,20241221,2024-12-21 18:53:28,1406,1,1,Buenos Aires,2976.75,1200.0,18351.75
1000006082,20240126,2024-01-26 16:56:43,979,2,4,Mendoza,10187.1,0.0,58697.1
1000006083,20240617,2024-06-17 04:35:34,1307,2,4,Mendoza,6804.0,0.0,39204.0
1000006084,20240305,2024-03-05 19:03:20,743,1,3,Santa Fe,4788.0,0.0,27588.0
1000006085,20241221,2024-12-21 20:26:05,947,1,3,Santa Fe,5292.0,1200.0,31692.0
1000006086,20250328,2025-03-28 17:08:43,443,1,1,Buenos Aires,4309.2,1500.0,26329.2
1000006087,20240502,2024-05-02 06:49:16,921,2,2,Córdoba,14634.9,0.0,84324.9
1000006088,20241011,2024-10-11 01:56:31,934,2,4,Mendoza,2778.3,0.0,16008.3
1000006089,20250928,2025-09-28 09:02:38,1132,2,4,Mendoza,4762.8,0.0,27442.8
1000006090,20250116,2025-01-16 12:15:39,52,2,2,Córdoba,11844.0,0.0,68244.0
1000006091,20241128,2024-11-28 15:51:45,1111,1,4,Mendoza,13212.36,1200.0,77328.36
1000006092,20240421,2024-04-21 10:41:10,505,2,2,Córdoba,6804.0,0.0,39204.0
1000006093,20250519,2025-05-19 04:50:25,1286,2,4,Mendoza,7408.8,0.0,42688.8
1000006094,20250630,2025-06-30 01:49:10,220,1,1,Buenos Aires,9426.38,1200.0,55513.88
1000006095,20250406,2025-04-06 05:16:20,673,2,2,Córdoba,2469.6,0.0,14229.6
1000006096,20250714,2025-07-14 11:12:00,557,1,1,Buenos Aires,2835.0,1200.0,17535.0
1000006097,20250812,2025-08-12 12:49:44,797,2,4,Mendoza,7938.0,0.0,45738.0
1000006098,20240801,2024-08-01 13:53:55,596,1,4,Mendoza,2520.0,1200.0,15720.0
1000006099,20250324,2025-03-24 09:43:58,1167,1,1,Buenos Aires,9261.0,900.0,54261.0
1000006100,20240702,2024-07-02 16:23:31,658,1,1,Buenos Aires,7408.8,1500.0,44188.8
1000006101,20240416,2024-04-16 14:39:30,518,1,1,Buenos Aires,13582.8,1200.0,79462.8
1000006102,20240403,2024-04-03 22:14:55,1318,1,1,Buenos Aires,8977.5,1200.0,52927.5
1000006103,20240619,2024-06-19 22:51:29,721,2,3,Santa Fe,5103.0,0.0,29403.0
1000006104,20250915,2025-09-15 01:54:07,275,1,4,Mendoza,14883.75,1200.0,86958.75
1000006105,20250819,2025-08-19 20:57:15,1310,2,4,Mendoza,2394.0,0.0,13794.0
1000006106,20250924,2025-09-24 15:07:04,555,2,1,Buenos Aires,3307.5,0.0,19057.5
1000006107,20240926,2024-09-26 04:01:53,1020,1,1,Buenos Aires,9724.05,900.0,56929.05
1000006108,20240607,2024-06-07 05:08:53,1013,1,1,Buenos Aires,4788.0,1500.0,29088.0
1000006109,20250521,2025-05-21 16:51:40,415,2,2,Córdoba,7408.8,0.0,42688.8
1000006110,20241224,2024-12-24 17:16:18,1155,2,4,Mendoza,6804.0,0.0,39204.0
1000006111,20240118,2024-01-18 01:37:30,1426,1,1,Buenos Aires,7408.8,900.0,43588.8
1000006112,20250529,2025-05-29 13:16:21,1269,2,1,Buenos Aires,7194.6,0.0,41454.6
1000006113,20240903,2024-09-03 14:23:34,1230,1,3,Santa Fe,5670.0,900.0,33570.0
1000006114,20241119,2024-11-19 19:02:18,972,2,3,Santa Fe,6174.0,0.0,35574.0
1000006115,20250916,2025-09-16 21:29:57,1107,1,2,Córdoba,3142.12,900.0,19004.62
1000006116,20240902,2024-09-02 11:07:47,788,1,2,Córdoba,2835.0,0.0,16335.0
1000006117,20240703,2024-07-03 18:45:21,1120,1,1,Buenos Aires,8794.8,0.0,50674.8
1000006118,20240826,2024-08-26 22:18:02,168,1,2,Córdoba,4939.2,1500.0,29959.2
1000006119,20240831,2024-08-31 03:00:36,746,2,2,Córdoba,2154.6,0.0,12414.6
1000006120,20250316,2025-03-16 23:34:47,127,1,1,Buenos Aires,5953.5,1200.0,35503.5
1000006121,20240313,2024-03-13 22:52:26,447,1,1,Buenos Aires,9922.5,900.0,58072.5
1000006122,20240725,2024-07-25 05:28:28,815,1,3,Santa Fe,5040.0,900.0,29940.0
1000006123,20241213,2024-12-13 23:07:04,882,1,2,Córdoba,13608.0,1200.0,79608.0
1000006124,20250207,2025-02-07 07:07:21,1213,1,2,Córdoba,3150.0,1200.0,19350.0
1000006125,20241129,2024-11-29 06:01:19,1266,1,3,Santa Fe,6548.85,1500.0,39233.85
1000006126,20241118,2024-11-18 16:47:27,195,1,1,Buenos Aires,3087.0,1200.0,18987.0
1000006127,20241024,2024-10-24 04:16:11,1128,2,3,Santa Fe,8505.0,0.0,49005.0
1000006128,20240425,2024-04-25 03:36:49,661,1,1,Buenos Aires,12222.0,1200.0,71622.0
1000006129,20241022,2024-10-22 19:23:17,1054,1,1,Buenos Aires,11718.0,1200.0,68718.0
1000006130,20240924,2024-09-24 08:08:09,887,1,2,Córdoba,2646.0,1200.0,16446.0
1000006131,20240213,2024-02-13 20:45:54,71,1,1,Buenos Aires,5386.5,1200.0,32236.5
1000006132,20250323,2025-03-23 23:02:05,1303,1,1,Buenos Aires,6237.0,1200.0,37137.0
1000006133,20240519,2024-05-19 09:56:40,545,1,2,Córdoba,5040.0,1200.0,30240.0
1000006134,20250603,2025-06-03 04:20:24,613,2,2,Córdoba,6123.6,0.0,35283.6
1000006135,20240330,2024-03-30 02:27:11,616,1,3,Santa Fe,5985.0,900.0,35385.0
1000006136,20241007,2024-10-07 13:53:00,309,1,1,Buenos Aires,4309.2,900.0,25729.2
1000006137,20240805,2024-08-05 06:24:04,740,1,1,Buenos Aires,5985.0,1200.0,35685.0
1000006138,20250418,2025-04-18 08:54:30,1281,2,1,Buenos Aires,2469.6,0.0,14229.6
1000006139,20240628,2024-06-28 00:31:00,347,2,3,Santa Fe,9229.5,0.0,53179.5
1000006140,20240305,2024-03-05 03:35:34,1385,1,1,Buenos Aires,9954.0,1200.0,58554.0
1000006141,20250417,2025-04-17 15:12:46,547,2,4,Mendoza,4939.2,0.0,28459.2
1000006142,20240703,2024-07-03 08:38:56,726,1,1,Buenos Aires,9261.0,900.0,54261.0
1000006143,20240504,2024-05-04 08:01:11,315,2,3,Santa Fe,12474.0,0.0,71874.0
1000006144,20250206,2025-02-06 04:46:52,914,1,1,Buenos Aires,7182.0,900.0,42282.0
1000006145,20250804,2025-08-04 10:00:21,896,1,1,Buenos Aires,18994.5,900.0,110344.5
1000006146,20250326,2025-03-26 03:56:05,289,2,3,Santa Fe,3150.0,0.0,18150.0
1000006147,20240509,2024-05-09 11:04:43,597,2,4,Mendoza,11529.0,0.0,66429.0
1000006148,20250411,2025-04-11 10:54:27,195,1,3,Santa Fe,13482.0,1500.0,79182.0
1000006149,20250823,2025-08-23 23:58:46,1129,2,4,Mendoza,7182.0,0.0,41382.0
1000006150,20240114,2024-01-14 15:01:17,713,1,1,Buenos Aires,8977.5,900.0,52627.5
1000006151,20250109,2025-01-09 23:11:08,1158,1,1,Buenos Aires,15309.0,1500.0,89709.0
1000006152,20240626,2024-06-26 00:44:23,820,2,4,Mendoza,13471.92,0.0,77623.92
1000006153,20240814,2024-08-14 05:40:01,425,1,1,Buenos Aires,8505.0,900.0,49905.0
1000006154,20240225,2024-02-25 01:27:44,461,1,4,Mendoza,2520.0,0.0,14520.0
1000006155,20240927,2024-09-27 09:06:36,804,2,1,Buenos Aires,8207.64,0.0,47291.64
1000006156,20250407,2025-04-07 03:37:10,83,1,3,Santa Fe,16632.0,1200.0,97032.0
1000006157,20240408,2024-04-08 08:30:07,376,2,3,Santa Fe,9324.0,0.0,53724.0
1000006158,20240504,2024-05-04 10:20:53,1429,1,2,Córdoba,5113.08,0.0,29461.08
1000006159,20240818,2024-08-18 10:54:15,1360,1,3,Santa Fe,13230.0,1200.0,77430.0
1000006160,20250530,2025-05-30 22:28:54,900,1,3,Santa Fe,5544.0,1500.0,33444.0
1000006161,20240208,2024-02-08 12:32:26,1039,1,3,Santa Fe,4788.0,1500.0,29088.0
1000006162,20240922,2024-09-22 18:45:15,1066,1,1,Buenos Aires,6804.0,0.0,39204.0
1000006163,20250616,2025-06-16 03:55:55,165,2,4,Mendoza,7408.8,0.0,42688.8
1000006164,20250410,2025-04-10 22:18:04,957,1,2,Córdoba,2513.7,900.0,15383.7
1000006165,20250930,2025-09-30 11:08:27,1335,1,2,Córdoba,21275.1,1200.0,123785.1
1000006166,20240818,2024-08-18 03:29:33,442,2,1,Buenos Aires,9922.5,0.0,57172.5
1000006167,20240412,2024-04-12 16:16:07,1443,2,1,Buenos Aires,4536.0,0.0,26136.0
1000006168,20240317,2024-03-17 08:59:09,492,1,4,Mendoza,8316.0,1200.0,49116.0
1000006169,20240925,2024-09-25 10:40:40,944,1,1,Buenos Aires,5670.0,900.0,33570.0
1000006170,20250516,2025-05-16 16:24:16,370,1,1,Buenos Aires,5386.5,1200.0,32236.5
1000006171,20240703,2024-07-03 11:58:06,516,1,1,Buenos Aires,2992.5,1500.0,18742.5
1000006172,20240302,2024-03-02 04:10:27,1392,1,3,Santa Fe,6237.0,1200.0,37137.0
1000006173,20240622,2024-06-22 19:16:33,1019,2,2,Córdoba,6123.6,0.0,35283.6
1000006174,20240513,2024-05-13 03:15:59,337,1,2,Córdoba,7560.0,900.0,44460.0
1000006175,20250317,2025-03-17 15:05:25,387,1,1,Buenos Aires,2778.3,1500.0,17508.3
1000006176,20240701,2024-07-01 03:39:42,281,1,2,Córdoba,4536.0,1200.0,27336.0
1000006177,20250421,2025-04-21 11:30:52,628,1,2,Córdoba,2646.0,900.0,16146.0
1000006178,20250610,2025-06-10 16:54:51,952,1,1,Buenos Aires,9450.0,1500.0,55950.0
1000006179,20240904,2024-09-04 22:57:52,1340,1,1,Buenos Aires,8977.5,900.0,52627.5
1000006180,20240909,2024-09-09 23:11:32,1076,1,1,Buenos Aires,13471.92,0.0,77623.92
1000006181,20240303,2024-03-03 10:56:38,185,1,1,Buenos Aires,9796.5,1200.0,57646.5
1000006182,20250921,2025-09-21 22:43:33,475,1,2,Córdoba,8316.0,900.0,48816.0
1000006183,20250618,2025-06-18 15:50:34,154,1,1,Buenos Aires,9576.0,1200.0,56376.0
1000006184,20240308,2024-03-08 01:02:08,1168,2,4,Mendoza,16600.5,0.0,95650.5
1000006185,20250924,2025-09-24 13:22:32,309,1,1,Buenos Aires,11607.12,1200.0,68079.12
1000006186,20240529,2024-05-29 02:22:29,828,2,4,Mendoza,7144.2,0.0,41164.2
1000006187,20240323,2024-03-23 04:51:26,1200,1,3,Santa Fe,13513.5,1200.0,79063.5
1000006188,20240825,2024-08-25 12:14:01,1286,1,1,Buenos Aires,8983.8,900.0,52663.8
1000006189,20240202,2024-02-02 11:28:56,659,2,1,Buenos Aires,11774.7,0.0,67844.7
1000006190,20250627,2025-06-27 21:27:24,430,1,2,Córdoba,4788.0,900.0,28488.0
1000006191,20250315,2025-03-15 16:48:20,704,1,1,Buenos Aires,4788.0,1200.0,28788.0
1000006192,20240620,2024-06-20 20:07:39,1087,2,3,Santa Fe,6237.0,0.0,35937.0
1000006193,20241228,2024-12-28 16:09:46,63,1,2,Córdoba,7560.0,1200.0,44760.0
1000006194,20250214,2025-02-14 04:29:53,1388,1,1,Buenos Aires,12119.62,1500.0,71332.12
1000006195,20240111,2024-01-11 03:42:15,987,2,1,Buenos Aires,6667.92,0.0,38419.92
1000006196,20240103,2024-01-03 09:57:37,311,1,1,Buenos Aires,6930.0,1200.0,41130.0
1000006197,20241017,2024-10-17 11:20:42,379,2,4,Mendoza,6804.0,0.0,39204.0
1000006198,20240704,2024-07-04 12:57:02,585,1,1,Buenos Aires,3118.5,900.0,18868.5
1000006199,20250816,2025-08-16 14:30:22,877,1,4,Mendoza,13482.0,900.0,78582.0
1000006200,20250729,2025-07-29 16:29:07,416,2,3,Santa Fe,6804.0,0.0,39204.0
1000006201,20241122,2024-11-22 14:28:24,173,1,1,Buenos Aires,6804.0,900.0,40104.0
1000006202,20250828,2025-08-28 04:59:04,659,1,1,Buenos Aires,6667.92,900.0,39319.92
1000006203,20250301,2025-03-01 20:50:23,4,1,1,Buenos Aires,5670.0,1500.0,34170.0
1000006204,20240226,2024-02-26 17:28:35,849,2,1,Buenos Aires,7182.0,0.0,41382.0
1000006205,20250208,2025-02-08 15:28:35,271,2,4,Mendoza,4939.2,0.0,28459.2
1000006206,20250702,2025-07-02 15:52:23,1388,1,1,Buenos Aires,7484.4,0.0,43124.4
1000006207,20250510,2025-05-10 14:48:57,623,1,4,Mendoza,6118.88,1200.0,36456.38
1000006208,20240913,2024-09-13 19:03:52,1388,1,2,Córdoba,6545.7,900.0,38615.7
1000006209,20240713,2024-07-13 08:23:05,1427,2,2,Córdoba,2394.0,0.0,13794.0
1000006210,20240213,2024-02-13 14:18:06,1139,2,4,Mendoza,6482.7,0.0,37352.7
1000006211,20250824,2025-08-24 20:47:13,463,1,3,Santa Fe,2593.08,900.0,15841.08
1000006212,20240503,2024-05-03 16:22:56,1430,1,3,Santa Fe,4536.0,0.0,26136.0
1000006213,20240507,2024-05-07 06:12:25,499,1,1,Buenos Aires,12244.05,900.0,71449.05
1000006214,20240416,2024-04-16 11:49:01,67,1,1,Buenos Aires,8769.6,900.0,51429.6
1000006215,20250823,2025-08-23 03:41:54,249,1,2,Córdoba,2778.3,0.0,16008.3
1000006216,20241203,2024-12-03 12:04:55,764,1,1,Buenos Aires,4788.0,1500.0,29088.0
1000006217,20250924,2025-09-24 14:21:15,911,2,3,Santa Fe,8961.75,0.0,51636.75
1000006218,20250701,2025-07-01 21:53:39,801,2,3,Santa Fe,5186.16,0.0,29882.16
1000006219,20250403,2025-04-03 12:47:22,130,1,3,Santa Fe,16380.0,900.0,95280.0
1000006220,20250815,2025-08-15 15:34:22,1106,1,3,Santa Fe,6174.0,1200.0,36774.0
1000006221,20240315,2024-03-15 19:51:37,1441,1,4,Mendoza,22371.3,1500.0,130401.3
1000006222,20250328,2025-03-28 19:34:56,364,1,1,Buenos Aires,2513.7,900.0,15383.7
1000006223,20240405,2024-04-05 15:36:19,35,1,3,Santa Fe,2394.0,1200.0,14994.0
1000006224,20250404,2025-04-04 11:14:39,1451,1,1,Buenos Aires,2835.0,900.0,17235.0
1000006225,20240217,2024-02-17 10:37:17,679,1,2,Córdoba,6804.0,900.0,40104.0
1000006226,20240115,2024-01-15 18:58:03,1084,1,2,Córdoba,4939.2,1200.0,29659.2
1000006227,20250529,2025-05-29 09:11:53,248,1,4,Mendoza,7938.0,0.0,45738.0
1000006228,20250403,2025-04-03 00:51:12,1249,1,1,Buenos Aires,2646.0,1200.0,16446.0
1000006229,20240604,2024-06-04 12:49:55,4,2,1,Buenos Aires,7509.6,0.0,43269.6
1000006230,20241123,2024-11-23 16:51:08,1405,2,3,Santa Fe,7560.0,0.0,43560.0
1000006231,20240329,2024-03-29 13:43:54,1212,2,4,Mendoza,10010.7,0.0,57680.7
1000006232,20250527,2025-05-27 16:18:02,962,1,1,Buenos Aires,5985.0,900.0,35385.0
1000006233,20240608,2024-06-08 11:36:57,1016,2,3,Santa Fe,8448.3,0.0,48678.3
1000006234,20240102,2024-01-02 07:39:50,1346,1,1,Buenos Aires,4939.2,1200.0,29659.2
1000006235,20241110,2024-11-10 00:08:58,249,1,1,Buenos Aires,13129.2,900.0,76549.2
1000006236,20240515,2024-05-15 01:52:18,1301,1,1,Buenos Aires,9072.0,1200.0,53472.0
1000006237,20250223,2025-02-23 03:06:58,1224,2,4,Mendoza,6463.8,0.0,37243.8
1000006238,20250531,2025-05-31 23:20:49,790,1,3,Santa Fe,5670.0,900.0,33570.0
1000006239,20240704,2024-07-04 13:15:27,1307,1,1,Buenos Aires,14742.0,900.0,85842.0
1000006240,20240421,2024-04-21 21:03:37,56,1,1,Buenos Aires,2394.0,900.0,14694.0
1000006241,20241017,2024-10-17 17:31:36,266,2,4,Mendoza,8089.2,0.0,46609.2
1000006242,20250101,2025-01-01 04:26:26,80,2,1,Buenos Aires,4536.0,0.0,26136.0
1000006243,20250529,2025-05-29 12:13:56,1458,2,3,Santa Fe,2154.6,0.0,12414.6
1000006244,20240228,2024-02-28 23:00:37,685,1,1,Buenos Aires,4309.2,1500.0,26329.2
1000006245,20241119,2024-11-19 15:21:03,1284,2,1,Buenos Aires,2469.6,0.0,14229.6
1000006246,20240516,2024-05-16 20:15:55,1460,2,1,Buenos Aires,3142.12,0.0,18104.62
1000006247,20240413,2024-04-13 23:08:50,1024,1,4,Mendoza,6615.0,1200.0,39315.0
1000006248,20250510,2025-05-10 03:40:48,937,1,3,Santa Fe,2992.5,1200.0,18442.5
1000006249,20240328,2024-03-28 02:49:18,1489,2,1,Buenos Aires,4762.8,0.0,27442.8
1000006250,20240604,2024-06-04 07:27:13,1233,2,4,Mendoza,13948.2,0.0,80368.2
1000006251,20250806,2025-08-06 01:13:25,176,1,1,Buenos Aires,12499.2,0.0,72019.2
1000006252,20240421,2024-04-21 03:49:06,396,1,1,Buenos Aires,10001.88,900.0,58529.88
1000006253,20250525,2025-05-25 03:45:20,552,1,2,Córdoba,5386.5,900.0,31936.5
1000006254,20240904,2024-09-04 22:34:44,709,1,1,Buenos Aires,7528.5,1500.0,44878.5
1000006255,20250612,2025-06-12 07:36:28,1262,1,2,Córdoba,5386.5,1200.0,32236.5
1000006256,20250425,2025-04-25 22:20:50,310,2,2,Córdoba,3087.0,0.0,17787.0
1000006257,20240910,2024-09-10 19:39:37,1258,1,1,Buenos Aires,5040.0,900.0,29940.0
1000006258,20240417,2024-04-17 12:12:33,1039,2,3,Santa Fe,9426.38,0.0,54313.88
1000006259,20250208,2025-02-08 18:43:10,145,1,1,Buenos Aires,2154.6,1200.0,13614.6
1000006260,20240122,2024-01-22 19:12:56,928,1,1,Buenos Aires,7087.5,1200.0,42037.5
1000006261,20250706,2025-07-06 20:27:12,1061,1,1,Buenos Aires,12763.8,0.0,73543.8
1000006262,20240515,2024-05-15 10:09:04,1421,2,1,Buenos Aires,8505.0,0.0,49005.0
1000006263,20250729,2025-07-29 05:06:52,1219,1,1,Buenos Aires,14553.0,900.0,84753.0
1000006264,20250919,2025-09-19 14:10:14,510,1,1,Buenos Aires,4939.2,900.0,29359.2
1000006265,20250505,2025-05-05 20:46:38,684,1,3,Santa Fe,4536.0,900.0,27036.0
1000006266,20241020,2024-10-20 20:08:00,727,1,2,Córdoba,7144.2,1200.0,42364.2
1000006267,20250115,2025-01-15 04:55:45,584,1,1,Buenos Aires,11324.25,1500.0,66749.25
1000006268,20250228,2025-02-28 18:07:16,521,1,2,Córdoba,2835.0,1200.0,17535.0
1000006269,20250123,2025-01-23 06:48:52,475,1,1,Buenos Aires,14679.0,1200.0,85779.0
1000006270,20241104,2024-11-04 15:03:36,1472,1,1,Buenos Aires,3087.0,900.0,18687.0
1000006271,20250427,2025-04-27 22:45:10,188,1,4,Mendoza,11970.0,1500.0,70470.0
1000006272,20240413,2024-04-13 20:34:34,601,2,1,Buenos Aires,3087.0,0.0,17787.0
1000006273,20250819,2025-08-19 07:34:08,407,1,1,Buenos Aires,3307.5,900.0,19957.5
1000006274,20250116,2025-01-16 10:06:10,210,2,2,Córdoba,10187.1,0.0,58697.1
1000006275,20240920,2024-09-20 17:49:04,1472,2,2,Córdoba,5670.0,0.0,32670.0
1000006276,20250303,2025-03-03 20:22:41,1317,2,1,Buenos Aires,4536.0,0.0,26136.0
1000006277,20241128,2024-11-28 19:12:47,1450,1,4,Mendoza,4309.2,1500.0,26329.2
1000006278,20250731,2025-07-31 01:37:52,724,1,1,Buenos Aires,5985.0,0.0,34485.0
1000006279,20250116,2025-01-16 20:12:14,942,1,3,Santa Fe,8505.0,900.0,49905.0
1000006280,20240218,2024-02-18 14:02:37,226,1,2,Córdoba,2394.0,1500.0,15294.0
1000006281,20250928,2025-09-28 13:17:55,675,2,2,Córdoba,14061.6,0.0,81021.6
1000006282,20250222,2025-02-22 02:44:22,1366,1,2,Córdoba,6174.0,1200.0,36774.0
1000006283,20241109,2024-11-09 07:04:59,1464,1,1,Buenos Aires,4989.6,1200.0,29949.6
1000006284,20250510,2025-05-10 04:03:58,1317,2,2,Córdoba,5040.0,0.0,29040.0
1000006285,20241117,2024-11-17 13:26:28,321,1,1,Buenos Aires,5670.0,0.0,32670.0
1000006286,20250515,2025-05-15 10:45:28,288,2,3,Santa Fe,4536.0,0.0,26136.0
1000006287,20240215,2024-02-15 18:50:23,839,1,1,Buenos Aires,2835.0,1200.0,17535.0
1000006288,20240116,2024-01-16 06:14:30,63,2,4,Mendoza,11453.4,0.0,65993.4
1000006289,20240130,2024-01-30 00:50:20,74,1,1,Buenos Aires,4536.0,1200.0,27336.0
1000006290,20240621,2024-06-21 16:02:53,1359,1,1,Buenos Aires,2716.56,1200.0,16852.56
1000006291,20250625,2025-06-25 12:44:18,735,1,2,Córdoba,6463.8,0.0,37243.8
1000006292,20241203,2024-12-03 00:53:16,583,2,2,Córdoba,7182.0,0.0,41382.0
1000006293,20240205,2024-02-05 12:34:30,403,1,4,Mendoza,3087.0,900.0,18687.0
1000006294,20240921,2024-09-21 17:09:47,144,2,4,Mendoza,11264.4,0.0,64904.4
1000006295,20240509,2024-05-09 15:16:06,724,2,4,Mendoza,7541.1,0.0,43451.1
1000006296,20240414,2024-04-14 07:14:51,508,1,4,Mendoza,5040.0,900.0,29940.0
1000006297,20250226,2025-02-26 17:57:34,1476,1,3,Santa Fe,3150.0,900.0,19050.0
1000006298,20240312,2024-03-12 03:57:24,1069,1,1,Buenos Aires,6284.25,1500.0,37709.25
1000006299,20250522,2025-05-22 03:37:09,92,1,4,Mendoza,8316.0,900.0,48816.0
1000006300,20240312,2024-03-12 22:29:03,376,1,2,Córdoba,7144.2,1500.0,42664.2
1000006301,20241223,2024-12-23 00:18:40,251,2,4,Mendoza,9450.0,0.0,54450.0
1000006302,20241008,2024-10-08 10:18:15,665,1,3,Santa Fe,5985.0,1200.0,35685.0
1000006303,20241130,2024-11-30 21:41:33,4,2,1,Buenos Aires,8355.38,0.0,48142.88
1000006304,20250426,2025-04-26 09:42:07,225,1,1,Buenos Aires,12927.6,1200.0,75687.6
1000006305,20250420,2025-04-20 10:52:03,1083,2,1,Buenos Aires,5027.4,0.0,28967.4
1000006306,20241111,2024-11-11 06:27:05,111,1,1,Buenos Aires,5027.4,900.0,29867.4
1000006307,20240715,2024-07-15 18:31:47,1491,2,2,Córdoba,8316.0,0.0,47916.0
1000006308,20240131,2024-01-31 19:49:58,1340,1,2,Córdoba,8977.5,900.0,52627.5
1000006309,20250410,2025-04-10 06:44:18,597,1,1,Buenos Aires,2268.0,1200.0,14268.0
1000006310,20241026,2024-10-26 12:10:26,873,1,2,Córdoba,2469.6,1500.0,15729.6
1000006311,20240328,2024-03-28 17:55:10,1021,2,1,Buenos Aires,9355.5,0.0,53905.5
1000006312,20250206,2025-02-06 21:44:04,456,1,1,Buenos Aires,8618.4,1500.0,51158.4
1000006313,20250131,2025-01-31 22:47:26,413,2,3,Santa Fe,5266.8,0.0,30346.8
1000006314,20240308,2024-03-08 01:01:13,748,2,3,Santa Fe,16654.68,0.0,95962.68
1000006315,20240609,2024-06-09 03:14:47,1310,2,1,Buenos Aires,2835.0,0.0,16335.0
1000006316,20240305,2024-03-05 03:39:06,1271,1,1,Buenos Aires,2992.5,1200.0,18442.5
1000006317,20240928,2024-09-28 20:01:47,964,1,1,Buenos Aires,2646.0,1500.0,16746.0
1000006318,20241205,2024-12-05 13:49:33,1178,1,2,Córdoba,7623.0,1500.0,45423.0
1000006319,20250515,2025-05-15 19:07:54,292,1,1,Buenos Aires,5433.12,900.0,32205.12
1000006320,20250221,2025-02-21 13:52:41,1034,2,4,Mendoza,14112.0,0.0,81312.0
1000006321,20241118,2024-11-18 19:21:17,494,1,1,Buenos Aires,10017.0,1200.0,58917.0
1000006322,20241212,2024-12-12 22:28:16,1025,1,1,Buenos Aires,5433.12,0.0,31305.12
1000006323,20250803,2025-08-03 08:22:26,1045,2,2,Córdoba,3087.0,0.0,17787.0
1000006324,20250421,2025-04-21 02:00:02,700,1,2,Córdoba,2381.4,1200.0,14921.4
1000006325,20240620,2024-06-20 15:57:42,1194,1,1,Buenos Aires,2268.0,1200.0,14268.0
1000006326,20250525,2025-05-25 00:45:59,449,1,1,Buenos Aires,13582.8,1200.0,79462.8
1000006327,20240928,2024-09-28 05:43:23,220,2,4,Mendoza,10432.8,0.0,60112.8
1000006328,20250921,2025-09-21 22:39:47,1152,1,1,Buenos Aires,22254.75,0.0,128229.75
1000006329,20240512,2024-05-12 05:16:43,417,2,3,Santa Fe,9878.4,0.0,56918.4
1000006330,20250501,2025-05-01 17:11:55,231,2,3,Santa Fe,6174.0,0.0,35574.0
1000006331,20240131,2024-01-31 07:28:46,142,1,1,Buenos Aires,8505.0,900.0,49905.0
1000006332,20240618,2024-06-18 14:30:48,867,1,3,Santa Fe,5186.16,0.0,29882.16
1000006333,20250225,2025-02-25 14:33:19,1011,1,1,Buenos Aires,2835.0,1200.0,17535.0
1000006334,20250108,2025-01-08 02:34:11,1363,1,1,Buenos Aires,3150.0,1200.0,19350.0
1000006335,20250407,2025-04-07 23:43:24,1027,2,3,Santa Fe,14590.8,0.0,84070.8
1000006336,20250625,2025-06-25 14:31:45,135,1,1,Buenos Aires,4788.0,1200.0,28788.0
1000006337,20250316,2025-03-16 19:33:09,582,1,4,Mendoza,2835.0,1200.0,17535.0
1000006338,20240928,2024-09-28 05:56:39,525,1,1,Buenos Aires,5386.5,900.0,31936.5
1000006339,20250515,2025-05-15 11:55:57,463,2,3,Santa Fe,12426.75,0.0,71601.75
1000006340,20241118,2024-11-18 06:41:11,1127,1,3,Santa Fe,6667.92,1200.0,39619.92
1000006341,20250212,2025-02-12 21:36:58,1263,1,1,Buenos Aires,4536.0,900.0,27036.0
1000006342,20250306,2025-03-06 03:58:15,294,1,1,Buenos Aires,14628.6,1500.0,85788.6
1000006343,20250312,2025-03-12 08:23:17,594,2,3,Santa Fe,11970.0,0.0,68970.0
1000006344,20240117,2024-01-17 23:42:35,195,2,2,Córdoba,12789.0,0.0,73689.0
1000006345,20240203,2024-02-03 22:40:53,649,2,1,Buenos Aires,3087.0,0.0,17787.0
1000006346,20241101,2024-11-01 20:35:53,1043,1,3,Santa Fe,5304.6,900.0,31464.6
1000006347,20250804,2025-08-04 03:02:05,932,1,2,Córdoba,11050.2,900.0,64570.2
1000006348,20250510,2025-05-10 13:50:40,444,1,1,Buenos Aires,2992.5,900.0,18142.5
1000006349,20250717,2025-07-17 11:00:34,87,1,2,Córdoba,5186.16,0.0,29882.16
1000006350,20241028,2024-10-28 14:39:30,819,1,2,Córdoba,8505.0,900.0,49905.0
1000006351,20240620,2024-06-20 11:24:30,967,1,4,Mendoza,12789.0,1500.0,75189.0
1000006352,20241222,2024-12-22 00:01:16,605,2,4,Mendoza,8977.5,0.0,51727.5
1000006353,20240811,2024-08-11 01:40:32,1331,1,1,Buenos Aires,5922.0,1200.0,35322.0
1000006354,20240814,2024-08-14 10:16:02,527,2,2,Córdoba,6804.0,0.0,39204.0
1000006355,20240902,2024-09-02 05:08:22,660,1,1,Buenos Aires,18761.4,1200.0,109301.4
1000006356,20250406,2025-04-06 05:12:27,1355,1,1,Buenos Aires,9261.0,900.0,54261.0
1000006357,20240703,2024-07-03 01:23:34,336,1,4,Mendoza,4445.28,0.0,25613.28
1000006358,20250209,2025-02-09 14:18:07,764,2,4,Mendoza,2513.7,0.0,14483.7
1000006359,20250127,2025-01-27 05:02:00,321,1,3,Santa Fe,7560.0,0.0,43560.0
1000006360,20241031,2024-10-31 16:23:08,307,1,1,Buenos Aires,10521.0,1200.0,61821.0
1000006361,20240127,2024-01-27 10:22:02,1027,2,1,Buenos Aires,15309.0,0.0,88209.0
1000006362,20241004,2024-10-04 13:13:59,1359,2,4,Mendoza,2041.2,0.0,11761.2
1000006363,20250413,2025-04-13 04:14:49,723,1,2,Córdoba,2992.5,900.0,18142.5
1000006364,20250210,2025-02-10 16:47:19,1135,1,1,Buenos Aires,4939.2,1200.0,29659.2
1000006365,20241014,2024-10-14 23:59:49,72,1,1,Buenos Aires,7560.0,1500.0,45060.0
1000006366,20240805,2024-08-05 08:08:34,459,2,4,Mendoza,7938.0,0.0,45738.0
1000006367,20240628,2024-06-28 21:37:04,453,2,4,Mendoza,6300.0,0.0,36300.0
1000006368,20240704,2024-07-04 22:57:22,995,1,3,Santa Fe,10187.1,900.0,59597.1
1000006369,20250404,2025-04-04 06:52:57,316,2,4,Mendoza,3150.0,0.0,18150.0
1000006370,20250828,2025-08-28 21:04:22,1306,2,4,Mendoza,5186.16,0.0,29882.16
1000006371,20250916,2025-09-16 22:56:25,212,2,4,Mendoza,11214.0,0.0,64614.0
1000006372,20240223,2024-02-23 10:44:54,212,1,1,Buenos Aires,4788.0,1200.0,28788.0
1000006373,20240422,2024-04-22 00:56:03,1378,1,3,Santa Fe,13104.0,900.0,76404.0
1000006374,20250416,2025-04-16 18:24:17,746,1,2,Córdoba,16443.0,900.0,95643.0
1000006375,20240331,2024-03-31 07:01:15,1327,1,4,Mendoza,2268.0,900.0,13968.0
1000006376,20240122,2024-01-22 19:03:42,1323,2,3,Santa Fe,5985.0,0.0,34485.0
1000006377,20240930,2024-09-30 08:39:49,1036,1,3,Santa Fe,2394.0,900.0,14694.0
1000006378,20240715,2024-07-15 02:00:07,426,2,3,Santa Fe,2469.6,0.0,14229.6
1000006379,20240918,2024-09-18 02:51:20,1045,1,3,Santa Fe,4762.8,1200.0,28642.8
1000006380,20250820,2025-08-20 17:04:33,885,1,1,Buenos Aires,10347.75,0.0,59622.75
1000006381,20250522,2025-05-22 08:42:16,1009,1,4,Mendoza,2772.0,1200.0,17172.0
1000006382,20240126,2024-01-26 23:14:04,220,2,2,Córdoba,5386.5,0.0,31036.5
1000006383,20240803,2024-08-03 04:34:06,705,1,1,Buenos Aires,7591.5,900.0,44641.5
1000006384,20240623,2024-06-23 16:57:59,1037,1,3,Santa Fe,4082.4,1200.0,24722.4
1000006385,20240610,2024-06-10 10:20:35,789,1,2,Córdoba,13545.0,1500.0,79545.0
1000006386,20240610,2024-06-10 23:23:01,79,1,1,Buenos Aires,7182.0,900.0,42282.0
1000006387,20240101,2024-01-01 21:10:13,768,1,1,Buenos Aires,9384.48,900.0,54972.48
1000006388,20250106,2025-01-06 01:37:12,1253,2,2,Córdoba,11907.0,0.0,68607.0
1000006389,20240701,2024-07-01 08:28:41,340,1,1,Buenos Aires,8933.4,1500.0,52973.4
1000006390,20250308,2025-03-08 20:10:33,87,1,1,Buenos Aires,13582.8,1200.0,79462.8
1000006391,20250525,2025-05-25 10:27:06,504,1,1,Buenos Aires,2992.5,900.0,18142.5
1000006392,20240105,2024-01-05 01:01:53,575,1,4,Mendoza,6300.0,1200.0,37500.0
1000006393,20240524,2024-05-24 01:25:58,467,1,2,Córdoba,8334.9,900.0,48924.9
1000006394,20250311,2025-03-11 16:38:35,771,1,1,Buenos Aires,9261.0,900.0,54261.0
1000006395,20250905,2025-09-05 14:53:51,1306,1,1,Buenos Aires,14679.0,0.0,84579.0
1000006396,20240221,2024-02-21 03:02:35,465,2,2,Córdoba,9875.25,0.0,56900.25
1000006397,20250902,2025-09-02 10:12:53,877,2,4,Mendoza,2551.5,0.0,14701.5
1000006398,20240313,2024-03-13 15:57:40,602,1,4,Mendoza,7560.0,0.0,43560.0
1000006399,20250620,2025-06-20 16:11:06,554,1,3,Santa Fe,5292.0,900.0,31392.0
1000006400,20241113,2024-11-13 23:28:11,1313,1,3,Santa Fe,9355.5,900.0,54805.5
1000006401,20250118,2025-01-18 09:46:16,410,2,2,Córdoba,4536.0,0.0,26136.0
1000006402,20240911,2024-09-11 21:36:13,1312,2,2,Córdoba,6300.0,0.0,36300.0
1000006403,20250803,2025-08-03 13:47:13,289,2,1,Buenos Aires,2394.0,0.0,13794.0
1000006404,20250517,2025-05-17 21:24:03,429,2,1,Buenos Aires,2520.0,0.0,14520.0
1000006405,20250830,2025-08-30 17:24:40,699,1,1,Buenos Aires,2222.64,1200.0,14006.64
1000006406,20250228,2025-02-28 15:15:35,267,2,2,Córdoba,2992.5,0.0,17242.5
1000006407,20250502,2025-05-02 06:00:37,1228,1,1,Buenos Aires,6284.25,1200.0,37409.25
1000006408,20241004,2024-10-04 14:22:38,476,1,1,Buenos Aires,2992.5,900.0,18142.5
1000006409,20250114,2025-01-14 10:11:40,1276,1,3,Santa Fe,5040.0,1200.0,30240.0
1000006410,20240428,2024-04-28 16:50:08,648,2,2,Córdoba,2835.0,0.0,16335.0
1000006411,20240117,2024-01-17 07:25:32,851,2,4,Mendoza,8505.0,0.0,49005.0
1000006412,20241226,2024-12-26 08:39:12,1348,2,4,Mendoza,6300.0,0.0,36300.0
1000006413,20240225,2024-02-25 16:58:23,1318,2,2,Córdoba,9324.0,0.0,53724.0
1000006414,20241215,2024-12-15 11:25:28,514,2,1,Buenos Aires,3118.5,0.0,17968.5
1000006415,20241108,2024-11-08 04:34:48,1093,1,4,Mendoza,8930.25,900.0,52355.25
1000006416,20240913,2024-09-13 10:49:16,1426,1,4,Mendoza,2494.8,1200.0,15574.8
1000006417,20250706,2025-07-06 07:50:46,996,2,2,Córdoba,9009.0,0.0,51909.0
1000006418,20250107,2025-01-07 04:46:18,718,2,2,Córdoba,5985.0,0.0,34485.0
1000006419,20240530,2024-05-30 08:54:28,724,1,4,Mendoza,13230.0,900.0,77130.0
1000006420,20240312,2024-03-12 16:15:25,114,1,2,Córdoba,11226.6,1500.0,66186.6
1000006421,20250116,2025-01-16 06:53:35,800,2,2,Córdoba,2551.5,0.0,14701.5
1000006422,20250214,2025-02-14 06:11:13,1004,1,2,Córdoba,8316.0,1200.0,49116.0
1000006423,20250109,2025-01-09 08:54:59,147,2,1,Buenos Aires,2469.6,0.0,14229.6
1000006424,20250106,2025-01-06 15:26:30,28,2,1,Buenos Aires,5040.0,0.0,29040.0
1000006425,20250121,2025-01-21 11:16:32,786,1,1,Buenos Aires,9450.0,1200.0,55650.0
1000006426,20250722,2025-07-22 18:24:54,153,2,3,Santa Fe,2469.6,0.0,14229.6
1000006427,20241103,2024-11-03 22:18:30,1433,1,1,Buenos Aires,7541.1,900.0,44351.1
1000006428,20250608,2025-06-08 13:35:35,1419,2,1,Buenos Aires,14968.8,0.0,86248.8
1000006429,20250904,2025-09-04 10:27:11,389,2,4,Mendoza,2268.0,0.0,13068.0
1000006430,20240613,2024-06-13 12:02:47,233,2,3,Santa Fe,20487.6,0.0,118047.6
1000006431,20250227,2025-02-27 21:55:44,746,1,2,Córdoba,13022.1,0.0,75032.1
1000006432,20250302,2025-03-02 18:04:23,894,2,1,Buenos Aires,11894.4,0.0,68534.4
1000006433,20250912,2025-09-12 22:26:58,1083,1,1,Buenos Aires,2835.0,900.0,17235.0
1000006434,20240805,2024-08-05 19:01:41,1347,1,1,Buenos Aires,4939.2,1200.0,29659.2
1000006435,20240324,2024-03-24 06:14:12,24,2,4,Mendoza,9450.0,0.0,54450.0
1000006436,20250526,2025-05-26 12:07:35,1239,1,4,Mendoza,9261.0,1200.0,54561.0
1000006437,20250319,2025-03-19 14:04:55,1151,1,1,Buenos Aires,4536.0,1200.0,27336.0
1000006438,20250428,2025-04-28 13:22:24,696,2,4,Mendoza,10332.0,0.0,59532.0
1000006439,20240303,2024-03-03 02:02:31,1278,1,3,Santa Fe,2992.5,1200.0,18442.5
1000006440,20240718,2024-07-18 19:29:07,336,1,2,Córdoba,7320.6,900.0,43080.6
1000006441,20250607,2025-06-07 12:28:39,1174,1,1,Buenos Aires,5680.08,0.0,32728.08
1000006442,20241227,2024-12-27 03:51:03,668,1,3,Santa Fe,7408.8,1200.0,43888.8
1000006443,20241107,2024-11-07 10:14:51,501,2,2,Córdoba,9355.5,0.0,53905.5
1000006444,20241110,2024-11-10 13:52:19,1292,2,1,Buenos Aires,4788.0,0.0,27588.0
1000006445,20250202,2025-02-02 15:17:17,198,1,1,Buenos Aires,8505.0,900.0,49905.0
1000006446,20250318,2025-03-18 20:40:14,884,1,1,Buenos Aires,11919.6,900.0,69579.6
1000006447,20250107,2025-01-07 07:09:15,1230,1,3,Santa Fe,5985.0,1500.0,35985.0
1000006448,20250926,2025-09-26 11:19:16,212,2,2,Córdoba,2268.0,0.0,13068.0
1000006449,20241209,2024-12-09 17:20:42,1025,2,2,Córdoba,2268.0,0.0,13068.0
1000006450,20240804,2024-08-04 07:42:26,1424,2,2,Córdoba,5370.75,0.0,30945.75
1000006451,20241112,2024-11-12 06:04:43,975,1,1,Buenos Aires,2041.2,900.0,12661.2
1000006452,20250128,2025-01-28 13:27:04,820,1,1,Buenos Aires,6804.0,1500.0,40704.0
1000006453,20241020,2024-10-20 07:13:51,1099,1,1,Buenos Aires,15781.5,1500.0,92431.5
1000006454,20250116,2025-01-16 21:17:17,1175,1,1,Buenos Aires,2394.0,900.0,14694.0
1000006455,20240226,2024-02-26 02:43:21,860,2,4,Mendoza,2772.0,0.0,15972.0
1000006456,20241106,2024-11-06 08:56:17,132,2,3,Santa Fe,2394.0,0.0,13794.0
1000006457,20250826,2025-08-26 02:25:17,573,1,2,Córdoba,6174.0,900.0,36474.0
1000006458,20240227,2024-02-27 02:05:03,199,2,4,Mendoza,4536.0,0.0,26136.0
1000006459,20241210,2024-12-10 03:31:36,539,1,1,Buenos Aires,4309.2,1200.0,26029.2
1000006460,20250704,2025-07-04 15:17:46,196,1,2,Córdoba,5670.0,1200.0,33870.0
1000006461,20240523,2024-05-23 18:30:14,267,1,1,Buenos Aires,5670.0,1200.0,33870.0
1000006462,20240929,2024-09-29 01:18:12,220,2,4,Mendoza,8930.25,0.0,51455.25
1000006463,20240310,2024-03-10 11:55:04,604,1,4,Mendoza,17955.0,0.0,103455.0
1000006464,20240616,2024-06-16 17:45:29,73,1,3,Santa Fe,5292.0,1200.0,31692.0
1000006465,20241125,2024-11-25 04:03:34,1331,1,2,Córdoba,6174.0,1200.0,36774.0
1000006466,20241123,2024-11-23 19:34:31,158,1,1,Buenos Aires,5040.0,900.0,29940.0
1000006467,20240401,2024-04-01 01:34:27,549,2,2,Córdoba,12594.96,0.0,72570.96
1000006468,20240313,2024-03-13 06:11:18,1448,1,1,Buenos Aires,9576.0,1200.0,56376.0
1000006469,20250815,2025-08-15 11:24:36,795,2,1,Buenos Aires,4536.0,0.0,26136.0
1000006470,20250309,2025-03-09 07:37:46,77,1,1,Buenos Aires,2693.25,1500.0,17018.25
1000006471,20250725,2025-07-25 23:34:57,1163,1,3,Santa Fe,2394.0,1500.0,15294.0
1000006472,20250403,2025-04-03 20:02:50,1121,2,1,Buenos Aires,3150.0,0.0,18150.0
1000006473,20240512,2024-05-12 22:59:30,232,2,1,Buenos Aires,7560.0,0.0,43560.0
1000006474,20240707,2024-07-07 19:37:43,329,1,4,Mendoza,2513.7,900.0,15383.7
1000006475,20240212,2024-02-12 05:57:00,1094,1,4,Mendoza,4939.2,1200.0,29659.2
1000006476,20250523,2025-05-23 19:30:15,944,1,3,Santa Fe,10426.5,0.0,60076.5
1000006477,20241214,2024-12-14 00:40:16,1304,1,1,Buenos Aires,2268.0,900.0,13968.0
1000006478,20240105,2024-01-05 14:36:41,61,2,1,Buenos Aires,6804.0,0.0,39204.0
1000006479,20250324,2025-03-24 07:34:42,560,2,3,Santa Fe,6930.0,0.0,39930.0
1000006480,20241115,2024-11-15 00:29:17,299,1,1,Buenos Aires,8379.0,900.0,49179.0
1000006481,20250709,2025-07-09 12:22:14,812,1,2,Córdoba,7408.8,1500.0,44188.8
1000006482,20240301,2024-03-01 07:04:14,169,1,1,Buenos Aires,24160.5,1200.0,140410.5
1000006483,20250408,2025-04-08 20:20:22,1136,2,1,Buenos Aires,2520.0,0.0,14520.0
1000006484,20240803,2024-08-03 18:55:04,986,1,2,Córdoba,3087.0,1200.0,18987.0
1000006485,20250830,2025-08-30 11:45:19,1066,2,1,Buenos Aires,9450.0,0.0,54450.0
1000006486,20250607,2025-06-07 21:37:43,1041,2,1,Buenos Aires,12448.8,0.0,71728.8
1000006487,20240911,2024-09-11 22:14:02,152,2,2,Córdoba,7623.0,0.0,43923.0
1000006488,20240220,2024-02-20 23:05:50,1402,2,3,Santa Fe,6791.4,0.0,39131.4
1000006489,20240303,2024-03-03 03:58:38,1032,1,2,Córdoba,5985.0,1200.0,35685.0
1000006490,20240630,2024-06-30 01:08:10,508,1,1,Buenos Aires,13608.0,900.0,79308.0
1000006491,20250329,2025-03-29 02:29:31,32,1,3,Santa Fe,3395.7,0.0,19565.7
1000006492,20250726,2025-07-26 07:06:31,1373,1,1,Buenos Aires,4788.0,1500.0,29088.0
1000006493,20241208,2024-12-08 12:04:20,1133,2,3,Santa Fe,15529.5,0.0,89479.5
1000006494,20240719,2024-07-19 10:23:05,1336,1,1,Buenos Aires,7900.2,0.0,45520.2
1000006495,20240219,2024-02-19 03:22:02,1061,1,1,Buenos Aires,7182.0,1200.0,42582.0
1000006496,20250613,2025-06-13 16:44:13,1033,1,1,Buenos Aires,4788.0,1500.0,29088.0
1000006497,20250829,2025-08-29 02:12:16,993,2,2,Córdoba,5693.31,0.0,32804.31
1000006498,20240723,2024-07-23 14:02:37,1034,1,2,Córdoba,2992.5,900.0,18142.5
1000006499,20240916,2024-09-16 19:12:53,1468,2,1,Buenos Aires,5292.0,0.0,30492.0
1000006500,20240823,2024-08-23 16:31:00,419,1,4,Mendoza,5670.0,1200.0,33870.0
1000006501,20241101,2024-11-01 12:15:15,1348,1,2,Córdoba,9261.0,900.0,54261.0
1000006502,20241107,2024-11-07 04:03:55,39,2,4,Mendoza,3291.75,0.0,18966.75
1000006503,20250116,2025-01-16 21:11:36,1006,1,1,Buenos Aires,2268.0,1200.0,14268.0
1000006504,20240527,2024-05-27 03:45:20,311,2,1,Buenos Aires,12656.7,0.0,72926.7
1000006505,20240318,2024-03-18 23:20:55,373,1,4,Mendoza,5670.0,1200.0,33870.0
1000006506,20241022,2024-10-22 08:08:12,623,1,4,Mendoza,7459.2,900.0,43879.2
1000006507,20250220,2025-02-20 15:40:25,1313,1,3,Santa Fe,3150.0,900.0,19050.0
1000006508,20250716,2025-07-16 07:07:58,283,2,2,Córdoba,8643.6,0.0,49803.6
1000006509,20250529,2025-05-29 17:06:15,734,1,1,Buenos Aires,19341.0,1200.0,112641.0
1000006510,20250309,2025-03-09 16:25:19,1182,2,2,Córdoba,13041.0,0.0,75141.0
1000006511,20250309,2025-03-09 10:15:37,67,2,2,Córdoba,12877.2,0.0,74197.2
1000006512,20240128,2024-01-28 10:43:38,919,1,1,Buenos Aires,4989.6,1500.0,30249.6
1000006513,20240812,2024-08-12 02:28:59,737,2,4,Mendoza,2716.56,0.0,15652.56
1000006514,20250622,2025-06-22 11:16:09,1267,2,1,Buenos Aires,2992.5,0.0,17242.5
1000006515,20250226,2025-02-26 12:34:03,1345,1,1,Buenos Aires,9632.7,1200.0,56702.7
1000006516,20240402,2024-04-02 16:40:32,1085,1,2,Córdoba,4082.4,1200.0,24722.4
1000006517,20250708,2025-07-08 18:43:29,126,1,1,Buenos Aires,7560.0,1200.0,44760.0
1000006518,20240823,2024-08-23 08:42:57,20,1,1,Buenos Aires,8643.6,900.0,50703.6
1000006519,20250714,2025-07-14 03:35:58,1183,1,3,Santa Fe,2469.6,1200.0,15429.6
1000006520,20240517,2024-05-17 16:48:55,1082,1,1,Buenos Aires,4536.0,1200.0,27336.0
1000006521,20241010,2024-10-10 04:21:28,349,1,1,Buenos Aires,7938.0,900.0,46638.0
1000006522,20241102,2024-11-02 18:33:49,569,1,4,Mendoza,17931.38,900.0,104218.88
1000006523,20250916,2025-09-16 21:01:41,10,1,2,Córdoba,5985.0,1200.0,35685.0
1000006524,20250117,2025-01-17 04:50:33,1194,2,4,Mendoza,6123.6,0.0,35283.6
1000006525,20250816,2025-08-16 18:08:04,1350,1,1,Buenos Aires,9724.05,0.0,56029.05
1000006526,20241012,2024-10-12 16:21:11,1490,1,4,Mendoza,2268.0,900.0,13968.0
1000006527,20250921,2025-09-21 19:07:15,517,2,4,Mendoza,11455.92,0.0,66007.92
1000006528,20240918,2024-09-18 05:43:12,907,1,1,Buenos Aires,6284.25,900.0,37109.25
1000006529,20240915,2024-09-15 23:14:49,115,1,1,Buenos Aires,8977.5,1500.0,53227.5
1000006530,20241208,2024-12-08 00:56:25,415,1,1,Buenos Aires,6583.5,1200.0,39133.5
1000006531,20240623,2024-06-23 13:44:14,801,2,3,Santa Fe,4536.0,0.0,26136.0
1000006532,20240127,2024-01-27 14:11:42,847,1,4,Mendoza,9450.0,900.0,55350.0
1000006533,20240204,2024-02-04 09:22:11,622,1,1,Buenos Aires,6300.0,0.0,36300.0
1000006534,20240406,2024-04-06 17:49:42,1288,2,2,Córdoba,7408.8,0.0,42688.8
1000006535,20250112,2025-01-12 16:38:06,1045,2,2,Córdoba,5266.8,0.0,30346.8
1000006536,20250308,2025-03-08 01:17:11,523,1,1,Buenos Aires,12549.6,1200.0,73509.6
1000006537,20241012,2024-10-12 03:23:24,1419,2,3,Santa Fe,2551.5,0.0,14701.5
1000006538,20240229,2024-02-29 21:10:45,733,2,4,Mendoza,5985.0,0.0,34485.0
1000006539,20250110,2025-01-10 04:40:09,339,1,1,Buenos Aires,2835.0,1500.0,17835.0
1000006540,20240827,2024-08-27 05:14:38,1434,2,2,Córdoba,2633.4,0.0,15173.4
1000006541,20240127,2024-01-27 16:31:32,853,2,2,Córdoba,9525.6,0.0,54885.6
1000006542,20250209,2025-02-09 11:06:05,799,1,4,Mendoza,5977.12,900.0,35339.62
1000006543,20250718,2025-07-18 15:41:28,902,1,1,Buenos Aires,4788.0,1200.0,28788.0
1000006544,20240630,2024-06-30 05:51:44,1133,1,2,Córdoba,7560.0,1200.0,44760.0
1000006545,20250118,2025-01-18 17:19:48,1163,1,1,Buenos Aires,9676.8,1200.0,56956.8
1000006546,20250716,2025-07-16 21:20:14,186,1,1,Buenos Aires,7862.4,0.0,45302.4
1000006547,20250818,2025-08-18 19:56:27,671,1,1,Buenos Aires,5638.5,900.0,33388.5
1000006548,20250811,2025-08-11 14:51:29,1359,1,2,Córdoba,2976.75,1200.0,18351.75
1000006549,20240221,2024-02-21 11:31:29,835,1,3,Santa Fe,3307.5,900.0,19957.5
1000006550,20250914,2025-09-14 00:06:18,16,1,2,Córdoba,6482.7,900.0,38252.7
1000006551,20240522,2024-05-22 01:03:41,975,1,1,Buenos Aires,5544.0,0.0,31944.0
1000006552,20250217,2025-02-17 14:05:25,597,2,4,Mendoza,8505.0,0.0,49005.0
1000006553,20240424,2024-04-24 06:39:32,564,1,1,Buenos Aires,2835.0,1500.0,17835.0
1000006554,20241226,2024-12-26 14:05:48,229,1,1,Buenos Aires,4939.2,900.0,29359.2
1000006555,20250322,2025-03-22 04:13:38,209,1,3,Santa Fe,5670.0,1200.0,33870.0
1000006556,20241208,2024-12-08 16:47:28,236,1,3,Santa Fe,3150.0,900.0,19050.0
1000006557,20240120,2024-01-20 08:23:01,942,2,4,Mendoza,7779.24,0.0,44823.24
1000006558,20250226,2025-02-26 00:15:24,1106,2,4,Mendoza,2520.0,0.0,14520.0
1000006559,20240105,2024-01-05 05:12:24,778,2,1,Buenos Aires,7408.8,0.0,42688.8
1000006560,20241222,2024-12-22 00:55:53,787,1,2,Córdoba,3241.35,1200.0,19876.35
1000006561,20250610,2025-06-10 12:51:59,355,1,4,Mendoza,3118.5,900.0,18868.5
1000006562,20250917,2025-09-17 05:03:14,1477,1,1,Buenos Aires,4939.2,1200.0,29659.2
1000006563,20250123,2025-01-23 07:38:17,334,2,2,Córdoba,5433.12,0.0,31305.12
1000006564,20250524,2025-05-24 11:40:52,10,1,1,Buenos Aires,6300.0,900.0,37200.0
1000006565,20240930,2024-09-30 02:53:59,54,1,4,Mendoza,5103.0,1200.0,30603.0
1000006566,20240912,2024-09-12 12:12:31,361,1,4,Mendoza,2520.0,1500.0,16020.0
1000006567,20240128,2024-01-28 05:55:52,1392,1,1,Buenos Aires,5670.0,1500.0,34170.0
1000006568,20250621,2025-06-21 02:31:34,856,1,1,Buenos Aires,8505.0,1200.0,50205.0
1000006569,20240713,2024-07-13 13:09:35,543,2,3,Santa Fe,2992.5,0.0,17242.5
1000006570,20241011,2024-10-11 20:42:27,1356,1,1,Buenos Aires,5040.0,1500.0,30540.0
1000006571,20240423,2024-04-23 10:33:58,656,2,3,Santa Fe,3150.0,0.0,18150.0
1000006572,20250819,2025-08-19 20:47:43,1096,2,2,Córdoba,17388.0,0.0,100188.0
1000006573,20250827,2025-08-27 21:05:14,478,1,1,Buenos Aires,6123.6,1500.0,36783.6
1000006574,20241216,2024-12-16 01:57:12,328,1,1,Buenos Aires,4762.8,0.0,27442.8
1000006575,20240407,2024-04-07 18:21:37,585,2,2,Córdoba,3465.0,0.0,19965.0
1000006576,20240211,2024-02-11 09:30:03,65,1,2,Córdoba,11844.0,900.0,69144.0
1000006577,20250310,2025-03-10 15:53:55,1379,1,4,Mendoza,5638.5,900.0,33388.5
1000006578,20240401,2024-04-01 17:58:55,212,2,4,Mendoza,9324.0,0.0,53724.0
1000006579,20240420,2024-04-20 11:03:56,705,1,1,Buenos Aires,12247.2,900.0,71467.2
1000006580,20250824,2025-08-24 05:02:03,1249,1,1,Buenos Aires,8505.0,900.0,49905.0
1000006581,20241123,2024-11-23 11:36:18,702,2,4,Mendoza,14464.8,0.0,83344.8
1000006582,20241231,2024-12-31 00:36:12,764,2,2,Córdoba,7182.0,0.0,41382.0
1000006583,20250326,2025-03-26 22:18:18,1378,2,4,Mendoza,17299.8,0.0,99679.8
1000006584,20250507,2025-05-07 17:01:16,204,1,1,Buenos Aires,14704.2,1200.0,85924.2
1000006585,20250701,2025-07-01 02:08:28,1383,1,1,Buenos Aires,2772.0,900.0,16872.0
1000006586,20250724,2025-07-24 03:51:15,738,1,1,Buenos Aires,2633.4,1200.0,16373.4
1000006587,20241112,2024-11-12 09:50:11,332,1,1,Buenos Aires,6775.65,1200.0,40240.65
1000006588,20250124,2025-01-24 21:46:49,1338,1,3,Santa Fe,10728.9,1200.0,63018.9
1000006589,20240613,2024-06-13 03:58:20,727,2,2,Córdoba,8505.0,0.0,49005.0
1000006590,20240710,2024-07-10 05:33:16,1491,1,1,Buenos Aires,6300.0,1200.0,37500.0
1000006591,20241009,2024-10-09 19:36:17,136,2,2,Córdoba,6463.8,0.0,37243.8
1000006592,20240917,2024-09-17 06:57:13,1396,1,1,Buenos Aires,23294.25,1500.0,135719.25
1000006593,20240221,2024-02-21 23:59:04,555,2,1,Buenos Aires,3307.5,0.0,19057.5
1000006594,20240904,2024-09-04 14:47:20,1178,2,1,Buenos Aires,4762.8,0.0,27442.8
1000006595,20240604,2024-06-04 23:22:26,235,1,1,Buenos Aires,7408.8,1200.0,43888.8
1000006596,20241231,2024-12-31 03:09:08,539,1,3,Santa Fe,2835.0,0.0,16335.0
1000006597,20250415,2025-04-15 16:51:47,553,2,2,Córdoba,7182.0,0.0,41382.0
1000006598,20241208,2024-12-08 10:57:10,376,2,4,Mendoza,7654.5,0.0,44104.5
1000006599,20250409,2025-04-09 11:19:42,1377,1,2,Córdoba,4788.0,1200.0,28788.0
1000006600,20240403,2024-04-03 01:13:07,619,2,1,Buenos Aires,6667.92,0.0,38419.92
1000006601,20240329,2024-03-29 03:41:30,47,1,1,Buenos Aires,9724.05,1200.0,57229.05
1000006602,20240208,2024-02-08 19:32:56,666,2,2,Córdoba,2693.25,0.0,15518.25
1000006603,20240919,2024-09-19 10:20:41,778,1,2,Córdoba,12253.5,1200.0,71803.5
1000006604,20240920,2024-09-20 08:15:17,1457,1,1,Buenos Aires,10001.88,1500.0,59129.88
1000006605,20240605,2024-06-05 15:41:52,932,1,4,Mendoza,13242.6,1200.0,77502.6
1000006606,20240921,2024-09-21 03:12:03,478,1,1,Buenos Aires,4939.2,900.0,29359.2
1000006607,20250903,2025-09-03 19:50:51,1480,1,2,Córdoba,9450.0,1500.0,55950.0
1000006608,20250417,2025-04-17 15:23:10,994,1,3,Santa Fe,3465.0,1200.0,21165.0
1000006609,20241114,2024-11-14 17:32:59,165,2,1,Buenos Aires,9450.0,0.0,54450.0
1000006610,20241211,2024-12-11 01:00:38,1126,1,3,Santa Fe,7582.68,0.0,43690.68
1000006611,20240706,2024-07-06 14:14:41,445,1,1,Buenos Aires,7623.0,0.0,43923.0
1000006612,20240602,2024-06-02 11:49:38,321,1,2,Córdoba,7779.24,900.0,45723.24
1000006613,20250725,2025-07-25 03:55:28,975,1,4,Mendoza,8479.8,0.0,48859.8
1000006614,20240720,2024-07-20 16:48:20,916,2,4,Mendoza,15687.0,0.0,90387.0
1000006615,20240506,2024-05-06 18:54:23,814,1,1,Buenos Aires,8662.5,1200.0,51112.5
1000006616,20250613,2025-06-13 08:02:35,1227,2,3,Santa Fe,10124.1,0.0,58334.1
1000006617,20240212,2024-02-12 01:00:26,528,2,1,Buenos Aires,9273.6,0.0,53433.6
1000006618,20241214,2024-12-14 22:45:57,809,2,1,Buenos Aires,8149.68,0.0,46957.68
1000006619,20250624,2025-06-24 02:01:55,1105,2,1,Buenos Aires,7421.4,0.0,42761.4
1000006620,20250501,2025-05-01 17:59:23,261,1,1,Buenos Aires,6237.0,1200.0,37137.0
1000006621,20240517,2024-05-17 17:04:58,751,2,2,Córdoba,3087.0,0.0,17787.0
1000006622,20250810,2025-08-10 18:16:28,648,2,3,Santa Fe,6930.0,0.0,39930.0
1000006623,20250810,2025-08-10 08:55:08,118,2,3,Santa Fe,7182.0,0.0,41382.0
1000006624,20241220,2024-12-20 05:20:24,100,1,1,Buenos Aires,3150.0,900.0,19050.0
1000006625,20250812,2025-08-12 01:21:01,780,1,1,Buenos Aires,3087.0,1500.0,19287.0
1000006626,20240114,2024-01-14 04:37:14,91,2,4,Mendoza,20601.0,0.0,118701.0
1000006627,20250314,2025-03-14 21:10:32,1355,2,1,Buenos Aires,2469.6,0.0,14229.6
1000006628,20240228,2024-02-28 13:10:13,279,1,1,Buenos Aires,5556.6,900.0,32916.6
1000006629,20250318,2025-03-18 04:30:18,651,1,1,Buenos Aires,8149.68,1200.0,48157.68
1000006630,20240313,2024-03-13 17:08:50,1359,1,1,Buenos Aires,5027.4,900.0,29867.4
1000006631,20240707,2024-07-07 05:07:34,589,1,1,Buenos Aires,7182.0,900.0,42282.0
1000006632,20250911,2025-09-11 14:48:49,1489,2,1,Buenos Aires,8316.0,0.0,47916.0
1000006633,20240914,2024-09-14 23:15:04,776,2,1,Buenos Aires,2693.25,0.0,15518.25
1000006634,20250205,2025-02-05 06:49:53,257,1,4,Mendoza,4445.28,900.0,26513.28
1000006635,20250916,2025-09-16 20:04:49,252,1,1,Buenos Aires,2992.5,1200.0,18442.5
1000006636,20250303,2025-03-03 20:47:27,1036,1,1,Buenos Aires,2394.0,900.0,14694.0
1000006637,20250103,2025-01-03 19:21:20,456,1,1,Buenos Aires,9775.08,0.0,56323.08
1000006638,20250506,2025-05-06 09:03:34,707,1,1,Buenos Aires,5985.0,1200.0,35685.0
1000006639,20250728,2025-07-28 10:07:13,548,1,2,Córdoba,2551.5,0.0,14701.5
1000006640,20241224,2024-12-24 18:15:26,575,1,1,Buenos Aires,11655.0,900.0,68055.0
1000006641,20240128,2024-01-28 05:24:46,970,1,3,Santa Fe,9021.6,1200.0,53181.6
1000006642,20250730,2025-07-30 23:48:49,1310,1,1,Buenos Aires,6804.0,900.0,40104.0
1000006643,20250731,2025-07-31 20:56:31,135,1,1,Buenos Aires,7383.6,1500.0,44043.6
1000006644,20250901,2025-09-01 01:07:08,814,1,1,Buenos Aires,11774.7,1200.0,69044.7
1000006645,20241119,2024-11-19 22:40:21,248,1,2,Córdoba,6174.0,900.0,36474.0
1000006646,20240430,2024-04-30 22:39:12,966,1,2,Córdoba,13230.0,1200.0,77430.0
1000006647,20240910,2024-09-10 08:21:53,380,1,1,Buenos Aires,5670.0,0.0,32670.0
1000006648,20240119,2024-01-19 00:39:31,1144,1,3,Santa Fe,2381.4,1500.0,15221.4
1000006649,20250730,2025-07-30 01:54:14,487,2,3,Santa Fe,8079.75,0.0,46554.75
1000006650,20241226,2024-12-26 07:22:20,903,2,3,Santa Fe,7056.0,0.0,40656.0
1000006651,20250823,2025-08-23 17:45:58,1383,1,1,Buenos Aires,7560.0,1500.0,45060.0
1000006652,20250502,2025-05-02 07:07:07,1292,1,1,Buenos Aires,2835.0,1200.0,17535.0
1000006653,20240828,2024-08-28 17:39:44,190,1,1,Buenos Aires,6300.0,900.0,37200.0
1000006654,20250119,2025-01-19 16:34:19,159,2,4,Mendoza,6237.0,0.0,35937.0
1000006655,20240918,2024-09-18 07:28:51,1229,1,1,Buenos Aires,9450.0,1200.0,55650.0
1000006656,20240502,2024-05-02 10:42:16,886,1,2,Córdoba,9261.0,900.0,54261.0
1000006657,20241213,2024-12-13 10:06:35,271,2,2,Córdoba,2992.5,0.0,17242.5
1000006658,20250228,2025-02-28 17:05:23,143,1,1,Buenos Aires,9875.25,900.0,57800.25
1000006659,20250721,2025-07-21 05:53:18,1043,2,1,Buenos Aires,9418.5,0.0,54268.5
1000006660,20250730,2025-07-30 09:18:22,432,2,3,Santa Fe,10702.12,0.0,61664.62
1000006661,20240827,2024-08-27 07:50:05,521,1,4,Mendoza,3087.0,1200.0,18987.0
1000006662,20240307,2024-03-07 00:49:50,1159,1,2,Córdoba,3307.5,1200.0,20257.5
1000006663,20240104,2024-01-04 03:54:00,668,2,2,Córdoba,2494.8,0.0,14374.8
1000006664,20250203,2025-02-03 22:51:48,789,1,4,Mendoza,4788.0,900.0,28488.0
1000006665,20250414,2025-04-14 12:29:03,1315,1,4,Mendoza,10773.0,0.0,62073.0
1000006666,20250615,2025-06-15 17:49:17,760,2,3,Santa Fe,14490.0,0.0,83490.0
1000006667,20240702,2024-07-02 11:54:50,419,2,4,Mendoza,5040.0,0.0,29040.0
1000006668,20240812,2024-08-12 17:19:24,1231,2,1,Buenos Aires,2520.0,0.0,14520.0
1000006669,20240228,2024-02-28 20:34:40,1222,2,3,Santa Fe,2520.0,0.0,14520.0
1000006670,20240727,2024-07-27 00:16:09,1480,1,1,Buenos Aires,4536.0,900.0,27036.0
1000006671,20241015,2024-10-15 08:03:24,1476,2,3,Santa Fe,4536.0,0.0,26136.0
1000006672,20250427,2025-04-27 05:08:34,873,1,1,Buenos Aires,10426.5,900.0,60976.5
1000006673,20240816,2024-08-16 17:12:22,201,2,3,Santa Fe,11623.5,0.0,66973.5
1000006674,20240325,2024-03-25 21:27:37,301,2,2,Córdoba,7408.8,0.0,42688.8
1000006675,20240418,2024-04-18 07:44:20,1413,2,2,Córdoba,9450.0,0.0,54450.0
1000006676,20240316,2024-03-16 06:27:43,881,2,1,Buenos Aires,8933.4,0.0,51473.4
1000006677,20240722,2024-07-22 20:11:09,606,1,1,Buenos Aires,6284.25,1200.0,37409.25
1000006678,20250908,2025-09-08 21:46:37,649,1,1,Buenos Aires,6463.8,0.0,37243.8
1000006679,20241015,2024-10-15 07:38:53,286,2,4,Mendoza,8334.9,0.0,48024.9
1000006680,20250930,2025-09-30 17:55:05,318,1,2,Córdoba,7779.24,1200.0,46023.24
1000006681,20250506,2025-05-06 11:19:02,1143,2,1,Buenos Aires,2469.6,0.0,14229.6
1000006682,20240713,2024-07-13 03:06:17,1228,2,2,Córdoba,7229.25,0.0,41654.25
1000006683,20240815,2024-08-15 18:43:42,948,1,1,Buenos Aires,5040.0,0.0,29040.0
1000006684,20241208,2024-12-08 07:58:12,1078,1,1,Buenos Aires,5985.0,1500.0,35985.0
1000006685,20241102,2024-11-02 11:33:47,400,2,2,Córdoba,3087.0,0.0,17787.0
1000006686,20240626,2024-06-26 01:49:30,942,2,3,Santa Fe,8505.0,0.0,49005.0
1000006687,20250730,2025-07-30 18:02:37,518,1,1,Buenos Aires,21212.1,1200.0,123422.1
1000006688,20240522,2024-05-22 05:35:50,815,2,4,Mendoza,9426.38,0.0,54313.88
1000006689,20240204,2024-02-04 22:13:25,743,1,1,Buenos Aires,2992.5,900.0,18142.5
1000006690,20240201,2024-02-01 02:01:27,736,2,3,Santa Fe,16443.0,0.0,94743.0
1000006691,20240714,2024-07-14 19:01:25,445,2,4,Mendoza,7560.0,0.0,43560.0
1000006692,20241231,2024-12-31 19:12:36,557,2,2,Córdoba,5266.8,0.0,30346.8
1000006693,20250821,2025-08-21 03:58:01,141,1,1,Buenos Aires,4939.2,1200.0,29659.2
1000006694,20250401,2025-04-01 16:16:26,174,2,1,Buenos Aires,6463.8,0.0,37243.8
1000006695,20240722,2024-07-22 10:01:33,958,1,2,Córdoba,3150.0,1200.0,19350.0
1000006696,20250502,2025-05-02 20:45:47,990,1,3,Santa Fe,5670.0,1500.0,34170.0
1000006697,20240719,2024-07-19 22:37:12,1137,1,1,Buenos Aires,2693.25,0.0,15518.25
1000006698,20240925,2024-09-25 02:54:16,402,1,1,Buenos Aires,5040.0,1200.0,30240.0
1000006699,20240729,2024-07-29 13:40:58,1143,2,2,Córdoba,5103.0,0.0,29403.0
1000006700,20240515,2024-05-15 00:27:45,547,2,4,Mendoza,7408.8,0.0,42688.8
1000006701,20241012,2024-10-12 14:37:12,22,2,2,Córdoba,13274.1,0.0,76484.1
1000006702,20240710,2024-07-10 09:21:22,1222,1,1,Buenos Aires,7182.0,0.0,41382.0
1000006703,20240205,2024-02-05 11:57:21,340,1,1,Buenos Aires,2992.5,1200.0,18442.5
1000006704,20240308,2024-03-08 14:44:23,243,1,2,Córdoba,2992.5,1200.0,18442.5
1000006705,20250725,2025-07-25 12:51:59,28,1,1,Buenos Aires,13916.7,1200.0,81386.7
1000006706,20241202,2024-12-02 00:26:13,158,2,4,Mendoza,12184.2,0.0,70204.2
1000006707,20240127,2024-01-27 19:44:20,238,2,3,Santa Fe,2992.5,0.0,17242.5
1000006708,20241214,2024-12-14 11:48:15,1410,2,4,Mendoza,14842.8,0.0,85522.8
1000006709,20250426,2025-04-26 14:57:37,343,1,3,Santa Fe,9397.08,1200.0,55345.08
1000006710,20240825,2024-08-25 12:31:51,1252,1,2,Córdoba,2520.0,900.0,15420.0
1000006711,20240622,2024-06-22 13:44:52,1347,1,1,Buenos Aires,5292.0,0.0,30492.0
1000006712,20250307,2025-03-07 02:01:44,765,1,1,Buenos Aires,4788.0,0.0,27588.0
1000006713,20250725,2025-07-25 03:26:27,841,1,1,Buenos Aires,2041.2,1200.0,12961.2
1000006714,20250128,2025-01-28 14:01:29,1487,1,1,Buenos Aires,2593.08,1200.0,16141.08
1000006715,20250315,2025-03-15 07:09:31,837,1,2,Córdoba,6300.0,0.0,36300.0
1000006716,20240211,2024-02-11 21:45:49,184,2,2,Córdoba,11970.0,0.0,68970.0
1000006717,20241012,2024-10-12 11:59:54,1166,2,1,Buenos Aires,6174.0,0.0,35574.0
1000006718,20241014,2024-10-14 14:26:53,997,1,4,Mendoza,2520.0,1500.0,16020.0
1000006719,20250123,2025-01-23 23:07:01,1034,1,1,Buenos Aires,3291.75,1500.0,20466.75
1000006720,20240811,2024-08-11 10:06:53,398,1,1,Buenos Aires,9426.38,0.0,54313.88
1000006721,20240208,2024-02-08 08:30:57,162,2,1,Buenos Aires,7408.8,0.0,42688.8
1000006722,20240809,2024-08-09 14:00:31,501,2,2,Córdoba,2469.6,0.0,14229.6
1000006723,20250408,2025-04-08 15:59:20,794,1,1,Buenos Aires,7182.0,900.0,42282.0
1000006724,20241111,2024-11-11 11:19:15,8,1,3,Santa Fe,2835.0,900.0,17235.0
1000006725,20250712,2025-07-12 07:38:08,176,1,2,Córdoba,2835.0,900.0,17235.0
1000006726,20240509,2024-05-09 23:27:23,52,1,1,Buenos Aires,5777.1,900.0,34187.1
1000006727,20250312,2025-03-12 04:51:57,451,1,3,Santa Fe,18855.9,900.0,109545.9
1000006728,20240923,2024-09-23 06:30:26,913,2,4,Mendoza,5386.5,0.0,31036.5
1000006729,20240804,2024-08-04 21:45:48,1425,1,1,Buenos Aires,2268.0,900.0,13968.0
1000006730,20250819,2025-08-19 06:39:31,1163,1,2,Córdoba,7541.1,1200.0,44651.1
1000006731,20240227,2024-02-27 21:27:49,1199,1,2,Córdoba,6300.0,1200.0,37500.0
1000006732,20240319,2024-03-19 13:29:28,1433,1,1,Buenos Aires,6804.0,0.0,39204.0
1000006733,20240624,2024-06-24 18:00:42,1321,1,1,Buenos Aires,5266.8,900.0,31246.8
1000006734,20250618,2025-06-18 07:30:24,713,1,2,Córdoba,16679.25,1200.0,97304.25
1000006735,20250223,2025-02-23 12:35:47,1331,1,1,Buenos Aires,2394.0,0.0,13794.0
1000006736,20240629,2024-06-29 22:35:02,979,2,4,Mendoza,14490.0,0.0,83490.0
1000006737,20250825,2025-08-25 23:48:10,820,1,4,Mendoza,6300.0,900.0,37200.0
1000006738,20250609,2025-06-09 09:11:30,1267,1,1,Buenos Aires,4536.0,1200.0,27336.0
1000006739,20250731,2025-07-31 02:49:24,184,2,3,Santa Fe,9450.0,0.0,54450.0
1000006740,20250128,2025-01-28 00:39:47,486,1,4,Mendoza,15460.2,1200.0,90280.2
1000006741,20241022,2024-10-22 12:52:09,417,1,2,Córdoba,8505.0,1200.0,50205.0
1000006742,20240518,2024-05-18 20:40:43,982,1,2,Córdoba,12852.0,1500.0,75552.0
1000006743,20240927,2024-09-27 05:55:43,1491,2,2,Córdoba,4788.0,0.0,27588.0
1000006744,20240202,2024-02-02 15:41:45,45,1,4,Mendoza,2041.2,1500.0,13261.2
1000006745,20250524,2025-05-24 23:14:09,535,1,1,Buenos Aires,13293.0,900.0,77493.0
1000006746,20240511,2024-05-11 06:27:10,177,1,1,Buenos Aires,2646.0,1200.0,16446.0
1000006747,20250716,2025-07-16 14:17:25,1229,2,4,Mendoza,9426.38,0.0,54313.88
1000006748,20250317,2025-03-17 00:10:32,1317,1,2,Córdoba,8379.0,1200.0,49479.0
1000006749,20250717,2025-07-17 08:20:05,737,1,4,Mendoza,5670.0,1200.0,33870.0
1000006750,20240312,2024-03-12 14:28:40,158,1,4,Mendoza,9450.0,900.0,55350.0
1000006751,20240725,2024-07-25 22:25:58,915,2,3,Santa Fe,9705.15,0.0,55920.15
1000006752,20250131,2025-01-31 06:30:51,281,1,4,Mendoza,12537.0,1500.0,73737.0
1000006753,20250223,2025-02-23 21:25:04,403,1,2,Córdoba,7560.0,900.0,44460.0
1000006754,20250715,2025-07-15 10:41:44,955,1,1,Buenos Aires,8977.5,900.0,52627.5
1000006755,20240614,2024-06-14 02:54:54,991,1,3,Santa Fe,3395.7,900.0,20465.7
1000006756,20250910,2025-09-10 01:04:31,1128,2,2,Córdoba,7931.7,0.0,45701.7
1000006757,20240407,2024-04-07 20:07:37,1399,2,4,Mendoza,9922.5,0.0,57172.5
1000006758,20250126,2025-01-26 20:59:05,1366,2,4,Mendoza,5670.0,0.0,32670.0
1000006759,20240723,2024-07-23 14:01:29,654,1,3,Santa Fe,2646.0,1200.0,16446.0
1000006760,20240709,2024-07-09 20:00:11,791,1,1,Buenos Aires,9724.05,1200.0,57229.05
1000006761,20250804,2025-08-04 20:55:42,246,2,3,Santa Fe,5811.75,0.0,33486.75
1000006762,20241207,2024-12-07 01:49:09,997,2,2,Córdoba,2381.4,0.0,13721.4
1000006763,20250215,2025-02-15 23:05:43,122,1,1,Buenos Aires,2992.5,900.0,18142.5
1000006764,20250411,2025-04-11 10:00:08,522,2,4,Mendoza,2394.0,0.0,13794.0
1000006765,20240915,2024-09-15 19:51:25,978,1,2,Córdoba,8101.8,0.0,46681.8
1000006766,20250621,2025-06-21 04:01:45,1380,1,1,Buenos Aires,2835.0,1200.0,17535.0
1000006767,20250310,2025-03-10 16:11:32,731,2,1,Buenos Aires,10710.0,0.0,61710.0
1000006768,20250429,2025-04-29 05:30:39,406,1,2,Córdoba,7371.0,0.0,42471.0
1000006769,20240126,2024-01-26 03:57:39,254,2,1,Buenos Aires,9261.0,0.0,53361.0
1000006770,20240120,2024-01-20 00:08:25,412,1,1,Buenos Aires,7560.0,1200.0,44760.0
1000006771,20241212,2024-12-12 13:51:40,1233,1,1,Buenos Aires,2835.0,1200.0,17535.0
1000006772,20240224,2024-02-24 07:26:10,335,2,2,Córdoba,2154.6,0.0,12414.6
1000006773,20250430,2025-04-30 07:25:50,867,1,2,Córdoba,14994.0,900.0,87294.0
1000006774,20241213,2024-12-13 08:03:46,155,1,2,Córdoba,9676.8,900.0,56656.8
1000006775,20241008,2024-10-08 09:58:29,168,2,2,Córdoba,7938.0,0.0,45738.0
1000006776,20240125,2024-01-25 10:34:33,1405,1,1,Buenos Aires,2268.0,900.0,13968.0
1000006777,20241123,2024-11-23 01:12:35,1255,1,2,Córdoba,12789.0,900.0,74589.0
1000006778,20250408,2025-04-08 04:16:35,66,1,2,Córdoba,2154.6,0.0,12414.6
1000006779,20240323,2024-03-23 21:55:37,228,2,2,Córdoba,4445.28,0.0,25613.28
1000006780,20240505,2024-05-05 12:50:06,1191,2,2,Córdoba,7541.1,0.0,43451.1
1000006781,20241103,2024-11-03 09:47:59,549,2,3,Santa Fe,4762.8,0.0,27442.8
1000006782,20250405,2025-04-05 21:02:03,384,1,3,Santa Fe,2992.5,0.0,17242.5
1000006783,20240711,2024-07-11 13:24:05,565,2,1,Buenos Aires,11718.0,0.0,67518.0
1000006784,20250822,2025-08-22 09:43:03,1398,2,3,Santa Fe,7421.4,0.0,42761.4
1000006785,20250118,2025-01-18 17:16:02,492,2,2,Córdoba,9426.38,0.0,54313.88
1000006786,20241213,2024-12-13 22:53:45,1459,2,3,Santa Fe,6300.0,0.0,36300.0
1000006787,20240411,2024-04-11 15:55:38,972,2,4,Mendoza,10187.1,0.0,58697.1
1000006788,20250321,2025-03-21 04:04:03,965,2,4,Mendoza,5670.0,0.0,32670.0
1000006789,20250125,2025-01-25 01:22:22,1161,2,4,Mendoza,7541.1,0.0,43451.1
1000006790,20240517,2024-05-17 19:50:03,1258,1,1,Buenos Aires,9426.38,1200.0,55513.88
1000006791,20240623,2024-06-23 23:06:31,322,1,2,Córdoba,7900.2,900.0,46420.2
1000006792,20250515,2025-05-15 05:33:49,1023,2,3,Santa Fe,6804.0,0.0,39204.0
1000006793,20241010,2024-10-10 13:26:45,653,2,1,Buenos Aires,8334.9,0.0,48024.9
1000006794,20241017,2024-10-17 17:01:02,282,2,4,Mendoza,3307.5,0.0,19057.5
1000006795,20250630,2025-06-30 14:16:30,1400,1,1,Buenos Aires,8977.5,900.0,52627.5
1000006796,20250506,2025-05-06 08:33:05,727,2,4,Mendoza,9426.38,0.0,54313.88
1000006797,20240829,2024-08-29 15:09:25,1238,1,2,Córdoba,9450.0,900.0,55350.0
1000006798,20250201,2025-02-01 01:07:23,769,1,3,Santa Fe,2394.0,0.0,13794.0
1000006799,20250603,2025-06-03 05:32:24,16,2,1,Buenos Aires,2394.0,0.0,13794.0
1000006800,20250420,2025-04-20 01:00:03,1116,1,3,Santa Fe,7484.4,1200.0,44324.4
1000006801,20240928,2024-09-28 14:19:29,118,2,1,Buenos Aires,4989.6,0.0,28749.6
1000006802,20250910,2025-09-10 05:28:38,339,1,1,Buenos Aires,9261.0,1200.0,54561.0
1000006803,20240714,2024-07-14 13:11:29,1296,1,1,Buenos Aires,14175.0,900.0,82575.0
1000006804,20240314,2024-03-14 02:15:27,1477,2,2,Córdoba,4309.2,0.0,24829.2
1000006805,20241121,2024-11-21 11:18:49,418,1,1,Buenos Aires,16121.7,1500.0,94391.7
1000006806,20240428,2024-04-28 04:42:04,682,2,2,Córdoba,2593.08,0.0,14941.08
1000006807,20240326,2024-03-26 21:38:00,1076,1,1,Buenos Aires,17010.0,900.0,98910.0
1000006808,20250807,2025-08-07 07:54:16,222,1,1,Buenos Aires,22188.6,1200.0,129048.6
1000006809,20250810,2025-08-10 11:48:20,810,1,2,Córdoba,8977.5,900.0,52627.5
1000006810,20250903,2025-09-03 06:38:55,1311,1,4,Mendoza,2394.0,0.0,13794.0
1000006811,20250920,2025-09-20 01:03:53,767,1,3,Santa Fe,4939.2,1500.0,29959.2
1000006812,20240518,2024-05-18 08:58:17,1094,1,1,Buenos Aires,6300.0,0.0,36300.0
1000006813,20240608,2024-06-08 23:16:47,608,2,4,Mendoza,7182.0,0.0,41382.0
1000006814,20240213,2024-02-13 10:53:12,193,2,1,Buenos Aires,2494.8,0.0,14374.8
1000006815,20240403,2024-04-03 00:02:48,1313,1,1,Buenos Aires,7862.4,1500.0,46802.4
1000006816,20250722,2025-07-22 11:57:42,1128,2,2,Córdoba,7541.1,0.0,43451.1
1000006817,20250407,2025-04-07 01:46:25,161,2,4,Mendoza,7182.0,0.0,41382.0
1000006818,20250810,2025-08-10 06:07:26,311,2,2,Córdoba,6930.0,0.0,39930.0
1000006819,20250718,2025-07-18 19:46:40,768,1,2,Córdoba,7654.5,900.0,45004.5
1000006820,20240413,2024-04-13 15:54:53,1363,1,2,Córdoba,14301.0,900.0,83301.0
1000006821,20240415,2024-04-15 23:40:59,362,2,1,Buenos Aires,2976.75,0.0,17151.75
1000006822,20240421,2024-04-21 23:20:07,311,2,4,Mendoza,18736.2,0.0,107956.2
1000006823,20241006,2024-10-06 08:17:17,1108,1,4,Mendoza,8505.0,0.0,49005.0
1000006824,20240518,2024-05-18 20:30:25,1048,1,4,Mendoza,9261.0,0.0,53361.0
1000006825,20250125,2025-01-25 02:54:12,983,2,1,Buenos Aires,8505.0,0.0,49005.0
1000006826,20240720,2024-07-20 18:50:40,1240,1,1,Buenos Aires,11730.6,1200.0,68790.6
1000006827,20240124,2024-01-24 13:15:07,773,2,1,Buenos Aires,12417.3,0.0,71547.3
1000006828,20250519,2025-05-19 10:56:51,871,2,3,Santa Fe,2469.6,0.0,14229.6
1000006829,20241002,2024-10-02 04:34:47,245,1,1,Buenos Aires,8977.5,1200.0,52927.5
1000006830,20240424,2024-04-24 08:50:11,1355,1,3,Santa Fe,2520.0,900.0,15420.0
1000006831,20241121,2024-11-21 14:27:17,518,1,1,Buenos Aires,5985.0,1200.0,35685.0
1000006832,20240718,2024-07-18 10:52:13,116,1,1,Buenos Aires,6804.0,1500.0,40704.0
1000006833,20240827,2024-08-27 11:10:23,902,1,1,Buenos Aires,14836.5,1500.0,86986.5
1000006834,20250312,2025-03-12 06:26:23,1302,2,1,Buenos Aires,4939.2,0.0,28459.2
1000006835,20240105,2024-01-05 12:05:28,565,1,2,Córdoba,7408.8,900.0,43588.8
1000006836,20250113,2025-01-13 07:38:23,235,1,1,Buenos Aires,4536.0,0.0,26136.0
1000006837,20240912,2024-09-12 09:40:33,606,2,2,Córdoba,2520.0,0.0,14520.0
1000006838,20250724,2025-07-24 23:27:28,467,2,1,Buenos Aires,6174.0,0.0,35574.0
1000006839,20241209,2024-12-09 01:31:58,19,1,1,Buenos Aires,10158.75,1200.0,59733.75
1000006840,20240721,2024-07-21 20:46:43,1456,1,1,Buenos Aires,5386.5,900.0,31936.5
1000006841,20250108,2025-01-08 08:51:41,321,1,3,Santa Fe,6804.0,900.0,40104.0
1000006842,20250729,2025-07-29 19:45:52,656,2,3,Santa Fe,6174.0,0.0,35574.0
1000006843,20250923,2025-09-23 11:47:16,1209,1,3,Santa Fe,3395.7,0.0,19565.7
1000006844,20240310,2024-03-10 09:17:32,1198,2,1,Buenos Aires,3150.0,0.0,18150.0
1000006845,20250115,2025-01-15 15:27:19,466,1,1,Buenos Aires,13986.0,1500.0,82086.0
1000006846,20250812,2025-08-12 12:17:38,128,1,2,Córdoba,7774.2,900.0,45694.2
1000006847,20240906,2024-09-06 07:37:16,1252,1,1,Buenos Aires,7654.5,0.0,44104.5
1000006848,20250615,2025-06-15 06:52:43,86,1,1,Buenos Aires,8505.0,0.0,49005.0
1000006849,20240118,2024-01-18 15:04:33,312,1,1,Buenos Aires,7223.58,900.0,42521.58
1000006850,20250720,2025-07-20 06:46:00,360,2,4,Mendoza,7560.0,0.0,43560.0
1000006851,20240911,2024-09-11 08:02:53,823,1,2,Córdoba,2551.5,1200.0,15901.5
1000006852,20240724,2024-07-24 09:31:34,1332,1,1,Buenos Aires,10132.92,900.0,59284.92
1000006853,20250303,2025-03-03 05:57:30,1388,1,2,Córdoba,11018.7,1200.0,64688.7
1000006854,20240215,2024-02-15 00:17:53,39,2,4,Mendoza,8505.0,0.0,49005.0
1000006855,20240908,2024-09-08 22:30:29,192,1,3,Santa Fe,8079.75,1200.0,47754.75
1000006856,20240114,2024-01-14 15:04:14,980,1,4,Mendoza,2222.64,1200.0,14006.64
1000006857,20250915,2025-09-15 13:35:10,492,1,4,Mendoza,10395.0,0.0,59895.0
1000006858,20241014,2024-10-14 16:03:47,356,1,1,Buenos Aires,5462.1,900.0,32372.1
1000006859,20240102,2024-01-02 20:11:48,1101,1,3,Santa Fe,2154.6,900.0,13314.6
1000006860,20240915,2024-09-15 03:57:00,1081,1,1,Buenos Aires,3087.0,900.0,18687.0
1000006861,20250615,2025-06-15 20:46:37,1448,1,2,Córdoba,2551.5,900.0,15601.5
1000006862,20250114,2025-01-14 18:55:04,1216,2,3,Santa Fe,4536.0,0.0,26136.0
1000006863,20240523,2024-05-23 19:30:41,731,1,2,Córdoba,2268.0,1200.0,14268.0
1000006864,20250704,2025-07-04 00:53:54,522,1,2,Córdoba,2469.6,1200.0,15429.6
1000006865,20250823,2025-08-23 23:03:43,96,1,1,Buenos Aires,4536.0,1200.0,27336.0
1000006866,20250310,2025-03-10 00:33:48,831,2,4,Mendoza,5953.5,0.0,34303.5
1000006867,20250131,2025-01-31 23:57:49,1222,1,3,Santa Fe,6300.0,0.0,36300.0
1000006868,20240314,2024-03-14 21:02:39,1216,2,4,Mendoza,12965.4,0.0,74705.4
1000006869,20240127,2024-01-27 14:32:25,1384,1,2,Córdoba,4536.0,1200.0,27336.0
1000006870,20241106,2024-11-06 05:55:38,660,1,3,Santa Fe,2693.25,1200.0,16718.25
1000006871,20250814,2025-08-14 12:42:00,61,2,2,Córdoba,4536.0,0.0,26136.0
1000006872,20240328,2024-03-28 10:15:56,489,1,1,Buenos Aires,7560.0,900.0,44460.0
1000006873,20240919,2024-09-19 11:36:38,89,2,1,Buenos Aires,2469.6,0.0,14229.6
1000006874,20250922,2025-09-22 04:46:22,259,1,1,Buenos Aires,7182.0,1200.0,42582.0
1000006875,20250608,2025-06-08 02:40:23,939,2,4,Mendoza,3142.12,0.0,18104.62
1000006876,20250215,2025-02-15 05:02:58,87,1,2,Córdoba,4939.2,900.0,29359.2
1000006877,20240804,2024-08-04 08:24:06,354,2,3,Santa Fe,2716.56,0.0,15652.56
1000006878,20250510,2025-05-10 03:25:20,1118,1,2,Córdoba,5292.0,1200.0,31692.0
1000006879,20250516,2025-05-16 03:41:52,435,2,2,Córdoba,8316.0,0.0,47916.0
1000006880,20241123,2024-11-23 08:22:31,175,2,4,Mendoza,4536.0,0.0,26136.0
1000006881,20241114,2024-11-14 18:06:22,1370,1,2,Córdoba,3465.0,900.0,20865.0
1000006882,20240508,2024-05-08 02:06:06,6,1,3,Santa Fe,2772.0,900.0,16872.0
1000006883,20241230,2024-12-30 19:24:41,887,1,2,Córdoba,5040.0,900.0,29940.0
1000006884,20250704,2025-07-04 18:54:50,82,1,2,Córdoba,16339.05,900.0,95044.05
1000006885,20250511,2025-05-11 17:25:14,28,1,2,Córdoba,2494.8,900.0,15274.8
1000006886,20250113,2025-01-13 07:54:53,789,1,4,Mendoza,5040.0,900.0,29940.0
1000006887,20240518,2024-05-18 13:39:29,318,1,2,Córdoba,5985.0,1200.0,35685.0
1000006888,20240714,2024-07-14 07:16:26,642,1,1,Buenos Aires,3150.0,900.0,19050.0
1000006889,20240616,2024-06-16 17:39:02,1466,1,4,Mendoza,6174.0,1500.0,37074.0
1000006890,20250511,2025-05-11 17:53:07,50,1,2,Córdoba,10866.24,0.0,62610.24
1000006891,20250510,2025-05-10 14:07:25,132,2,1,Buenos Aires,4762.8,0.0,27442.8
1000006892,20240410,2024-04-10 18:47:37,209,1,1,Buenos Aires,5386.5,1200.0,32236.5
1000006893,20250719,2025-07-19 13:46:31,685,1,1,Buenos Aires,8070.3,0.0,46500.3
1000006894,20241009,2024-10-09 08:01:19,617,1,1,Buenos Aires,11371.5,900.0,66421.5
1000006895,20240109,2024-01-09 19:53:43,754,1,1,Buenos Aires,6300.0,900.0,37200.0
1000006896,20250702,2025-07-02 16:02:43,1302,2,1,Buenos Aires,4939.2,0.0,28459.2
1000006897,20240105,2024-01-05 01:19:15,1060,2,2,Córdoba,9450.0,0.0,54450.0
1000006898,20240320,2024-03-20 09:05:48,1063,2,2,Córdoba,4939.2,0.0,28459.2
1000006899,20250730,2025-07-30 07:18:47,898,1,1,Buenos Aires,5040.0,0.0,29040.0
1000006900,20250820,2025-08-20 16:13:18,552,2,1,Buenos Aires,15709.68,0.0,90517.68
1000006901,20240626,2024-06-26 20:29:57,231,1,4,Mendoza,6804.0,900.0,40104.0
1000006902,20241220,2024-12-20 02:03:23,958,1,1,Buenos Aires,4762.8,1200.0,28642.8
1000006903,20240623,2024-06-23 07:52:54,916,1,1,Buenos Aires,5386.5,900.0,31936.5
1000006904,20240810,2024-08-10 14:53:31,613,1,2,Córdoba,15690.78,1200.0,91608.78
1000006905,20250329,2025-03-29 19:02:14,517,2,1,Buenos Aires,15246.0,0.0,87846.0
1000006906,20241022,2024-10-22 16:13:34,1330,1,1,Buenos Aires,10158.75,1200.0,59733.75
1000006907,20250916,2025-09-16 15:43:59,819,2,4,Mendoza,9355.5,0.0,53905.5
1000006908,20250515,2025-05-15 13:31:53,1326,1,3,Santa Fe,4939.2,900.0,29359.2
1000006909,20240310,2024-03-10 09:44:24,746,1,2,Córdoba,4536.0,900.0,27036.0
1000006910,20250409,2025-04-09 18:56:24,641,1,4,Mendoza,6174.0,1500.0,37074.0
1000006911,20240110,2024-01-10 09:35:45,1495,1,1,Buenos Aires,5183.32,1200.0,31065.82
1000006912,20250210,2025-02-10 12:38:25,718,2,2,Córdoba,2394.0,0.0,13794.0
1000006913,20250827,2025-08-27 13:04:02,971,2,3,Santa Fe,12652.92,0.0,72904.92
1000006914,20240222,2024-02-22 08:41:09,391,1,2,Córdoba,8977.5,900.0,52627.5
1000006915,20250507,2025-05-07 05:37:47,1007,2,1,Buenos Aires,2268.0,0.0,13068.0
1000006916,20240303,2024-03-03 11:04:17,184,1,1,Buenos Aires,12121.2,900.0,70741.2
1000006917,20250108,2025-01-08 04:49:19,333,1,1,Buenos Aires,2268.0,1500.0,14568.0
1000006918,20240420,2024-04-20 20:33:57,458,2,1,Buenos Aires,3087.0,0.0,17787.0
1000006919,20240125,2024-01-25 12:52:26,489,1,1,Buenos Aires,7560.0,1500.0,45060.0
1000006920,20250413,2025-04-13 18:09:13,152,2,1,Buenos Aires,6457.5,0.0,37207.5
1000006921,20240312,2024-03-12 05:30:42,481,1,1,Buenos Aires,5186.16,1200.0,31082.16
1000006922,20241219,2024-12-19 12:10:15,1261,2,4,Mendoza,2992.5,0.0,17242.5
1000006923,20250622,2025-06-22 17:02:22,111,2,3,Santa Fe,12537.0,0.0,72237.0
1000006924,20250715,2025-07-15 07:09:38,477,2,3,Santa Fe,8977.5,0.0,51727.5
1000006925,20240211,2024-02-11 04:18:23,1309,1,2,Córdoba,4674.6,1500.0,28434.6
1000006926,20250308,2025-03-08 18:10:10,1381,1,1,Buenos Aires,6667.92,900.0,39319.92
1000006927,20240813,2024-08-13 22:53:01,842,1,1,Buenos Aires,9576.0,1200.0,56376.0
1000006928,20250412,2025-04-12 10:51:36,498,1,1,Buenos Aires,5040.0,900.0,29940.0
1000006929,20240802,2024-08-02 04:09:15,903,2,1,Buenos Aires,4788.0,0.0,27588.0
1000006930,20250928,2025-09-28 02:49:05,516,2,4,Mendoza,10376.1,0.0,59786.1
1000006931,20240418,2024-04-18 05:52:55,176,1,3,Santa Fe,9891.0,1200.0,58191.0
1000006932,20240924,2024-09-24 00:37:36,1423,2,1,Buenos Aires,18569.25,0.0,106994.25
1000006933,20250203,2025-02-03 21:19:04,1368,2,3,Santa Fe,9198.0,0.0,52998.0
1000006934,20240620,2024-06-20 07:22:22,570,1,2,Córdoba,2394.0,0.0,13794.0
1000006935,20240219,2024-02-19 05:48:27,954,2,4,Mendoza,17010.0,0.0,98010.0
1000006936,20241026,2024-10-26 06:56:02,696,1,1,Buenos Aires,5292.0,900.0,31392.0
1000006937,20240102,2024-01-02 08:43:10,1390,1,2,Córdoba,6174.0,1500.0,37074.0
1000006938,20250408,2025-04-08 06:51:02,12,2,4,Mendoza,6174.0,0.0,35574.0
1000006939,20240222,2024-02-22 04:52:09,255,1,1,Buenos Aires,5985.0,1200.0,35685.0
1000006940,20240501,2024-05-01 13:32:30,268,1,1,Buenos Aires,3241.35,1200.0,19876.35
1000006941,20240619,2024-06-19 16:50:00,1040,1,2,Córdoba,7560.0,900.0,44460.0
1000006942,20240507,2024-05-07 22:56:14,1126,1,1,Buenos Aires,4536.0,1200.0,27336.0
1000006943,20250110,2025-01-10 19:55:47,675,2,3,Santa Fe,5292.0,0.0,30492.0
1000006944,20250913,2025-09-13 14:39:36,188,1,1,Buenos Aires,7654.5,900.0,45004.5
1000006945,20250914,2025-09-14 02:10:59,184,2,2,Córdoba,4536.0,0.0,26136.0
1000006946,20241215,2024-12-15 10:14:34,948,1,1,Buenos Aires,16175.25,900.0,94100.25
1000006947,20250628,2025-06-28 17:27:01,728,1,1,Buenos Aires,11251.8,1500.0,66331.8
1000006948,20250723,2025-07-23 04:36:05,384,1,1,Buenos Aires,16033.5,900.0,93283.5
1000006949,20241108,2024-11-08 16:27:18,1308,1,1,Buenos Aires,7560.0,1500.0,45060.0
1000006950,20240531,2024-05-31 13:47:06,575,1,2,Córdoba,10836.0,900.0,63336.0
1000006951,20250309,2025-03-09 07:55:21,614,1,3,Santa Fe,14365.58,900.0,83673.08
1000006952,20250214,2025-02-14 20:48:52,993,1,4,Mendoza,9891.0,1200.0,58191.0
1000006953,20250322,2025-03-22 14:55:10,1217,1,4,Mendoza,9450.0,1500.0,55950.0
1000006954,20240602,2024-06-02 20:04:05,460,1,1,Buenos Aires,5191.2,1200.0,31111.2
1000006955,20250804,2025-08-04 03:05:16,1068,1,4,Mendoza,4788.0,1200.0,28788.0
1000006956,20250330,2025-03-30 12:50:28,1285,1,1,Buenos Aires,6804.0,900.0,40104.0
1000006957,20241130,2024-11-30 03:35:34,317,1,1,Buenos Aires,7623.0,0.0,43923.0
1000006958,20241213,2024-12-13 10:49:39,960,1,1,Buenos Aires,5985.0,1500.0,35985.0
1000006959,20241116,2024-11-16 03:49:06,336,2,2,Córdoba,9261.0,0.0,53361.0
1000006960,20240510,2024-05-10 11:00:49,1246,2,2,Córdoba,4536.0,0.0,26136.0
1000006961,20250527,2025-05-27 04:35:34,1388,2,4,Mendoza,15551.55,0.0,89606.55
1000006962,20250403,2025-04-03 19:24:19,1102,2,4,Mendoza,2520.0,0.0,14520.0
1000006963,20241226,2024-12-26 16:37:30,414,2,2,Córdoba,11151.0,0.0,64251.0
1000006964,20240321,2024-03-21 13:50:45,712,1,1,Buenos Aires,10187.1,1200.0,59897.1
1000006965,20250410,2025-04-10 17:03:31,848,1,1,Buenos Aires,6667.92,0.0,38419.92
1000006966,20250607,2025-06-07 01:11:23,998,2,2,Córdoba,19139.4,0.0,110279.4
1000006967,20241225,2024-12-25 19:05:28,606,1,2,Córdoba,10924.2,0.0,62944.2
1000006968,20250128,2025-01-28 03:14:23,94,1,3,Santa Fe,9922.5,0.0,57172.5
1000006969,20240117,2024-01-17 19:08:24,1289,2,3,Santa Fe,3307.5,0.0,19057.5
1000006970,20241020,2024-10-20 22:22:29,697,1,4,Mendoza,6174.0,1200.0,36774.0
1000006971,20240324,2024-03-24 07:32:47,739,1,1,Buenos Aires,4536.0,900.0,27036.0
1000006972,20250612,2025-06-12 00:33:27,235,2,4,Mendoza,10199.7,0.0,58769.7
1000006973,20250616,2025-06-16 18:23:42,414,1,3,Santa Fe,9450.0,1500.0,55950.0
1000006974,20250423,2025-04-23 03:38:42,487,1,4,Mendoza,5186.16,0.0,29882.16
1000006975,20240920,2024-09-20 20:50:27,632,2,1,Buenos Aires,3118.5,0.0,17968.5
1000006976,20241104,2024-11-04 04:23:07,1405,2,4,Mendoza,7938.0,0.0,45738.0
1000006977,20250709,2025-07-09 05:35:24,1306,1,1,Buenos Aires,6667.92,900.0,39319.92
1000006978,20250323,2025-03-23 20:22:54,863,2,1,Buenos Aires,2469.6,0.0,14229.6
1000006979,20240708,2024-07-08 05:27:09,872,1,4,Mendoza,9450.0,1200.0,55650.0
1000006980,20241230,2024-12-30 12:46:17,113,2,2,Córdoba,2520.0,0.0,14520.0
1000006981,20240420,2024-04-20 01:07:37,1064,1,1,Buenos Aires,6300.0,1200.0,37500.0
1000006982,20250203,2025-02-03 20:06:53,600,2,2,Córdoba,8505.0,0.0,49005.0
1000006983,20241215,2024-12-15 19:41:06,246,2,2,Córdoba,10955.7,0.0,63125.7
1000006984,20240512,2024-05-12 04:29:27,208,1,1,Buenos Aires,8505.0,0.0,49005.0
1000006985,20240114,2024-01-14 17:10:00,559,1,4,Mendoza,5040.0,1200.0,30240.0
1000006986,20250630,2025-06-30 05:49:26,235,1,3,Santa Fe,7623.0,0.0,43923.0
1000006987,20240316,2024-03-16 06:43:53,666,2,1,Buenos Aires,8505.0,0.0,49005.0
1000006988,20250828,2025-08-28 09:49:19,314,1,3,Santa Fe,7560.0,900.0,44460.0
1000006989,20240402,2024-04-02 11:58:57,1183,2,1,Buenos Aires,7560.0,0.0,43560.0
1000006990,20250427,2025-04-27 20:19:57,372,1,4,Mendoza,2520.0,900.0,15420.0
1000006991,20250922,2025-09-22 13:37:48,979,1,1,Buenos Aires,5103.0,900.0,30303.0
1000006992,20250829,2025-08-29 20:37:52,183,1,1,Buenos Aires,21224.7,900.0,123194.7
1000006993,20240811,2024-08-11 10:17:58,1148,2,1,Buenos Aires,4851.0,0.0,27951.0
1000006994,20240727,2024-07-27 09:30:17,695,1,1,Buenos Aires,8505.0,1200.0,50205.0
1000006995,20240625,2024-06-25 13:42:37,1076,2,3,Santa Fe,9878.4,0.0,56918.4
1000006996,20250908,2025-09-08 19:03:46,487,2,2,Córdoba,2772.0,0.0,15972.0
1000006997,20250710,2025-07-10 23:21:29,1209,1,1,Buenos Aires,7623.0,1200.0,45123.0
1000006998,20240607,2024-06-07 07:16:51,190,1,3,Santa Fe,9450.0,0.0,54450.0
1000006999,20250129,2025-01-29 10:46:14,637,1,1,Buenos Aires,2693.25,0.0,15518.25
1000007000,20250823,2025-08-23 05:07:48,547,1,3,Santa Fe,2992.5,1500.0,18742.5
1000007001,20240805,2024-08-05 06:48:23,1015,2,1,Buenos Aires,9261.0,0.0,53361.0
1000007002,20241123,2024-11-23 17:56:17,1019,1,1,Buenos Aires,9724.05,900.0,56929.05
1000007003,20241230,2024-12-30 19:00:09,962,2,3,Santa Fe,7408.8,0.0,42688.8
1000007004,20250621,2025-06-21 02:23:23,158,2,1,Buenos Aires,14907.06,0.0,85893.06
1000007005,20240213,2024-02-13 11:43:19,885,1,3,Santa Fe,10584.0,0.0,60984.0
1000007006,20240117,2024-01-17 00:10:58,843,2,3,Santa Fe,14458.5,0.0,83308.5
1000007007,20250706,2025-07-06 23:23:34,292,1,1,Buenos Aires,4989.6,0.0,28749.6
1000007008,20250203,2025-02-03 06:12:20,445,2,2,Córdoba,2469.6,0.0,14229.6
1000007009,20250303,2025-03-03 22:22:46,171,1,3,Santa Fe,8505.0,900.0,49905.0
1000007010,20250930,2025-09-30 20:26:52,961,1,2,Córdoba,12142.94,1200.0,71166.44
1000007011,20250904,2025-09-04 23:28:27,1065,1,2,Córdoba,2268.0,1200.0,14268.0
1000007012,20240526,2024-05-26 18:58:50,1464,2,2,Córdoba,13305.6,0.0,76665.6
1000007013,20240324,2024-03-24 07:25:26,663,1,1,Buenos Aires,3150.0,1200.0,19350.0
1000007014,20241230,2024-12-30 14:27:35,208,2,2,Córdoba,4649.4,0.0,26789.4
1000007015,20241203,2024-12-03 04:58:04,45,1,1,Buenos Aires,2772.0,1200.0,17172.0
1000007016,20240409,2024-04-09 15:07:57,136,1,1,Buenos Aires,9261.0,900.0,54261.0
1000007017,20240413,2024-04-13 06:39:49,178,2,1,Buenos Aires,13362.3,0.0,76992.3
1000007018,20250729,2025-07-29 03:56:08,1346,2,2,Córdoba,9727.2,0.0,56047.2
1000007019,20240914,2024-09-14 10:17:30,1330,1,1,Buenos Aires,13449.24,900.0,78393.24
1000007020,20250715,2025-07-15 11:13:13,317,1,1,Buenos Aires,2992.5,1500.0,18742.5
1000007021,20240926,2024-09-26 13:34:40,348,1,1,Buenos Aires,5670.0,1500.0,34170.0
1000007022,20240917,2024-09-17 11:20:59,456,2,2,Córdoba,13211.1,0.0,76121.1
1000007023,20250824,2025-08-24 10:07:57,1282,1,1,Buenos Aires,10124.1,900.0,59234.1
1000007024,20240117,2024-01-17 21:42:39,270,2,1,Buenos Aires,2222.64,0.0,12806.64
1000007025,20241220,2024-12-20 17:32:44,1080,1,1,Buenos Aires,4536.0,0.0,26136.0
1000007026,20240515,2024-05-15 15:58:40,1500,2,1,Buenos Aires,7654.5,0.0,44104.5
1000007027,20240113,2024-01-13 13:05:08,353,1,1,Buenos Aires,7408.8,1200.0,43888.8
1000007028,20240103,2024-01-03 03:13:36,701,1,1,Buenos Aires,18074.7,900.0,105044.7
1000007029,20241028,2024-10-28 08:07:10,409,2,4,Mendoza,5670.0,0.0,32670.0
1000007030,20240316,2024-03-16 10:29:04,1377,1,1,Buenos Aires,12757.5,900.0,74407.5
1000007031,20250205,2025-02-05 17:47:53,240,2,3,Santa Fe,3118.5,0.0,17968.5
1000007032,20241026,2024-10-26 06:27:22,75,1,1,Buenos Aires,4536.0,900.0,27036.0
1000007033,20250524,2025-05-24 13:01:17,1008,1,1,Buenos Aires,2268.0,1500.0,14568.0
1000007034,20240220,2024-02-20 09:31:14,1066,1,3,Santa Fe,2041.2,1200.0,12961.2
1000007035,20240923,2024-09-23 06:12:43,474,2,2,Córdoba,2992.5,0.0,17242.5
1000007036,20240223,2024-02-23 19:47:57,198,1,1,Buenos Aires,6300.0,900.0,37200.0
1000007037,20250331,2025-03-31 07:23:21,561,1,2,Córdoba,10943.1,1200.0,64253.1
1000007038,20250722,2025-07-22 06:35:10,1162,1,2,Córdoba,12741.75,900.0,74316.75
1000007039,20250713,2025-07-13 06:11:39,1015,1,1,Buenos Aires,12600.0,900.0,73500.0
1000007040,20240617,2024-06-17 13:34:53,823,2,3,Santa Fe,5985.0,0.0,34485.0
1000007041,20250323,2025-03-23 16:29:20,1321,2,2,Córdoba,8458.38,0.0,48736.38
1000007042,20240910,2024-09-10 09:19:31,1114,1,2,Córdoba,6463.8,1200.0,38443.8
1000007043,20240628,2024-06-28 10:24:36,419,1,2,Córdoba,4536.0,1200.0,27336.0
1000007044,20240820,2024-08-20 05:15:15,1377,2,1,Buenos Aires,8977.5,0.0,51727.5
1000007045,20240201,2024-02-01 07:57:54,919,1,3,Santa Fe,9450.0,0.0,54450.0
1000007046,20240705,2024-07-05 18:47:00,399,1,1,Buenos Aires,2520.0,1200.0,15720.0
1000007047,20250429,2025-04-29 12:14:15,412,1,2,Córdoba,2513.7,1200.0,15683.7
1000007048,20240921,2024-09-21 02:05:40,326,1,3,Santa Fe,2520.0,1200.0,15720.0
1000007049,20250308,2025-03-08 23:33:03,876,2,2,Córdoba,6300.0,0.0,36300.0
1000007050,20241005,2024-10-05 16:00:50,1233,2,2,Córdoba,5103.0,0.0,29403.0
1000007051,20250625,2025-06-25 01:06:56,346,1,1,Buenos Aires,9450.0,1200.0,55650.0
1000007052,20241006,2024-10-06 20:26:26,255,1,1,Buenos Aires,7182.0,0.0,41382.0
1000007053,20240101,2024-01-01 23:38:12,1074,1,1,Buenos Aires,5186.16,900.0,30782.16
1000007054,20240126,2024-01-26 05:17:35,1259,1,2,Córdoba,4989.6,1500.0,30249.6
1000007055,20250313,2025-03-13 08:45:57,95,2,4,Mendoza,5670.0,0.0,32670.0
1000007056,20250829,2025-08-29 21:00:36,498,2,4,Mendoza,3142.12,0.0,18104.62
1000007057,20241004,2024-10-04 16:46:21,214,1,1,Buenos Aires,19048.05,900.0,110653.05
1000007058,20240107,2024-01-07 23:20:33,346,2,2,Córdoba,4624.2,0.0,26644.2
1000007059,20250507,2025-05-07 18:04:52,1205,1,1,Buenos Aires,8004.15,900.0,47019.15
1000007060,20250813,2025-08-13 19:18:30,1398,1,1,Buenos Aires,6482.7,1200.0,38552.7
1000007061,20250524,2025-05-24 20:16:49,437,1,1,Buenos Aires,8149.68,1500.0,48457.68
1000007062,20250909,2025-09-09 16:17:08,1265,2,1,Buenos Aires,5027.4,0.0,28967.4
1000007063,20240314,2024-03-14 09:07:08,12,2,1,Buenos Aires,5953.5,0.0,34303.5
1000007064,20250629,2025-06-29 05:42:32,500,1,2,Córdoba,7314.3,900.0,43044.3
1000007065,20241127,2024-11-27 02:32:11,946,1,4,Mendoza,17098.2,1500.0,100018.2
1000007066,20241009,2024-10-09 04:31:12,1415,2,2,Córdoba,5670.0,0.0,32670.0
1000007067,20240519,2024-05-19 21:24:56,468,1,1,Buenos Aires,8977.5,0.0,51727.5
1000007068,20250306,2025-03-06 22:20:38,1236,1,1,Buenos Aires,7182.0,900.0,42282.0
1000007069,20240223,2024-02-23 20:41:59,583,1,4,Mendoza,13356.0,1500.0,78456.0
1000007070,20240724,2024-07-24 22:09:50,113,1,1,Buenos Aires,18900.0,1200.0,110100.0
1000007071,20250312,2025-03-12 09:55:05,266,1,3,Santa Fe,5770.8,900.0,34150.8
1000007072,20240620,2024-06-20 19:39:53,1253,1,1,Buenos Aires,5216.4,0.0,30056.4
1000007073,20240503,2024-05-03 22:12:57,477,2,1,Buenos Aires,2513.7,0.0,14483.7
1000007074,20240531,2024-05-31 12:35:32,180,1,1,Buenos Aires,8221.5,900.0,48271.5
1000007075,20240920,2024-09-20 19:24:39,1012,1,3,Santa Fe,12442.5,900.0,72592.5
1000007076,20240725,2024-07-25 10:49:41,492,2,4,Mendoza,4788.0,0.0,27588.0
1000007077,20250823,2025-08-23 00:49:08,488,2,3,Santa Fe,2976.75,0.0,17151.75
1000007078,20240208,2024-02-08 23:11:19,529,2,2,Córdoba,7560.0,0.0,43560.0
1000007079,20240613,2024-06-13 12:15:14,956,1,1,Buenos Aires,12814.2,1200.0,75034.2
1000007080,20240312,2024-03-12 01:58:09,1377,2,1,Buenos Aires,2772.0,0.0,15972.0
1000007081,20240609,2024-06-09 10:35:18,905,1,1,Buenos Aires,8977.5,900.0,52627.5
1000007082,20240104,2024-01-04 16:05:05,1468,2,2,Córdoba,19309.5,0.0,111259.5
1000007083,20250805,2025-08-05 17:15:51,646,2,2,Córdoba,5040.0,0.0,29040.0
1000007084,20250528,2025-05-28 01:37:06,634,1,1,Buenos Aires,12663.0,900.0,73863.0
1000007085,20241126,2024-11-26 15:05:36,1075,1,1,Buenos Aires,7560.0,900.0,44460.0
1000007086,20240924,2024-09-24 13:10:05,1026,1,2,Córdoba,3150.0,0.0,18150.0
1000007087,20240326,2024-03-26 04:36:39,1226,1,2,Córdoba,6804.0,1500.0,40704.0
1000007088,20241207,2024-12-07 09:35:08,1224,1,3,Santa Fe,6930.0,1200.0,41130.0
1000007089,20240721,2024-07-21 16:58:15,407,2,2,Córdoba,2520.0,0.0,14520.0
1000007090,20250618,2025-06-18 00:55:05,971,1,4,Mendoza,2593.08,1200.0,16141.08
1000007091,20240822,2024-08-22 12:25:58,398,1,1,Buenos Aires,3087.0,1200.0,18987.0
1000007092,20240822,2024-08-22 17:02:15,724,2,2,Córdoba,5386.5,0.0,31036.5
1000007093,20240109,2024-01-09 15:12:41,1204,1,1,Buenos Aires,10892.7,1200.0,63962.7
1000007094,20250211,2025-02-11 11:02:46,49,1,1,Buenos Aires,2835.0,0.0,16335.0
1000007095,20250315,2025-03-15 19:11:58,818,1,1,Buenos Aires,9651.6,900.0,56511.6
1000007096,20240827,2024-08-27 20:17:10,1457,2,1,Buenos Aires,5292.0,0.0,30492.0
1000007097,20250417,2025-04-17 21:24:13,206,1,1,Buenos Aires,7560.0,900.0,44460.0
1000007098,20240828,2024-08-28 04:27:38,483,1,1,Buenos Aires,9922.5,1500.0,58672.5
1000007099,20250912,2025-09-12 07:00:38,31,1,1,Buenos Aires,2268.0,0.0,13068.0
1000007100,20250312,2025-03-12 17:09:32,110,1,4,Mendoza,9450.0,0.0,54450.0
1000007101,20250519,2025-05-19 08:26:02,447,1,4,Mendoza,7560.0,900.0,44460.0
1000007102,20241202,2024-12-02 08:17:15,264,2,2,Córdoba,8079.75,0.0,46554.75
1000007103,20240130,2024-01-30 14:25:03,1187,2,4,Mendoza,2394.0,0.0,13794.0
1000007104,20240617,2024-06-17 19:12:34,134,1,1,Buenos Aires,7408.8,1200.0,43888.8
1000007105,20250929,2025-09-29 21:38:35,1412,1,1,Buenos Aires,2633.4,900.0,16073.4
1000007106,20250828,2025-08-28 22:52:02,1209,1,3,Santa Fe,3395.7,1200.0,20765.7
1000007107,20250330,2025-03-30 00:26:22,621,2,4,Mendoza,14716.8,0.0,84796.8
1000007108,20250605,2025-06-05 13:59:15,1348,1,1,Buenos Aires,9891.0,1200.0,58191.0
1000007109,20241218,2024-12-18 02:52:55,383,2,3,Santa Fe,4762.8,0.0,27442.8
1000007110,20240204,2024-02-04 03:16:22,230,2,4,Mendoza,12959.1,0.0,74669.1
1000007111,20240522,2024-05-22 22:07:53,1420,1,1,Buenos Aires,7560.0,1200.0,44760.0
1000007112,20250501,2025-05-01 12:59:05,1180,1,1,Buenos Aires,4536.0,1500.0,27636.0
1000007113,20250325,2025-03-25 17:17:44,1338,1,1,Buenos Aires,5985.0,1200.0,35685.0
1000007114,20250605,2025-06-05 22:33:09,168,2,2,Córdoba,9450.0,0.0,54450.0
1000007115,20240831,2024-08-31 15:58:14,1465,2,4,Mendoza,2394.0,0.0,13794.0
1000007116,20250803,2025-08-03 11:31:58,832,1,1,Buenos Aires,5040.0,1500.0,30540.0
1000007117,20250130,2025-01-30 21:24:20,569,1,4,Mendoza,6463.8,1200.0,38443.8
1000007118,20250422,2025-04-22 23:46:03,845,2,4,Mendoza,6804.0,0.0,39204.0
1000007119,20241215,2024-12-15 18:27:00,961,1,4,Mendoza,5386.5,1200.0,32236.5
1000007120,20250227,2025-02-27 12:20:56,1383,2,3,Santa Fe,4989.6,0.0,28749.6
1000007121,20250626,2025-06-26 07:02:09,1211,2,1,Buenos Aires,5985.0,0.0,34485.0
1000007122,20250818,2025-08-18 20:53:15,316,1,2,Córdoba,15844.5,0.0,91294.5
1000007123,20250418,2025-04-18 03:44:48,1067,1,1,Buenos Aires,9273.6,900.0,54333.6
1000007124,20240907,2024-09-07 02:33:24,916,2,3,Santa Fe,9922.5,0.0,57172.5
1000007125,20240303,2024-03-03 18:13:36,1125,2,3,Santa Fe,9450.0,0.0,54450.0
1000007126,20250607,2025-06-07 02:46:10,1120,2,4,Mendoza,13683.6,0.0,78843.6
1000007127,20240311,2024-03-11 23:43:43,1130,1,1,Buenos Aires,7182.0,900.0,42282.0
1000007128,20250924,2025-09-24 19:07:20,1426,1,1,Buenos Aires,6804.0,900.0,40104.0
1000007129,20240905,2024-09-05 11:27:07,101,2,1,Buenos Aires,9450.0,0.0,54450.0
1000007130,20240311,2024-03-11 06:51:10,1233,2,2,Córdoba,4082.4,0.0,23522.4
1000007131,20240422,2024-04-22 02:44:23,441,1,3,Santa Fe,6615.0,1200.0,39315.0
1000007132,20241212,2024-12-12 06:04:09,1424,1,3,Santa Fe,6791.4,900.0,40031.4
1000007133,20240605,2024-06-05 18:44:15,357,2,1,Buenos Aires,2268.0,0.0,13068.0
1000007134,20250112,2025-01-12 02:31:42,875,2,4,Mendoza,8769.6,0.0,50529.6
1000007135,20250801,2025-08-01 22:21:03,405,1,1,Buenos Aires,10385.55,0.0,59840.55
1000007136,20250328,2025-03-28 12:11:23,32,2,2,Córdoba,3395.7,0.0,19565.7
1000007137,20250204,2025-02-04 04:58:22,229,1,3,Santa Fe,8505.0,1200.0,50205.0
1000007138,20250412,2025-04-12 09:01:44,140,1,1,Buenos Aires,2381.4,900.0,14621.4
1000007139,20241028,2024-10-28 02:09:48,1271,1,1,Buenos Aires,4445.28,900.0,26513.28
1000007140,20250220,2025-02-20 18:17:37,297,2,1,Buenos Aires,14175.0,0.0,81675.0
1000007141,20241221,2024-12-21 14:09:01,171,1,1,Buenos Aires,5985.0,1200.0,35685.0
1000007142,20241025,2024-10-25 16:11:11,1022,1,3,Santa Fe,5386.5,1200.0,32236.5
1000007143,20240830,2024-08-30 22:23:30,425,2,1,Buenos Aires,2835.0,0.0,16335.0
1000007144,20240822,2024-08-22 23:04:08,250,1,1,Buenos Aires,10174.5,1500.0,60124.5
1000007145,20241229,2024-12-29 05:26:28,1472,2,1,Buenos Aires,3087.0,0.0,17787.0
1000007146,20250730,2025-07-30 19:41:09,1294,2,1,Buenos Aires,16096.5,0.0,92746.5
1000007147,20240507,2024-05-07 18:50:14,364,2,4,Mendoza,8646.75,0.0,49821.75
1000007148,20250723,2025-07-23 17:00:39,669,2,2,Córdoba,4536.0,0.0,26136.0
1000007149,20250709,2025-07-09 11:14:35,439,2,3,Santa Fe,8977.5,0.0,51727.5
1000007150,20241217,2024-12-17 21:49:59,887,2,1,Buenos Aires,5985.0,0.0,34485.0
1000007151,20250721,2025-07-21 04:55:47,1377,2,2,Córdoba,26261.55,0.0,151316.55
1000007152,20250905,2025-09-05 10:43:38,390,1,1,Buenos Aires,6804.0,1500.0,40704.0
1000007153,20250730,2025-07-30 18:17:43,1374,2,4,Mendoza,7560.0,0.0,43560.0
1000007154,20250906,2025-09-06 13:08:20,751,1,1,Buenos Aires,9426.38,1200.0,55513.88
1000007155,20240914,2024-09-14 10:26:36,906,1,1,Buenos Aires,4788.0,0.0,27588.0
1000007156,20250927,2025-09-27 12:30:50,1041,2,4,Mendoza,16443.0,0.0,94743.0
1000007157,20240928,2024-09-28 13:37:34,94,2,4,Mendoza,16632.0,0.0,95832.0
1000007158,20250823,2025-08-23 08:10:45,1224,2,2,Córdoba,9450.0,0.0,54450.0
1000007159,20240929,2024-09-29 03:15:05,1026,1,1,Buenos Aires,8977.5,900.0,52627.5
1000007160,20241023,2024-10-23 20:42:09,223,2,4,Mendoza,3395.7,0.0,19565.7
1000007161,20240622,2024-06-22 20:47:49,1030,1,1,Buenos Aires,2394.0,1200.0,14994.0
1000007162,20250520,2025-05-20 16:37:39,1458,2,2,Córdoba,2268.0,0.0,13068.0
1000007163,20240118,2024-01-18 03:44:09,1180,2,2,Córdoba,9644.67,0.0,55571.67
1000007164,20241024,2024-10-24 03:48:44,1498,1,2,Córdoba,5103.0,900.0,30303.0
1000007165,20240925,2024-09-25 11:02:12,771,1,4,Mendoza,3291.75,900.0,19866.75
1000007166,20240614,2024-06-14 18:25:47,414,1,4,Mendoza,5670.0,900.0,33570.0
1000007167,20250210,2025-02-10 21:20:29,705,2,2,Córdoba,13469.4,0.0,77609.4
1000007168,20250109,2025-01-09 22:20:05,1282,1,2,Córdoba,7938.0,0.0,45738.0
1000007169,20250911,2025-09-11 23:19:04,713,1,1,Buenos Aires,2394.0,1200.0,14994.0
1000007170,20250402,2025-04-02 23:12:00,737,1,4,Mendoza,10710.0,900.0,62610.0
1000007171,20250126,2025-01-26 14:26:04,1337,2,3,Santa Fe,4788.0,0.0,27588.0
1000007172,20250712,2025-07-12 02:24:01,1060,1,1,Buenos Aires,9922.5,900.0,58072.5
1000007173,20250114,2025-01-14 15:54:27,1100,2,1,Buenos Aires,6123.6,0.0,35283.6
1000007174,20250101,2025-01-01 18:16:36,719,1,2,Córdoba,7541.1,1200.0,44651.1
1000007175,20250103,2025-01-03 13:56:00,1450,1,4,Mendoza,12600.0,900.0,73500.0
1000007176,20240904,2024-09-04 03:10:30,176,1,1,Buenos Aires,4939.2,0.0,28459.2
1000007177,20250408,2025-04-08 22:59:48,756,1,1,Buenos Aires,2041.2,1200.0,12961.2
1000007178,20241013,2024-10-13 10:27:27,1246,2,1,Buenos Aires,8686.12,0.0,50048.62
1000007179,20250227,2025-02-27 01:04:05,383,1,1,Buenos Aires,24286.5,900.0,140836.5
1000007180,20250202,2025-02-02 17:49:48,1463,2,2,Córdoba,8505.0,0.0,49005.0
1000007181,20240229,2024-02-29 07:03:19,1177,1,4,Mendoza,9815.4,900.0,57455.4
1000007182,20250516,2025-05-16 10:49:55,321,2,1,Buenos Aires,2154.6,0.0,12414.6
1000007183,20240718,2024-07-18 13:07:04,130,2,1,Buenos Aires,13582.8,0.0,78262.8
1000007184,20240222,2024-02-22 20:24:07,1083,2,3,Santa Fe,2268.0,0.0,13068.0
1000007185,20250122,2025-01-22 15:34:37,1161,1,1,Buenos Aires,4863.6,1200.0,29223.6
1000007186,20240403,2024-04-03 07:57:13,785,2,2,Córdoba,8769.6,0.0,50529.6
1000007187,20240101,2024-01-01 17:01:27,487,1,1,Buenos Aires,5040.0,1200.0,30240.0
1000007188,20241224,2024-12-24 15:37:17,306,1,1,Buenos Aires,6300.0,1500.0,37800.0
1000007189,20240705,2024-07-05 12:03:29,1062,2,4,Mendoza,5040.0,0.0,29040.0
1000007190,20240523,2024-05-23 19:25:29,1356,2,1,Buenos Aires,6804.0,0.0,39204.0
1000007191,20241122,2024-11-22 22:50:29,709,1,3,Santa Fe,10395.0,900.0,60795.0
1000007192,20250423,2025-04-23 21:33:43,524,1,2,Córdoba,8316.0,1500.0,49416.0
1000007193,20241119,2024-11-19 09:38:36,1063,2,1,Buenos Aires,10962.0,0.0,63162.0
1000007194,20240203,2024-02-03 09:51:16,1149,1,1,Buenos Aires,2222.64,900.0,13706.64
1000007195,20240627,2024-06-27 06:34:29,552,2,4,Mendoza,4536.0,0.0,26136.0
1000007196,20240903,2024-09-03 21:02:38,1011,2,3,Santa Fe,3150.0,0.0,18150.0
1000007197,20250612,2025-06-12 14:37:52,896,1,1,Buenos Aires,14238.0,1200.0,83238.0
1000007198,20241012,2024-10-12 05:57:57,762,1,1,Buenos Aires,12232.08,900.0,71380.08
1000007199,20250111,2025-01-11 00:38:44,812,2,3,Santa Fe,12691.35,0.0,73126.35
1000007200,20240417,2024-04-17 15:20:07,785,1,1,Buenos Aires,9922.5,900.0,58072.5
1000007201,20250123,2025-01-23 04:36:08,1088,2,4,Mendoza,2835.0,0.0,16335.0
1000007202,20250125,2025-01-25 21:15:29,137,2,2,Córdoba,6791.4,0.0,39131.4
1000007203,20241029,2024-10-29 08:02:03,1341,1,1,Buenos Aires,6804.0,900.0,40104.0
1000007204,20241115,2024-11-15 00:40:32,790,1,1,Buenos Aires,10930.5,900.0,63880.5
1000007205,20250311,2025-03-11 11:00:31,194,1,2,Córdoba,2154.6,1200.0,13614.6
1000007206,20250313,2025-03-13 15:08:22,1373,1,1,Buenos Aires,2646.0,1200.0,16446.0
1000007207,20250819,2025-08-19 01:30:25,754,2,4,Mendoza,2394.0,0.0,13794.0
1000007208,20250606,2025-06-06 15:33:24,841,1,1,Buenos Aires,4445.28,900.0,26513.28
1000007209,20250123,2025-01-23 07:28:11,1292,1,3,Santa Fe,5462.1,1200.0,32672.1
1000007210,20250428,2025-04-28 19:15:51,1300,1,1,Buenos Aires,4445.28,0.0,25613.28
1000007211,20250604,2025-06-04 13:18:29,1059,2,4,Mendoza,7408.8,0.0,42688.8
1000007212,20250819,2025-08-19 19:52:48,1420,2,2,Córdoba,12667.72,0.0,72990.22
1000007213,20250605,2025-06-05 19:37:37,1099,1,1,Buenos Aires,2268.0,900.0,13968.0
1000007214,20250528,2025-05-28 21:19:01,219,1,3,Santa Fe,4309.2,900.0,25729.2
1000007215,20241213,2024-12-13 21:22:03,516,2,4,Mendoza,3150.0,0.0,18150.0
1000007216,20241223,2024-12-23 14:08:23,355,2,2,Córdoba,4536.0,0.0,26136.0
1000007217,20241122,2024-11-22 02:48:14,1448,1,1,Buenos Aires,16114.14,1500.0,94348.14
1000007218,20240806,2024-08-06 18:53:07,821,2,1,Buenos Aires,6237.0,0.0,35937.0
1000007219,20250713,2025-07-13 09:01:30,1494,1,3,Santa Fe,6804.0,900.0,40104.0
1000007220,20240705,2024-07-05 01:57:15,1265,1,3,Santa Fe,7408.8,0.0,42688.8
1000007221,20250730,2025-07-30 05:50:02,901,1,1,Buenos Aires,10899.0,1200.0,63999.0
1000007222,20250113,2025-01-13 00:40:31,1268,1,3,Santa Fe,9387.0,0.0,54087.0
1000007223,20250615,2025-06-15 17:45:45,692,2,4,Mendoza,6804.0,0.0,39204.0
1000007224,20250519,2025-05-19 16:33:04,1497,1,4,Mendoza,3241.35,1500.0,20176.35
1000007225,20250303,2025-03-03 01:26:13,1104,1,3,Santa Fe,2268.0,1500.0,14568.0
1000007226,20240708,2024-07-08 14:47:04,862,1,1,Buenos Aires,6791.4,900.0,40031.4
1000007227,20250820,2025-08-20 20:34:35,535,2,3,Santa Fe,7560.0,0.0,43560.0
1000007228,20240127,2024-01-27 22:49:24,281,1,3,Santa Fe,6804.0,0.0,39204.0
1000007229,20250601,2025-06-01 20:17:49,629,1,3,Santa Fe,3241.35,1500.0,20176.35
1000007230,20250920,2025-09-20 00:22:29,1161,1,1,Buenos Aires,12020.4,900.0,70160.4
1000007231,20250302,2025-03-02 04:35:33,826,2,4,Mendoza,10174.5,0.0,58624.5
1000007232,20241208,2024-12-08 08:44:25,890,2,3,Santa Fe,7295.4,0.0,42035.4
1000007233,20240526,2024-05-26 18:35:07,333,1,1,Buenos Aires,11340.0,1200.0,66540.0
1000007234,20240825,2024-08-25 11:19:35,894,1,1,Buenos Aires,6142.5,1200.0,36592.5
1000007235,20250730,2025-07-30 08:19:51,994,2,3,Santa Fe,5985.0,0.0,34485.0
1000007236,20240719,2024-07-19 09:51:27,936,1,1,Buenos Aires,13639.5,1500.0,80089.5
1000007237,20240824,2024-08-24 02:33:30,902,2,4,Mendoza,10332.0,0.0,59532.0
1000007238,20250911,2025-09-11 12:24:37,1139,1,3,Santa Fe,5446.35,0.0,31381.35
1000007239,20240217,2024-02-17 17:46:13,968,2,1,Buenos Aires,9397.08,0.0,54145.08
1000007240,20240322,2024-03-22 12:48:34,410,1,4,Mendoza,5216.4,0.0,30056.4
1000007241,20240425,2024-04-25 11:48:54,875,1,3,Santa Fe,7560.0,900.0,44460.0
1000007242,20250528,2025-05-28 02:05:24,387,2,3,Santa Fe,7056.0,0.0,40656.0
1000007243,20250830,2025-08-30 19:39:35,880,1,1,Buenos Aires,2835.0,1200.0,17535.0
1000007244,20250326,2025-03-26 12:39:37,954,1,2,Córdoba,22850.1,900.0,132560.1
1000007245,20240211,2024-02-11 06:35:27,933,1,2,Córdoba,9324.0,900.0,54624.0
1000007246,20241111,2024-11-11 10:13:12,1154,1,2,Córdoba,6804.0,900.0,40104.0
1000007247,20250515,2025-05-15 18:31:51,527,2,1,Buenos Aires,4536.0,0.0,26136.0
1000007248,20240703,2024-07-03 20:54:52,1353,1,2,Córdoba,2551.5,1200.0,15901.5
1000007249,20250215,2025-02-15 12:38:47,667,2,3,Santa Fe,9450.0,0.0,54450.0
1000007250,20241202,2024-12-02 18:28:15,506,1,1,Buenos Aires,5433.12,0.0,31305.12
1000007251,20250119,2025-01-19 07:56:21,517,2,2,Córdoba,7144.2,0.0,41164.2
1000007252,20241113,2024-11-13 22:04:30,609,1,2,Córdoba,6583.5,900.0,38833.5
1000007253,20250923,2025-09-23 23:43:28,1139,1,1,Buenos Aires,8505.0,1200.0,50205.0
1000007254,20240608,2024-06-08 18:03:02,440,1,1,Buenos Aires,6174.0,900.0,36474.0
1000007255,20241029,2024-10-29 18:24:25,32,2,3,Santa Fe,2381.4,0.0,13721.4
1000007256,20241216,2024-12-16 21:33:58,452,1,1,Buenos Aires,9450.0,1200.0,55650.0
1000007257,20250628,2025-06-28 21:42:23,903,1,4,Mendoza,8977.5,1500.0,53227.5
1000007258,20250224,2025-02-24 10:18:42,850,2,1,Buenos Aires,6463.8,0.0,37243.8
1000007259,20241016,2024-10-16 23:52:21,1186,1,1,Buenos Aires,14112.0,900.0,82212.0
1000007260,20250523,2025-05-23 07:09:59,905,1,3,Santa Fe,7779.24,900.0,45723.24
1000007261,20240729,2024-07-29 10:47:04,1317,1,4,Mendoza,5186.16,1500.0,31382.16
1000007262,20241013,2024-10-13 11:11:11,1224,1,1,Buenos Aires,2394.0,900.0,14694.0
1000007263,20240521,2024-05-21 05:04:04,515,1,3,Santa Fe,7182.0,0.0,41382.0
1000007264,20240325,2024-03-25 19:47:55,81,2,1,Buenos Aires,5887.35,0.0,33922.35
1000007265,20250101,2025-01-01 14:54:03,838,1,3,Santa Fe,10206.0,900.0,59706.0
1000007266,20250208,2025-02-08 13:02:14,1047,1,2,Córdoba,7182.0,900.0,42282.0
1000007267,20250616,2025-06-16 20:02:26,949,2,3,Santa Fe,3307.5,0.0,19057.5
1000007268,20241206,2024-12-06 16:37:44,127,2,1,Buenos Aires,9613.8,0.0,55393.8
1000007269,20250902,2025-09-02 04:32:02,1192,2,3,Santa Fe,13708.8,0.0,78988.8
1000007270,20241105,2024-11-05 07:31:42,1389,1,1,Buenos Aires,6930.0,1200.0,41130.0
1000007271,20250424,2025-04-24 07:34:03,1226,1,2,Córdoba,12222.0,1500.0,71922.0
1000007272,20250514,2025-05-14 17:50:13,895,2,1,Buenos Aires,15246.0,0.0,87846.0
1000007273,20240321,2024-03-21 17:52:15,390,1,1,Buenos Aires,6583.5,900.0,38833.5
1000007274,20250907,2025-09-07 06:10:52,1130,2,4,Mendoza,2268.0,0.0,13068.0
1000007275,20240124,2024-01-24 13:20:28,915,1,3,Santa Fe,5186.16,900.0,30782.16
1000007276,20250723,2025-07-23 00:14:23,354,2,4,Mendoza,8505.0,0.0,49005.0
1000007277,20240414,2024-04-14 08:42:57,552,1,2,Córdoba,9261.0,1200.0,54561.0
1000007278,20250604,2025-06-04 18:05:30,944,1,3,Santa Fe,5186.16,900.0,30782.16
1000007279,20250406,2025-04-06 08:12:37,746,1,1,Buenos Aires,6482.7,1500.0,38852.7
1000007280,20250328,2025-03-28 08:15:53,988,1,1,Buenos Aires,9261.0,900.0,54261.0
1000007281,20250126,2025-01-26 16:40:12,1184,2,3,Santa Fe,4536.0,0.0,26136.0
1000007282,20240706,2024-07-06 19:15:48,1019,1,1,Buenos Aires,6615.0,900.0,39015.0
1000007283,20240125,2024-01-25 07:05:02,433,1,2,Córdoba,5386.5,1200.0,32236.5
1000007284,20240705,2024-07-05 22:29:47,678,2,1,Buenos Aires,7654.5,0.0,44104.5
1000007285,20240922,2024-09-22 09:17:43,873,1,4,Mendoza,14238.0,900.0,82938.0
1000007286,20250216,2025-02-16 21:06:45,1463,2,4,Mendoza,5292.0,0.0,30492.0
1000007287,20250716,2025-07-16 02:23:51,658,1,2,Córdoba,3087.0,1200.0,18987.0
1000007288,20250124,2025-01-24 13:20:34,181,2,1,Buenos Aires,5103.0,0.0,29403.0
1000007289,20240729,2024-07-29 02:30:56,1268,1,3,Santa Fe,3087.0,1200.0,18987.0
1000007290,20250527,2025-05-27 02:31:40,435,1,1,Buenos Aires,9261.0,900.0,54261.0
1000007291,20241110,2024-11-10 12:09:45,543,1,1,Buenos Aires,4788.0,1200.0,28788.0
1000007292,20241103,2024-11-03 04:01:44,848,1,1,Buenos Aires,5953.5,0.0,34303.5
1000007293,20250206,2025-02-06 05:26:16,61,2,4,Mendoza,12622.05,0.0,72727.05
1000007294,20250711,2025-07-11 06:57:45,273,1,2,Córdoba,4939.2,900.0,29359.2
1000007295,20250520,2025-05-20 20:49:46,597,1,2,Córdoba,3087.0,0.0,17787.0
1000007296,20241101,2024-11-01 10:49:23,1395,2,4,Mendoza,16461.9,0.0,94851.9
1000007297,20240528,2024-05-28 20:44:39,1371,1,1,Buenos Aires,2268.0,0.0,13068.0
1000007298,20240927,2024-09-27 09:35:46,1455,1,1,Buenos Aires,7822.08,1200.0,46270.08
1000007299,20250316,2025-03-16 17:01:38,1141,1,3,Santa Fe,2469.6,900.0,15129.6
1000007300,20240510,2024-05-10 19:15:12,512,1,1,Buenos Aires,8139.6,900.0,47799.6
1000007301,20250424,2025-04-24 18:50:07,350,2,2,Córdoba,11932.2,0.0,68752.2
1000007302,20250411,2025-04-11 22:10:36,812,2,3,Santa Fe,9450.0,0.0,54450.0
1000007303,20250619,2025-06-19 08:38:09,923,1,2,Córdoba,3087.0,1500.0,19287.0
1000007304,20240620,2024-06-20 20:49:04,547,1,1,Buenos Aires,11245.5,0.0,64795.5
1000007305,20250308,2025-03-08 18:20:05,1468,2,3,Santa Fe,6804.0,0.0,39204.0
1000007306,20241216,2024-12-16 08:23:04,1107,1,1,Buenos Aires,8505.0,900.0,49905.0
1000007307,20241112,2024-11-12 02:26:59,486,2,3,Santa Fe,23110.92,0.0,133162.92
1000007308,20240412,2024-04-12 22:04:36,393,1,1,Buenos Aires,6667.92,1200.0,39619.92
1000007309,20241222,2024-12-22 09:52:44,1076,2,1,Buenos Aires,2992.5,0.0,17242.5
1000007310,20241004,2024-10-04 06:51:54,474,2,1,Buenos Aires,5953.5,0.0,34303.5
1000007311,20250407,2025-04-07 08:59:05,1312,1,1,Buenos Aires,4939.2,0.0,28459.2
1000007312,20240514,2024-05-14 12:36:29,1305,1,1,Buenos Aires,7560.0,0.0,43560.0
1000007313,20241106,2024-11-06 18:48:02,1307,1,2,Córdoba,7541.1,1200.0,44651.1
1000007314,20250227,2025-02-27 14:48:52,1103,1,1,Buenos Aires,6482.7,0.0,37352.7
1000007315,20240610,2024-06-10 15:12:32,240,1,1,Buenos Aires,3291.75,1200.0,20166.75
1000007316,20250905,2025-09-05 19:16:32,160,1,2,Córdoba,7560.0,1500.0,45060.0
1000007317,20240220,2024-02-20 17:49:39,548,1,1,Buenos Aires,4536.0,900.0,27036.0
1000007318,20240714,2024-07-14 22:48:32,1302,1,2,Córdoba,4762.8,0.0,27442.8
1000007319,20240501,2024-05-01 04:44:51,1110,1,4,Mendoza,11844.0,0.0,68244.0
1000007320,20250622,2025-06-22 21:23:44,164,1,2,Córdoba,2835.0,1500.0,17835.0
1000007321,20250618,2025-06-18 19:14:31,208,1,1,Buenos Aires,12222.0,900.0,71322.0
1000007322,20250602,2025-06-02 04:26:39,291,1,1,Buenos Aires,3118.5,900.0,18868.5
1000007323,20250213,2025-02-13 14:11:20,531,1,3,Santa Fe,7182.0,900.0,42282.0
1000007324,20241112,2024-11-12 20:52:07,615,1,1,Buenos Aires,7408.8,1500.0,44188.8
1000007325,20240927,2024-09-27 22:11:11,80,2,1,Buenos Aires,6804.0,0.0,39204.0
1000007326,20240413,2024-04-13 22:27:08,1420,1,2,Córdoba,9450.0,1200.0,55650.0
1000007327,20241115,2024-11-15 19:43:27,1219,2,2,Córdoba,2268.0,0.0,13068.0
1000007328,20241210,2024-12-10 18:51:25,774,2,2,Córdoba,13471.92,0.0,77623.92
1000007329,20250523,2025-05-23 23:18:17,1199,2,4,Mendoza,9261.0,0.0,53361.0
1000007330,20250417,2025-04-17 20:01:41,1435,1,2,Córdoba,9261.0,1500.0,54861.0
1000007331,20240715,2024-07-15 22:06:27,772,2,1,Buenos Aires,6237.0,0.0,35937.0
1000007332,20250917,2025-09-17 16:10:54,474,1,1,Buenos Aires,6804.0,900.0,40104.0
1000007333,20241022,2024-10-22 05:39:19,882,1,1,Buenos Aires,13513.5,1500.0,79363.5
1000007334,20240815,2024-08-15 01:19:08,414,2,3,Santa Fe,6804.0,0.0,39204.0
1000007335,20250707,2025-07-07 05:11:02,376,1,1,Buenos Aires,19487.16,900.0,113183.16
1000007336,20250205,2025-02-05 23:33:24,1301,2,3,Santa Fe,9828.0,0.0,56628.0
1000007337,20240223,2024-02-23 07:52:04,275,1,1,Buenos Aires,9072.0,0.0,52272.0
1000007338,20250907,2025-09-07 03:03:56,1162,1,1,Buenos Aires,7182.0,900.0,42282.0
1000007339,20250302,2025-03-02 17:18:18,343,1,1,Buenos Aires,4788.0,900.0,28488.0
1000007340,20241001,2024-10-01 22:06:00,983,2,2,Córdoba,3291.75,0.0,18966.75
1000007341,20250212,2025-02-12 01:15:11,448,1,3,Santa Fe,2992.5,1200.0,18442.5
1000007342,20240801,2024-08-01 11:17:08,861,1,1,Buenos Aires,2154.6,1200.0,13614.6
1000007343,20240708,2024-07-08 21:57:58,1189,2,3,Santa Fe,24154.2,0.0,139174.2
1000007344,20250325,2025-03-25 00:37:19,598,2,1,Buenos Aires,6300.0,0.0,36300.0
1000007345,20250730,2025-07-30 08:01:58,560,2,2,Córdoba,5556.6,0.0,32016.6
1000007346,20240623,2024-06-23 13:39:25,377,2,1,Buenos Aires,7484.4,0.0,43124.4
1000007347,20250224,2025-02-24 06:11:26,118,2,2,Córdoba,7654.5,0.0,44104.5
1000007348,20241010,2024-10-10 01:39:35,840,1,3,Santa Fe,6123.6,1500.0,36783.6
1000007349,20250627,2025-06-27 00:07:27,55,1,1,Buenos Aires,5433.12,1500.0,32805.12
1000007350,20240315,2024-03-15 16:24:00,1387,1,1,Buenos Aires,2394.0,1500.0,15294.0
1000007351,20240604,2024-06-04 14:45:19,1044,1,4,Mendoza,14679.0,900.0,85479.0
1000007352,20240519,2024-05-19 08:22:05,1068,1,3,Santa Fe,18207.0,1200.0,106107.0
1000007353,20240730,2024-07-30 14:36:21,1324,1,1,Buenos Aires,4788.0,1200.0,28788.0
1000007354,20240427,2024-04-27 13:46:33,907,1,1,Buenos Aires,7706.16,900.0,45302.16
1000007355,20240713,2024-07-13 12:03:00,1281,1,1,Buenos Aires,11623.5,1500.0,68473.5
1000007356,20250605,2025-06-05 08:41:47,555,2,4,Mendoza,2835.0,0.0,16335.0
1000007357,20240523,2024-05-23 19:23:07,778,1,1,Buenos Aires,2992.5,1200.0,18442.5
1000007358,20250705,2025-07-05 14:24:07,1001,1,1,Buenos Aires,4536.0,1200.0,27336.0
1000007359,20250614,2025-06-14 04:28:24,1188,1,1,Buenos Aires,5266.8,900.0,31246.8
1000007360,20240606,2024-06-06 10:58:08,45,1,4,Mendoza,6300.0,1500.0,37800.0
1000007361,20241002,2024-10-02 17:18:02,1309,2,3,Santa Fe,8505.0,0.0,49005.0
1000007362,20250628,2025-06-28 04:32:05,771,2,4,Mendoza,3087.0,0.0,17787.0
1000007363,20250112,2025-01-12 05:42:34,510,2,3,Santa Fe,9702.0,0.0,55902.0
1000007364,20240314,2024-03-14 03:16:46,1450,1,1,Buenos Aires,6300.0,900.0,37200.0
1000007365,20250827,2025-08-27 00:18:19,466,2,1,Buenos Aires,13582.8,0.0,78262.8
1000007366,20250406,2025-04-06 09:05:59,722,1,1,Buenos Aires,2469.6,1200.0,15429.6
1000007367,20250510,2025-05-10 14:16:46,680,1,1,Buenos Aires,7182.0,1500.0,42882.0
1000007368,20250402,2025-04-02 17:01:47,451,2,2,Córdoba,6482.7,0.0,37352.7
1000007369,20240109,2024-01-09 03:36:21,1001,1,4,Mendoza,16128.0,1200.0,94128.0
1000007370,20240518,2024-05-18 00:42:32,1127,1,2,Córdoba,10710.0,900.0,62610.0
1000007371,20250928,2025-09-28 08:10:30,1188,2,1,Buenos Aires,2394.0,0.0,13794.0
1000007372,20240923,2024-09-23 17:08:01,481,2,3,Santa Fe,9450.0,0.0,54450.0
1000007373,20250105,2025-01-05 01:23:03,246,1,2,Córdoba,12297.6,0.0,70857.6
1000007374,20241007,2024-10-07 02:07:22,56,2,2,Córdoba,6300.0,0.0,36300.0
1000007375,20241008,2024-10-08 11:24:41,547,1,3,Santa Fe,10495.8,1500.0,61975.8
1000007376,20250902,2025-09-02 15:14:37,1304,2,2,Córdoba,20853.0,0.0,120153.0
1000007377,20240930,2024-09-30 15:26:16,1214,2,2,Córdoba,13078.8,0.0,75358.8
1000007378,20241001,2024-10-01 11:34:33,903,1,2,Córdoba,6804.0,1200.0,40404.0
1000007379,20240726,2024-07-26 16:19:48,1173,1,1,Buenos Aires,16159.5,900.0,94009.5
1000007380,20250213,2025-02-13 13:40:40,181,1,1,Buenos Aires,11340.0,900.0,66240.0
1000007381,20250718,2025-07-18 07:44:43,65,2,2,Córdoba,16679.25,0.0,96104.25
1000007382,20240908,2024-09-08 13:27:28,1344,2,3,Santa Fe,7484.4,0.0,43124.4
1000007383,20240222,2024-02-22 12:28:32,1436,2,4,Mendoza,12726.0,0.0,73326.0
1000007384,20250107,2025-01-07 17:53:26,567,1,3,Santa Fe,2646.0,1200.0,16446.0
1000007385,20241214,2024-12-14 18:23:10,100,1,1,Buenos Aires,3087.0,900.0,18687.0
1000007386,20240726,2024-07-26 23:34:18,1293,1,1,Buenos Aires,8079.75,900.0,47454.75
1000007387,20240821,2024-08-21 04:01:59,380,1,2,Córdoba,5040.0,0.0,29040.0
1000007388,20240229,2024-02-29 09:04:14,351,2,1,Buenos Aires,5985.0,0.0,34485.0
1000007389,20240902,2024-09-02 06:53:28,1029,2,1,Buenos Aires,2520.0,0.0,14520.0
1000007390,20240726,2024-07-26 13:30:42,544,2,3,Santa Fe,15340.5,0.0,88390.5
1000007391,20250426,2025-04-26 18:35:05,916,2,4,Mendoza,7408.8,0.0,42688.8
1000007392,20241007,2024-10-07 14:19:59,291,2,3,Santa Fe,3142.12,0.0,18104.62
1000007393,20240111,2024-01-11 06:43:36,253,2,3,Santa Fe,8505.0,0.0,49005.0
1000007394,20250716,2025-07-16 14:53:04,922,1,2,Córdoba,2513.7,900.0,15383.7
1000007395,20240615,2024-06-15 17:00:43,347,1,2,Córdoba,6804.0,900.0,40104.0
1000007396,20250903,2025-09-03 13:47:59,882,2,4,Mendoza,5040.0,0.0,29040.0
1000007397,20241217,2024-12-17 21:31:49,477,2,1,Buenos Aires,4788.0,0.0,27588.0
1000007398,20250704,2025-07-04 13:08:14,1061,2,3,Santa Fe,5040.0,0.0,29040.0
1000007399,20250517,2025-05-17 04:24:12,292,1,3,Santa Fe,11812.5,1200.0,69262.5
1000007400,20240109,2024-01-09 06:33:48,1450,1,1,Buenos Aires,11403.0,900.0,66603.0
1000007401,20240514,2024-05-14 03:54:07,1342,2,2,Córdoba,7182.0,0.0,41382.0
1000007402,20241229,2024-12-29 13:00:08,930,1,2,Córdoba,6583.5,0.0,37933.5
1000007403,20241225,2024-12-25 20:00:16,918,1,4,Mendoza,7560.0,1200.0,44760.0
1000007404,20241126,2024-11-26 19:47:41,1233,2,3,Santa Fe,7779.24,0.0,44823.24
1000007405,20250311,2025-03-11 20:49:28,856,2,4,Mendoza,15726.38,0.0,90613.88
1000007406,20241012,2024-10-12 11:41:43,111,1,1,Buenos Aires,6791.4,1500.0,40631.4
1000007407,20240325,2024-03-25 06:22:13,10,2,3,Santa Fe,12461.4,0.0,71801.4
1000007408,20240407,2024-04-07 16:31:16,1016,1,3,Santa Fe,4536.0,1200.0,27336.0
1000007409,20250917,2025-09-17 04:33:01,874,1,1,Buenos Aires,6300.0,900.0,37200.0
1000007410,20240707,2024-07-07 11:07:06,789,1,3,Santa Fe,7560.0,1500.0,45060.0
1000007411,20241115,2024-11-15 11:14:03,119,2,2,Córdoba,2154.6,0.0,12414.6
1000007412,20250620,2025-06-20 23:08:53,413,2,2,Córdoba,6174.0,0.0,35574.0
1000007413,20240424,2024-04-24 04:53:05,616,1,1,Buenos Aires,2716.56,900.0,16552.56
1000007414,20250805,2025-08-05 03:04:27,1239,1,3,Santa Fe,7144.2,900.0,42064.2
1000007415,20250129,2025-01-29 11:59:50,1053,2,3,Santa Fe,20582.1,0.0,118592.1
1000007416,20240331,2024-03-31 21:34:26,255,1,3,Santa Fe,7408.8,900.0,43588.8
1000007417,20240518,2024-05-18 02:44:24,1123,2,2,Córdoba,2154.6,0.0,12414.6
1000007418,20250810,2025-08-10 06:11:53,1427,1,2,Córdoba,15227.1,900.0,88637.1
1000007419,20240506,2024-05-06 12:55:48,205,2,1,Buenos Aires,4536.0,0.0,26136.0
1000007420,20250331,2025-03-31 04:25:30,878,2,4,Mendoza,8505.0,0.0,49005.0
1000007421,20250805,2025-08-05 13:18:52,1416,1,1,Buenos Aires,7408.8,1500.0,44188.8
1000007422,20250823,2025-08-23 20:45:37,440,1,1,Buenos Aires,4788.0,900.0,28488.0
1000007423,20250221,2025-02-21 10:39:47,1366,2,3,Santa Fe,5266.8,0.0,30346.8
1000007424,20241104,2024-11-04 01:38:27,487,1,1,Buenos Aires,16405.2,900.0,95425.2
1000007425,20250609,2025-06-09 04:22:20,131,1,1,Buenos Aires,8977.5,1200.0,52927.5
1000007426,20240505,2024-05-05 11:32:34,121,2,4,Mendoza,2154.6,0.0,12414.6
1000007427,20241220,2024-12-20 20:11:06,33,1,1,Buenos Aires,2394.0,900.0,14694.0
1000007428,20250618,2025-06-18 16:45:33,1445,2,1,Buenos Aires,7144.2,0.0,41164.2
1000007429,20240901,2024-09-01 19:55:00,1031,1,2,Córdoba,4939.2,0.0,28459.2
1000007430,20241126,2024-11-26 02:34:53,154,2,2,Córdoba,3118.5,0.0,17968.5
1000007431,20240219,2024-02-19 05:54:35,515,1,2,Córdoba,6174.0,1500.0,37074.0
1000007432,20240302,2024-03-02 21:30:03,1333,2,4,Mendoza,2222.64,0.0,12806.64
1000007433,20250227,2025-02-27 13:54:08,1408,2,1,Buenos Aires,2646.0,0.0,15246.0
1000007434,20250922,2025-09-22 21:50:19,787,1,1,Buenos Aires,2268.0,900.0,13968.0
1000007435,20240425,2024-04-25 21:02:03,679,2,2,Córdoba,2268.0,0.0,13068.0
1000007436,20240303,2024-03-03 06:35:08,513,2,2,Córdoba,9261.0,0.0,53361.0
1000007437,20240130,2024-01-30 10:50:40,328,1,1,Buenos Aires,4536.0,900.0,27036.0
1000007438,20250516,2025-05-16 03:35:24,68,1,2,Córdoba,4445.28,1200.0,26813.28
1000007439,20250604,2025-06-04 13:55:16,615,1,3,Santa Fe,2469.6,0.0,14229.6
1000007440,20250912,2025-09-12 18:58:56,247,1,1,Buenos Aires,6463.8,900.0,38143.8
1000007441,20240921,2024-09-21 14:46:02,299,2,4,Mendoza,5027.4,0.0,28967.4
1000007442,20250202,2025-02-02 03:17:01,944,1,2,Córdoba,3291.75,1200.0,20166.75
1000007443,20241208,2024-12-08 02:55:03,1048,2,2,Córdoba,11174.94,0.0,64388.94
1000007444,20250527,2025-05-27 12:46:50,195,1,1,Buenos Aires,20253.24,900.0,117597.24
1000007445,20250617,2025-06-17 23:34:08,1076,1,1,Buenos Aires,6300.0,900.0,37200.0
1000007446,20250407,2025-04-07 10:53:49,629,1,1,Buenos Aires,3142.12,900.0,19004.62
1000007447,20240918,2024-09-18 02:55:24,1244,2,4,Mendoza,13293.0,0.0,76593.0
1000007448,20241120,2024-11-20 23:30:28,1178,2,1,Buenos Aires,5670.0,0.0,32670.0
1000007449,20240224,2024-02-24 15:37:47,1259,1,3,Santa Fe,6615.0,900.0,39015.0
1000007450,20250918,2025-09-18 11:57:13,1,1,2,Córdoba,9475.2,1200.0,55795.2
1000007451,20250502,2025-05-02 09:00:11,873,1,3,Santa Fe,5103.0,1200.0,30603.0
1000007452,20250717,2025-07-17 02:01:01,1133,1,1,Buenos Aires,5670.0,1200.0,33870.0
1000007453,20250927,2025-09-27 01:05:31,166,1,1,Buenos Aires,4536.0,1500.0,27636.0
1000007454,20240626,2024-06-26 02:55:50,373,2,4,Mendoza,9009.0,0.0,51909.0
1000007455,20240505,2024-05-05 19:10:08,1226,1,1,Buenos Aires,10332.0,900.0,60432.0
1000007456,20240409,2024-04-09 06:50:21,587,1,4,Mendoza,7408.8,1200.0,43888.8
1000007457,20241110,2024-11-10 14:15:16,1316,2,1,Buenos Aires,2835.0,0.0,16335.0
1000007458,20250323,2025-03-23 05:07:14,766,2,4,Mendoza,2520.0,0.0,14520.0
1000007459,20240324,2024-03-24 04:19:09,584,2,3,Santa Fe,2835.0,0.0,16335.0
1000007460,20250219,2025-02-19 17:56:59,594,2,3,Santa Fe,3087.0,0.0,17787.0
1000007461,20241130,2024-11-30 20:29:38,1183,1,3,Santa Fe,2551.5,1200.0,15901.5
1000007462,20240426,2024-04-26 04:22:45,1189,1,1,Buenos Aires,2693.25,1500.0,17018.25
1000007463,20250919,2025-09-19 13:38:14,1123,2,2,Córdoba,7938.0,0.0,45738.0
1000007464,20241206,2024-12-06 17:17:04,283,1,3,Santa Fe,5040.0,1500.0,30540.0
1000007465,20240828,2024-08-28 11:06:25,1236,1,2,Córdoba,7560.0,1200.0,44760.0
1000007466,20240406,2024-04-06 17:26:53,183,1,1,Buenos Aires,2992.5,1500.0,18742.5
1000007467,20250122,2025-01-22 13:13:32,340,2,1,Buenos Aires,4939.2,0.0,28459.2
1000007468,20240228,2024-02-28 15:46:29,796,2,3,Santa Fe,5103.0,0.0,29403.0
1000007469,20250602,2025-06-02 16:56:05,25,1,1,Buenos Aires,16357.95,1200.0,95452.95
1000007470,20241119,2024-11-19 13:51:42,309,1,1,Buenos Aires,2494.8,1200.0,15574.8
1000007471,20250328,2025-03-28 15:34:31,880,2,4,Mendoza,11940.08,0.0,68797.58
1000007472,20240721,2024-07-21 14:34:31,314,1,1,Buenos Aires,10395.0,1500.0,61395.0
1000007473,20240626,2024-06-26 09:36:00,1011,1,4,Mendoza,7182.0,1500.0,42882.0
1000007474,20250423,2025-04-23 08:42:23,1356,1,3,Santa Fe,14817.6,900.0,86277.6
1000007475,20250825,2025-08-25 05:18:17,250,1,1,Buenos Aires,7408.8,900.0,43588.8
1000007476,20240625,2024-06-25 04:17:38,971,1,4,Mendoza,10080.0,1500.0,59580.0
1000007477,20241212,2024-12-12 20:20:00,1085,1,2,Córdoba,8505.0,0.0,49005.0
1000007478,20241215,2024-12-15 01:38:22,355,1,2,Córdoba,2646.0,900.0,16146.0
1000007479,20250620,2025-06-20 00:11:04,863,1,1,Buenos Aires,7560.0,1200.0,44760.0
1000007480,20240302,2024-03-02 05:20:31,777,2,1,Buenos Aires,2268.0,0.0,13068.0
1000007481,20250107,2025-01-07 18:20:22,446,2,3,Santa Fe,5670.0,0.0,32670.0
1000007482,20250330,2025-03-30 08:09:04,262,2,3,Santa Fe,6174.0,0.0,35574.0
1000007483,20250412,2025-04-12 02:02:00,1315,2,1,Buenos Aires,4536.0,0.0,26136.0
1000007484,20250916,2025-09-16 00:31:26,658,2,3,Santa Fe,5670.0,0.0,32670.0
1000007485,20240317,2024-03-17 16:36:06,1043,2,1,Buenos Aires,17923.5,0.0,103273.5
1000007486,20250912,2025-09-12 22:01:11,347,1,2,Córdoba,6804.0,1200.0,40404.0
1000007487,20240818,2024-08-18 15:33:08,360,1,2,Córdoba,10125.36,900.0,59241.36
1000007488,20240303,2024-03-03 23:22:48,989,1,1,Buenos Aires,4989.6,1200.0,29949.6
1000007489,20240525,2024-05-25 11:20:24,1227,1,1,Buenos Aires,8930.25,900.0,52355.25
1000007490,20250314,2025-03-14 08:00:40,1496,1,3,Santa Fe,4762.8,1200.0,28642.8
1000007491,20240814,2024-08-14 23:05:26,410,2,3,Santa Fe,2835.0,0.0,16335.0
1000007492,20240320,2024-03-20 13:45:41,1489,1,2,Córdoba,4939.2,1200.0,29659.2
1000007493,20240403,2024-04-03 13:57:52,1146,1,3,Santa Fe,6174.0,900.0,36474.0
1000007494,20250519,2025-05-19 15:28:50,1246,2,2,Córdoba,4762.8,0.0,27442.8
1000007495,20240514,2024-05-14 08:19:59,1306,1,1,Buenos Aires,2494.8,1200.0,15574.8
1000007496,20241108,2024-11-08 20:40:13,291,1,4,Mendoza,2835.0,1500.0,17835.0
1000007497,20250101,2025-01-01 16:22:29,1005,1,2,Córdoba,5670.0,0.0,32670.0
1000007498,20240716,2024-07-16 13:01:14,592,2,2,Córdoba,2381.4,0.0,13721.4
1000007499,20240313,2024-03-13 14:46:30,1220,1,4,Mendoza,14023.8,0.0,80803.8
1000007500,20250204,2025-02-04 07:15:19,999,2,3,Santa Fe,2646.0,0.0,15246.0
1000007501,20241007,2024-10-07 17:55:56,647,2,1,Buenos Aires,9450.0,0.0,54450.0
1000007502,20240604,2024-06-04 07:39:25,421,2,1,Buenos Aires,2268.0,0.0,13068.0
1000007503,20240523,2024-05-23 05:57:46,289,2,4,Mendoza,3087.0,0.0,17787.0
1000007504,20250523,2025-05-23 03:10:46,436,1,4,Mendoza,11340.0,900.0,66240.0
1000007505,20240305,2024-03-05 10:02:26,899,1,3,Santa Fe,8334.9,1500.0,49524.9
1000007506,20240505,2024-05-05 02:42:03,1136,1,4,Mendoza,7900.2,900.0,46420.2
1000007507,20240101,2024-01-01 04:01:10,691,1,1,Buenos Aires,10574.55,0.0,60929.55
1000007508,20240901,2024-09-01 03:02:21,906,2,4,Mendoza,3087.0,0.0,17787.0
1000007509,20250412,2025-04-12 13:09:46,436,1,2,Córdoba,2268.0,1200.0,14268.0
1000007510,20250728,2025-07-28 16:48:16,851,2,3,Santa Fe,7779.24,0.0,44823.24
1000007511,20250628,2025-06-28 21:34:27,1455,2,3,Santa Fe,2520.0,0.0,14520.0
1000007512,20241124,2024-11-24 09:36:37,1421,2,4,Mendoza,15624.0,0.0,90024.0
1000007513,20240915,2024-09-15 06:20:13,629,2,1,Buenos Aires,9891.0,0.0,56991.0
1000007514,20241109,2024-11-09 18:38:21,295,1,3,Santa Fe,7560.0,1200.0,44760.0
1000007515,20241230,2024-12-30 21:43:20,1148,2,2,Córdoba,6300.0,0.0,36300.0
1000007516,20250111,2025-01-11 17:10:19,248,1,4,Mendoza,2992.5,900.0,18142.5
1000007517,20240829,2024-08-29 22:35:05,377,1,1,Buenos Aires,4788.0,1200.0,28788.0
1000007518,20240124,2024-01-24 23:39:30,1008,1,2,Córdoba,8505.0,900.0,49905.0
1000007519,20241207,2024-12-07 23:23:24,978,1,3,Santa Fe,6804.0,1200.0,40404.0
1000007520,20240318,2024-03-18 13:43:00,1154,1,3,Santa Fe,8505.0,0.0,49005.0
1000007521,20241004,2024-10-04 22:33:42,1168,1,2,Córdoba,6804.0,1500.0,40704.0
1000007522,20240812,2024-08-12 00:46:18,1178,2,1,Buenos Aires,7560.0,0.0,43560.0
1000007523,20240907,2024-09-07 10:00:23,344,1,1,Buenos Aires,7138.53,1500.0,42631.53
1000007524,20240926,2024-09-26 11:05:10,986,2,1,Buenos Aires,24432.98,0.0,140780.48
1000007525,20240831,2024-08-31 04:09:48,884,1,1,Buenos Aires,7182.0,1200.0,42582.0
1000007526,20240528,2024-05-28 21:13:04,1046,1,1,Buenos Aires,8246.7,1200.0,48716.7
1000007527,20250908,2025-09-08 11:06:52,244,1,1,Buenos Aires,8505.0,0.0,49005.0
1000007528,20250507,2025-05-07 23:45:06,1246,1,1,Buenos Aires,2520.0,1500.0,16020.0
1000007529,20250724,2025-07-24 07:13:19,873,2,4,Mendoza,7938.0,0.0,45738.0
1000007530,20240322,2024-03-22 18:10:33,988,1,3,Santa Fe,17766.0,900.0,103266.0
1000007531,20250222,2025-02-22 11:29:48,597,2,2,Córdoba,4788.0,0.0,27588.0
1000007532,20240119,2024-01-19 03:38:59,1432,1,2,Córdoba,7528.5,900.0,44278.5
1000007533,20250613,2025-06-13 16:40:13,833,1,4,Mendoza,9355.5,900.0,54805.5
1000007534,20240622,2024-06-22 06:11:46,148,1,2,Córdoba,8505.0,1200.0,50205.0
1000007535,20250520,2025-05-20 04:57:38,570,1,1,Buenos Aires,4939.2,900.0,29359.2
1000007536,20240822,2024-08-22 23:27:30,1102,2,2,Córdoba,5670.0,0.0,32670.0
1000007537,20240918,2024-09-18 18:44:57,788,1,4,Mendoza,11627.28,1500.0,68495.28
1000007538,20250531,2025-05-31 18:21:25,252,1,1,Buenos Aires,5386.5,1200.0,32236.5
1000007539,20240519,2024-05-19 19:34:04,1442,2,3,Santa Fe,7257.6,0.0,41817.6
1000007540,20240323,2024-03-23 10:13:28,483,2,1,Buenos Aires,3087.0,0.0,17787.0
1000007541,20241209,2024-12-09 22:20:06,946,2,4,Mendoza,12458.25,0.0,71783.25
1000007542,20250206,2025-02-06 16:23:29,603,1,1,Buenos Aires,2835.0,0.0,16335.0
1000007543,20240830,2024-08-30 08:43:34,1410,1,1,Buenos Aires,2394.0,0.0,13794.0
1000007544,20240208,2024-02-08 08:03:36,857,2,1,Buenos Aires,2268.0,0.0,13068.0
1000007545,20250416,2025-04-16 03:45:23,1080,2,1,Buenos Aires,9875.25,0.0,56900.25
1000007546,20250809,2025-08-09 11:51:43,795,1,1,Buenos Aires,4082.4,1200.0,24722.4
1000007547,20250523,2025-05-23 09:37:00,926,2,1,Buenos Aires,4788.0,0.0,27588.0
1000007548,20240613,2024-06-13 17:10:26,911,2,1,Buenos Aires,4939.2,0.0,28459.2
1000007549,20240920,2024-09-20 00:40:44,435,1,1,Buenos Aires,5040.0,1200.0,30240.0
1000007550,20240102,2024-01-02 03:01:09,597,1,1,Buenos Aires,2716.56,1500.0,17152.56
1000007551,20240803,2024-08-03 01:12:37,817,1,1,Buenos Aires,2513.7,0.0,14483.7
1000007552,20240512,2024-05-12 01:17:13,815,1,2,Córdoba,7779.24,1200.0,46023.24
1000007553,20240310,2024-03-10 18:07:59,304,1,1,Buenos Aires,4536.0,0.0,26136.0
1000007554,20250602,2025-06-02 20:20:44,529,1,2,Córdoba,4309.2,1200.0,26029.2
1000007555,20250703,2025-07-03 10:46:38,832,2,4,Mendoza,3087.0,0.0,17787.0
1000007556,20250314,2025-03-14 12:43:16,1235,1,1,Buenos Aires,6804.0,900.0,40104.0
1000007557,20240525,2024-05-25 20:21:12,614,2,1,Buenos Aires,7560.0,0.0,43560.0
1000007558,20240124,2024-01-24 13:27:17,951,2,3,Santa Fe,2716.56,0.0,15652.56
1000007559,20241001,2024-10-01 14:09:18,1156,1,3,Santa Fe,10458.0,900.0,61158.0
1000007560,20240726,2024-07-26 10:51:20,689,2,4,Mendoza,7182.0,0.0,41382.0
1000007561,20241107,2024-11-07 20:17:15,1482,1,1,Buenos Aires,5985.0,900.0,35385.0
1000007562,20240129,2024-01-29 12:46:40,243,2,1,Buenos Aires,16065.0,0.0,92565.0
1000007563,20250113,2025-01-13 17:20:13,547,1,3,Santa Fe,6174.0,900.0,36474.0
1000007564,20240411,2024-04-11 17:56:45,292,1,3,Santa Fe,5266.8,900.0,31246.8
1000007565,20250614,2025-06-14 14:08:51,1145,2,3,Santa Fe,6791.4,0.0,39131.4
1000007566,20241024,2024-10-24 13:57:32,87,1,1,Buenos Aires,13028.4,900.0,75968.4
1000007567,20240707,2024-07-07 16:33:52,1046,2,4,Mendoza,9875.25,0.0,56900.25
1000007568,20240226,2024-02-26 15:27:59,1071,1,1,Buenos Aires,11900.7,1500.0,70070.7
1000007569,20240110,2024-01-10 11:57:25,758,2,4,Mendoza,9724.05,0.0,56029.05
1000007570,20250919,2025-09-19 09:38:31,149,2,4,Mendoza,11340.0,0.0,65340.0
1000007571,20240721,2024-07-21 17:36:32,809,1,1,Buenos Aires,7484.4,1500.0,44624.4
1000007572,20240629,2024-06-29 07:38:51,45,2,4,Mendoza,7408.8,0.0,42688.8
1000007573,20250705,2025-07-05 00:35:29,423,1,2,Córdoba,9072.0,0.0,52272.0
1000007574,20240914,2024-09-14 11:38:46,1222,2,4,Mendoza,5670.0,0.0,32670.0
1000007575,20240201,2024-02-01 09:01:49,47,1,2,Córdoba,15246.0,900.0,88746.0
1000007576,20240716,2024-07-16 12:30:10,699,1,1,Buenos Aires,5670.0,0.0,32670.0
1000007577,20240727,2024-07-27 09:27:43,552,1,1,Buenos Aires,8851.5,1500.0,52501.5
1000007578,20250418,2025-04-18 08:56:16,1202,2,2,Córdoba,8316.0,0.0,47916.0
1000007579,20250412,2025-04-12 04:06:40,1365,1,1,Buenos Aires,9261.0,1500.0,54861.0
1000007580,20241008,2024-10-08 20:03:23,409,2,1,Buenos Aires,8977.5,0.0,51727.5
1000007581,20240616,2024-06-16 09:54:32,524,2,4,Mendoza,7182.0,0.0,41382.0
1000007582,20250411,2025-04-11 10:10:06,949,2,4,Mendoza,10880.1,0.0,62690.1
1000007583,20240910,2024-09-10 17:11:17,492,1,1,Buenos Aires,9928.8,1500.0,58708.8
1000007584,20250218,2025-02-18 00:23:33,1002,1,1,Buenos Aires,4309.2,900.0,25729.2
1000007585,20250610,2025-06-10 02:22:37,976,2,4,Mendoza,8505.0,0.0,49005.0
1000007586,20250622,2025-06-22 10:36:25,348,2,4,Mendoza,2646.0,0.0,15246.0
1000007587,20250129,2025-01-29 11:39:07,66,2,2,Córdoba,5040.0,0.0,29040.0
1000007588,20240409,2024-04-09 04:15:01,968,2,3,Santa Fe,9520.56,0.0,54856.56
1000007589,20240803,2024-08-03 11:57:56,996,1,2,Córdoba,2593.08,1200.0,16141.08
1000007590,20250824,2025-08-24 15:48:34,66,2,3,Santa Fe,4762.8,0.0,27442.8
1000007591,20250621,2025-06-21 18:25:41,1048,1,1,Buenos Aires,16563.33,900.0,96336.33
1000007592,20241002,2024-10-02 13:41:17,820,1,1,Buenos Aires,6300.0,1500.0,37800.0
1000007593,20240928,2024-09-28 11:56:46,152,2,1,Buenos Aires,7182.0,0.0,41382.0
1000007594,20240219,2024-02-19 19:41:38,1431,1,1,Buenos Aires,2593.08,1200.0,16141.08
1000007595,20250728,2025-07-28 18:24:20,1031,1,2,Córdoba,7182.0,900.0,42282.0
1000007596,20240524,2024-05-24 12:22:08,1237,1,2,Córdoba,9450.0,900.0,55350.0
1000007597,20240806,2024-08-06 08:57:52,874,2,1,Buenos Aires,9261.0,0.0,53361.0
1000007598,20250317,2025-03-17 01:40:32,59,1,2,Córdoba,11570.58,900.0,67568.58
1000007599,20250909,2025-09-09 04:17:33,1243,2,4,Mendoza,12348.0,0.0,71148.0
1000007600,20250303,2025-03-03 05:25:38,921,2,4,Mendoza,15151.5,0.0,87301.5
1000007601,20250222,2025-02-22 09:16:23,1000,2,2,Córdoba,7182.0,0.0,41382.0
1000007602,20240331,2024-03-31 00:42:43,484,1,1,Buenos Aires,5858.68,900.0,34657.18
1000007603,20240218,2024-02-18 16:52:37,134,1,1,Buenos Aires,2772.0,1200.0,17172.0
1000007604,20250912,2025-09-12 04:44:13,1083,1,2,Córdoba,3087.0,900.0,18687.0
1000007605,20250118,2025-01-18 16:46:44,540,2,4,Mendoza,12978.0,0.0,74778.0
1000007606,20241109,2024-11-09 04:05:47,976,2,3,Santa Fe,8505.0,0.0,49005.0
1000007607,20241224,2024-12-24 05:00:09,926,1,1,Buenos Aires,4939.2,1200.0,29659.2
1000007608,20250205,2025-02-05 09:30:24,881,1,1,Buenos Aires,5953.5,1200.0,35503.5
1000007609,20240619,2024-06-19 23:01:30,1388,1,3,Santa Fe,4536.0,900.0,27036.0
1000007610,20250117,2025-01-17 18:14:04,121,2,4,Mendoza,6930.0,0.0,39930.0
1000007611,20240323,2024-03-23 23:39:38,1117,2,1,Buenos Aires,8079.75,0.0,46554.75
1000007612,20250420,2025-04-20 22:53:51,182,2,3,Santa Fe,2646.0,0.0,15246.0
1000007613,20250806,2025-08-06 05:12:36,1156,1,2,Córdoba,22806.0,1200.0,132606.0
1000007614,20241205,2024-12-05 09:11:08,1075,1,1,Buenos Aires,17803.8,900.0,103483.8
1000007615,20250624,2025-06-24 06:58:45,1155,2,1,Buenos Aires,4536.0,0.0,26136.0
1000007616,20250107,2025-01-07 10:07:41,1393,1,2,Córdoba,13041.0,0.0,75141.0
1000007617,20240831,2024-08-31 01:37:04,657,2,4,Mendoza,4445.28,0.0,25613.28
1000007618,20250317,2025-03-17 04:20:12,857,1,2,Córdoba,8977.5,1500.0,53227.5
1000007619,20240816,2024-08-16 23:53:31,92,1,2,Córdoba,8149.68,1200.0,48157.68
1000007620,20240908,2024-09-08 23:56:47,217,1,3,Santa Fe,20619.9,1200.0,120009.9
1000007621,20240724,2024-07-24 23:48:57,452,2,1,Buenos Aires,9450.0,0.0,54450.0
1000007622,20241006,2024-10-06 10:31:01,77,1,1,Buenos Aires,5859.0,900.0,34659.0
1000007623,20241015,2024-10-15 06:10:45,733,2,3,Santa Fe,2992.5,0.0,17242.5
1000007624,20250419,2025-04-19 03:26:14,344,1,1,Buenos Aires,3307.5,0.0,19057.5
1000007625,20250512,2025-05-12 13:03:38,425,1,4,Mendoza,2520.0,1200.0,15720.0
1000007626,20240122,2024-01-22 14:18:32,1188,2,1,Buenos Aires,12530.7,0.0,72200.7
1000007627,20240608,2024-06-08 22:23:08,226,1,1,Buenos Aires,8149.68,900.0,47857.68
1000007628,20250214,2025-02-14 21:16:30,585,2,1,Buenos Aires,5743.08,0.0,33091.08
1000007629,20250421,2025-04-21 11:33:26,1392,1,1,Buenos Aires,10914.75,1200.0,64089.75
1000007630,20250222,2025-02-22 02:29:29,838,1,1,Buenos Aires,9450.0,900.0,55350.0
1000007631,20240727,2024-07-27 11:26:29,616,1,1,Buenos Aires,17161.2,900.0,99781.2
1000007632,20240222,2024-02-22 02:54:17,662,2,2,Córdoba,15044.4,0.0,86684.4
1000007633,20250513,2025-05-13 03:27:19,411,1,1,Buenos Aires,12448.8,1500.0,73228.8
1000007634,20240814,2024-08-14 12:36:01,3,1,1,Buenos Aires,2469.6,1200.0,15429.6
1000007635,20240704,2024-07-04 14:17:23,1136,2,2,Córdoba,7541.1,0.0,43451.1
1000007636,20240316,2024-03-16 03:50:58,354,2,3,Santa Fe,2469.6,0.0,14229.6
1000007637,20250414,2025-04-14 20:53:51,1289,2,2,Córdoba,12877.2,0.0,74197.2
1000007638,20240914,2024-09-14 07:57:56,941,2,1,Buenos Aires,8334.9,0.0,48024.9
1000007639,20250817,2025-08-17 12:53:30,334,1,1,Buenos Aires,5887.35,1200.0,35122.35
1000007640,20241108,2024-11-08 10:31:27,854,2,2,Córdoba,7408.8,0.0,42688.8
1000007641,20250926,2025-09-26 14:07:30,1337,2,1,Buenos Aires,3150.0,0.0,18150.0
1000007642,20240207,2024-02-07 21:45:22,720,1,1,Buenos Aires,4939.2,900.0,29359.2
1000007643,20240502,2024-05-02 12:22:44,822,1,3,Santa Fe,2633.4,1500.0,16673.4
1000007644,20250122,2025-01-22 08:27:37,226,1,1,Buenos Aires,4788.0,900.0,28488.0
1000007645,20250417,2025-04-17 22:10:38,1224,2,1,Buenos Aires,5544.0,0.0,31944.0
1000007646,20250926,2025-09-26 11:00:54,3,1,2,Córdoba,5670.0,900.0,33570.0
1000007647,20240824,2024-08-24 06:24:41,1395,1,2,Córdoba,7182.0,1200.0,42582.0
1000007648,20250415,2025-04-15 00:24:27,1179,2,4,Mendoza,5186.16,0.0,29882.16
1000007649,20240628,2024-06-28 00:00:15,883,2,2,Córdoba,15639.75,0.0,90114.75
1000007650,20250101,2025-01-01 10:48:54,690,2,4,Mendoza,8977.5,0.0,51727.5
1000007651,20250725,2025-07-25 20:09:45,132,2,3,Santa Fe,4788.0,0.0,27588.0
1000007652,20240727,2024-07-27 12:04:48,303,1,2,Córdoba,8079.75,900.0,47454.75
1000007653,20241225,2024-12-25 20:25:07,1444,1,2,Córdoba,5040.0,1200.0,30240.0
1000007654,20240625,2024-06-25 07:42:53,753,1,1,Buenos Aires,10199.7,900.0,59669.7
1000007655,20240208,2024-02-08 08:38:53,1066,1,3,Santa Fe,4536.0,900.0,27036.0
1000007656,20250531,2025-05-31 08:09:53,359,2,4,Mendoza,7560.0,0.0,43560.0
1000007657,20240917,2024-09-17 16:09:30,120,2,2,Córdoba,2835.0,0.0,16335.0
1000007658,20250702,2025-07-02 14:11:36,221,2,2,Córdoba,12285.0,0.0,70785.0
1000007659,20250507,2025-05-07 15:17:57,814,2,3,Santa Fe,6804.0,0.0,39204.0
1000007660,20250409,2025-04-09 23:28:40,926,1,4,Mendoza,11421.9,900.0,66711.9
1000007661,20240823,2024-08-23 16:07:32,98,1,2,Córdoba,2268.0,1200.0,14268.0
1000007662,20240929,2024-09-29 13:21:56,1296,1,1,Buenos Aires,5670.0,900.0,33570.0
1000007663,20250323,2025-03-23 23:02:41,193,1,2,Córdoba,6955.2,0.0,40075.2
1000007664,20250420,2025-04-20 21:15:47,628,1,2,Córdoba,10883.25,1200.0,63908.25
1000007665,20250925,2025-09-25 20:03:34,536,2,3,Santa Fe,2394.0,0.0,13794.0
1000007666,20250117,2025-01-17 14:11:27,1233,2,3,Santa Fe,2693.25,0.0,15518.25
1000007667,20250418,2025-04-18 16:39:52,1465,2,4,Mendoza,16537.5,0.0,95287.5
1000007668,20240516,2024-05-16 04:25:57,946,2,3,Santa Fe,4536.0,0.0,26136.0
1000007669,20240814,2024-08-14 21:00:18,890,1,2,Córdoba,16972.2,900.0,98692.2
1000007670,20240624,2024-06-24 14:26:39,1477,2,1,Buenos Aires,7408.8,0.0,42688.8
1000007671,20250410,2025-04-10 09:30:57,137,2,4,Mendoza,12594.96,0.0,72570.96
1000007672,20250831,2025-08-31 04:33:30,1254,2,3,Santa Fe,8505.0,0.0,49005.0
1000007673,20250410,2025-04-10 00:44:11,763,2,2,Córdoba,5186.16,0.0,29882.16
1000007674,20250103,2025-01-03 04:11:48,974,1,1,Buenos Aires,2992.5,1200.0,18442.5
1000007675,20250704,2025-07-04 00:45:19,1208,1,1,Buenos Aires,5040.0,1200.0,30240.0
1000007676,20241120,2024-11-20 04:54:07,405,2,4,Mendoza,11006.1,0.0,63416.1
1000007677,20240325,2024-03-25 14:57:12,1466,1,4,Mendoza,2394.0,1500.0,15294.0
1000007678,20240829,2024-08-29 18:02:27,1440,2,4,Mendoza,7408.8,0.0,42688.8
1000007679,20241118,2024-11-18 09:14:19,686,1,3,Santa Fe,16484.58,900.0,95882.58
1000007680,20240314,2024-03-14 17:17:55,1238,1,3,Santa Fe,7509.6,0.0,43269.6
1000007681,20240401,2024-04-01 11:25:59,74,2,4,Mendoza,2976.75,0.0,17151.75
1000007682,20250424,2025-04-24 02:42:29,218,1,3,Santa Fe,14156.1,1200.0,82766.1
1000007683,20241218,2024-12-18 21:58:49,421,1,4,Mendoza,4788.0,900.0,28488.0
1000007684,20240818,2024-08-18 03:03:20,203,2,4,Mendoza,4536.0,0.0,26136.0
1000007685,20240321,2024-03-21 16:46:52,825,1,2,Córdoba,2394.0,1200.0,14994.0
1000007686,20240708,2024-07-08 03:33:41,1356,1,2,Córdoba,7182.0,1200.0,42582.0
1000007687,20250901,2025-09-01 03:29:18,793,2,2,Córdoba,5103.0,0.0,29403.0
1000007688,20250529,2025-05-29 07:23:19,648,2,1,Buenos Aires,2520.0,0.0,14520.0
1000007689,20240907,2024-09-07 07:51:30,1377,2,3,Santa Fe,4788.0,0.0,27588.0
1000007690,20250523,2025-05-23 17:58:55,336,2,1,Buenos Aires,6300.0,0.0,36300.0
1000007691,20250320,2025-03-20 21:54:10,409,1,1,Buenos Aires,15214.5,1200.0,88864.5
1000007692,20240616,2024-06-16 15:26:58,143,2,2,Córdoba,12190.5,0.0,70240.5
1000007693,20250104,2025-01-04 07:52:56,1389,1,1,Buenos Aires,5040.0,900.0,29940.0
1000007694,20250422,2025-04-22 17:48:58,1333,1,2,Córdoba,7182.0,1200.0,42582.0
1000007695,20241129,2024-11-29 18:12:20,1380,1,1,Buenos Aires,23628.78,1200.0,137346.78
1000007696,20241024,2024-10-24 21:28:27,1316,2,4,Mendoza,5213.25,0.0,30038.25
1000007697,20240730,2024-07-30 14:13:40,614,2,2,Córdoba,4309.2,0.0,24829.2
1000007698,20240505,2024-05-05 23:44:30,1451,2,2,Córdoba,4788.0,0.0,27588.0
1000007699,20250827,2025-08-27 14:56:17,255,1,2,Córdoba,6804.0,900.0,40104.0
1000007700,20250927,2025-09-27 05:27:48,761,1,2,Córdoba,4781.7,900.0,28451.7
1000007701,20250907,2025-09-07 04:48:19,396,2,1,Buenos Aires,4536.0,0.0,26136.0
1000007702,20250922,2025-09-22 16:12:47,1199,2,4,Mendoza,2992.5,0.0,17242.5
1000007703,20241021,2024-10-21 06:58:27,153,1,2,Córdoba,2520.0,1500.0,16020.0
1000007704,20241014,2024-10-14 22:48:27,1269,2,1,Buenos Aires,10773.0,0.0,62073.0
1000007705,20250830,2025-08-30 10:43:38,1038,2,2,Córdoba,8149.68,0.0,46957.68
1000007706,20250908,2025-09-08 16:18:25,359,1,3,Santa Fe,5922.0,900.0,35022.0
1000007707,20250712,2025-07-12 13:05:34,632,1,2,Córdoba,2992.5,0.0,17242.5
1000007708,20250221,2025-02-21 13:04:21,1302,2,3,Santa Fe,9261.0,0.0,53361.0
1000007709,20250502,2025-05-02 15:13:21,1327,1,2,Córdoba,3087.0,1200.0,18987.0
1000007710,20250906,2025-09-06 22:11:47,212,1,2,Córdoba,4762.8,1200.0,28642.8
1000007711,20240709,2024-07-09 03:40:08,69,1,4,Mendoza,6174.0,1200.0,36774.0
1000007712,20240709,2024-07-09 15:14:40,1449,1,1,Buenos Aires,4788.0,1500.0,29088.0
1000007713,20240606,2024-06-06 17:57:44,250,2,2,Córdoba,5544.0,0.0,31944.0
1000007714,20241001,2024-10-01 20:55:37,717,1,1,Buenos Aires,5027.4,1500.0,30467.4
1000007715,20250223,2025-02-23 11:23:47,466,2,4,Mendoza,12096.0,0.0,69696.0
1000007716,20240407,2024-04-07 09:34:50,217,1,1,Buenos Aires,6300.0,900.0,37200.0
1000007717,20250822,2025-08-22 06:20:30,214,2,3,Santa Fe,5670.0,0.0,32670.0
1000007718,20250509,2025-05-09 07:50:52,1334,1,3,Santa Fe,20695.5,1500.0,120745.5
1000007719,20241114,2024-11-14 14:31:52,782,2,3,Santa Fe,4762.8,0.0,27442.8
1000007720,20240712,2024-07-12 13:49:58,801,1,2,Córdoba,4536.0,1200.0,27336.0
1000007721,20241208,2024-12-08 00:09:42,415,1,1,Buenos Aires,6300.0,1200.0,37500.0
1000007722,20250710,2025-07-10 08:00:35,6,2,3,Santa Fe,6174.0,0.0,35574.0
1000007723,20240615,2024-06-15 18:45:12,1021,1,2,Córdoba,13393.8,0.0,77173.8
1000007724,20240618,2024-06-18 23:16:15,1440,1,1,Buenos Aires,2394.0,0.0,13794.0
1000007725,20240318,2024-03-18 20:00:12,1318,2,2,Córdoba,9875.25,0.0,56900.25
1000007726,20250320,2025-03-20 04:27:32,43,2,4,Mendoza,15006.6,0.0,86466.6
1000007727,20250410,2025-04-10 06:23:03,710,2,2,Córdoba,7182.0,0.0,41382.0
1000007728,20241024,2024-10-24 15:52:55,344,2,4,Mendoza,15334.2,0.0,88354.2
1000007729,20240727,2024-07-27 10:42:07,1440,1,2,Córdoba,4788.0,0.0,27588.0
1000007730,20250205,2025-02-05 17:42:31,1420,1,1,Buenos Aires,6804.0,0.0,39204.0
1000007731,20250114,2025-01-14 00:50:11,1470,2,4,Mendoza,5701.5,0.0,32851.5
1000007732,20240320,2024-03-20 01:05:19,47,2,4,Mendoza,13764.24,0.0,79308.24
1000007733,20250916,2025-09-16 06:44:02,189,2,2,Córdoba,6300.0,0.0,36300.0
1000007734,20240404,2024-04-04 16:09:22,1312,1,1,Buenos Aires,4939.2,1500.0,29959.2
1000007735,20250330,2025-03-30 00:36:51,594,1,4,Mendoza,17388.0,1200.0,101388.0
1000007736,20241111,2024-11-11 09:09:30,543,1,1,Buenos Aires,9261.0,1500.0,54861.0
1000007737,20240714,2024-07-14 00:55:55,686,1,4,Mendoza,9450.0,1200.0,55650.0
1000007738,20240603,2024-06-03 19:19:31,106,2,4,Mendoza,14570.64,0.0,83954.64
1000007739,20240113,2024-01-13 13:04:47,1416,2,2,Córdoba,23782.5,0.0,137032.5
1000007740,20250217,2025-02-17 03:12:38,716,1,1,Buenos Aires,13986.0,1200.0,81786.0
1000007741,20241101,2024-11-01 21:51:46,707,1,1,Buenos Aires,7553.7,1200.0,44723.7
1000007742,20250125,2025-01-25 08:20:00,367,1,2,Córdoba,9426.38,1200.0,55513.88
1000007743,20240928,2024-09-28 09:33:28,1483,2,4,Mendoza,15645.42,0.0,90147.42
1000007744,20240712,2024-07-12 05:20:51,216,1,1,Buenos Aires,6174.0,1200.0,36774.0
1000007745,20240227,2024-02-27 14:44:33,664,2,1,Buenos Aires,7654.5,0.0,44104.5
1000007746,20240227,2024-02-27 22:52:24,27,1,1,Buenos Aires,17482.5,1200.0,101932.5
1000007747,20250330,2025-03-30 21:25:01,569,2,1,Buenos Aires,14200.2,0.0,81820.2
1000007748,20240815,2024-08-15 05:29:15,185,1,3,Santa Fe,2772.0,0.0,15972.0
1000007749,20240113,2024-01-13 14:37:53,580,1,1,Buenos Aires,16695.0,1200.0,97395.0
1000007750,20250907,2025-09-07 09:13:36,1428,2,4,Mendoza,8505.0,0.0,49005.0
1000007751,20240913,2024-09-13 22:47:53,930,1,1,Buenos Aires,7560.0,900.0,44460.0
1000007752,20241026,2024-10-26 02:01:58,1242,1,1,Buenos Aires,8079.75,0.0,46554.75
1000007753,20250808,2025-08-08 15:00:58,580,1,3,Santa Fe,6300.0,1500.0,37800.0
1000007754,20240622,2024-06-22 12:05:17,194,1,1,Buenos Aires,5670.0,900.0,33570.0
1000007755,20250128,2025-01-28 20:28:33,794,1,1,Buenos Aires,5410.12,900.0,32072.62
1000007756,20241006,2024-10-06 05:57:06,1378,1,1,Buenos Aires,7560.0,900.0,44460.0
1000007757,20240717,2024-07-17 08:45:57,189,2,1,Buenos Aires,8678.25,0.0,50003.25
1000007758,20250226,2025-02-26 05:06:06,567,1,2,Córdoba,5433.12,900.0,32205.12
1000007759,20240210,2024-02-10 09:17:06,1021,2,2,Córdoba,4082.4,0.0,23522.4
1000007760,20241030,2024-10-30 10:59:35,1289,2,2,Córdoba,8149.68,0.0,46957.68
1000007761,20240218,2024-02-18 00:57:31,272,1,2,Córdoba,5544.0,900.0,32844.0
1000007762,20250514,2025-05-14 08:20:43,1338,1,4,Mendoza,7182.0,900.0,42282.0
1000007763,20250116,2025-01-16 02:55:46,719,2,4,Mendoza,2520.0,0.0,14520.0
1000007764,20240512,2024-05-12 06:01:40,1162,2,2,Córdoba,7779.24,0.0,44823.24
1000007765,20240216,2024-02-16 20:13:21,507,1,2,Córdoba,4536.0,1200.0,27336.0
1000007766,20240721,2024-07-21 16:32:16,1391,2,1,Buenos Aires,11020.59,0.0,63499.59
1000007767,20250416,2025-04-16 23:43:27,252,2,1,Buenos Aires,7560.0,0.0,43560.0
1000007768,20240704,2024-07-04 10:18:39,370,1,1,Buenos Aires,4788.0,900.0,28488.0
1000007769,20250927,2025-09-27 20:30:40,658,2,3,Santa Fe,4939.2,0.0,28459.2
1000007770,20241216,2024-12-16 10:19:46,929,2,4,Mendoza,13255.2,0.0,76375.2
1000007771,20240523,2024-05-23 11:20:29,449,1,1,Buenos Aires,11226.6,1500.0,66186.6
1000007772,20240805,2024-08-05 04:31:59,447,1,1,Buenos Aires,8149.68,900.0,47857.68
1000007773,20250904,2025-09-04 19:37:22,863,1,1,Buenos Aires,2268.0,900.0,13968.0
1000007774,20240602,2024-06-02 14:08:40,1276,2,3,Santa Fe,7541.1,0.0,43451.1
1000007775,20250331,2025-03-31 12:39:33,1367,1,1,Buenos Aires,4989.6,900.0,29649.6
1000007776,20250111,2025-01-11 22:20:33,209,1,2,Córdoba,2992.5,0.0,17242.5
1000007777,20250918,2025-09-18 13:22:49,737,2,1,Buenos Aires,2469.6,0.0,14229.6
1000007778,20241021,2024-10-21 00:12:00,309,2,2,Córdoba,6174.0,0.0,35574.0
1000007779,20241014,2024-10-14 02:22:56,1050,1,2,Córdoba,2041.2,1200.0,12961.2
1000007780,20240207,2024-02-07 04:22:51,115,1,2,Córdoba,6237.0,900.0,36837.0
1000007781,20250914,2025-09-14 14:07:40,549,2,3,Santa Fe,5953.5,0.0,34303.5
1000007782,20250604,2025-06-04 06:50:46,840,1,4,Mendoza,10483.2,1200.0,61603.2
1000007783,20240810,2024-08-10 06:29:27,616,2,4,Mendoza,12568.5,0.0,72418.5
1000007784,20250412,2025-04-12 05:13:54,885,1,1,Buenos Aires,5670.0,1200.0,33870.0
1000007785,20250308,2025-03-08 01:09:20,659,2,4,Mendoza,4788.0,0.0,27588.0
1000007786,20250223,2025-02-23 21:10:47,592,2,4,Mendoza,4775.4,0.0,27515.4
1000007787,20241020,2024-10-20 00:07:19,205,1,1,Buenos Aires,14345.1,1200.0,83855.1
1000007788,20240606,2024-06-06 10:19:29,512,1,1,Buenos Aires,5386.5,900.0,31936.5
1000007789,20240415,2024-04-15 13:39:25,174,1,4,Mendoza,2520.0,1500.0,16020.0
1000007790,20240815,2024-08-15 12:24:28,1484,1,2,Córdoba,6615.0,0.0,38115.0
1000007791,20240823,2024-08-23 13:39:46,1340,1,1,Buenos Aires,7408.8,1200.0,43888.8
1000007792,20250409,2025-04-09 21:10:42,794,2,3,Santa Fe,2154.6,0.0,12414.6
1000007793,20240618,2024-06-18 02:45:55,521,1,2,Córdoba,2041.2,900.0,12661.2
1000007794,20240822,2024-08-22 07:21:25,1,1,1,Buenos Aires,2835.0,1200.0,17535.0
1000007795,20250222,2025-02-22 20:19:37,1394,1,1,Buenos Aires,2593.08,1200.0,16141.08
1000007796,20250730,2025-07-30 05:31:34,521,2,4,Mendoza,8977.5,0.0,51727.5
1000007797,20240714,2024-07-14 16:35:55,900,1,1,Buenos Aires,8505.0,0.0,49005.0
1000007798,20241114,2024-11-14 08:29:54,714,1,2,Córdoba,2394.0,1200.0,14994.0
1000007799,20240118,2024-01-18 10:41:59,822,1,4,Mendoza,9450.0,900.0,55350.0
1000007800,20240506,2024-05-06 00:32:53,42,2,2,Córdoba,2835.0,0.0,16335.0
1000007801,20250319,2025-03-19 12:14:04,261,1,1,Buenos Aires,5827.5,1200.0,34777.5
1000007802,20250731,2025-07-31 19:06:22,756,1,4,Mendoza,10546.2,1200.0,61966.2
1000007803,20240808,2024-08-08 03:57:45,866,2,1,Buenos Aires,7144.2,0.0,41164.2
1000007804,20240107,2024-01-07 12:12:37,817,2,3,Santa Fe,9384.48,0.0,54072.48
1000007805,20240630,2024-06-30 00:11:05,475,1,1,Buenos Aires,7633.08,0.0,43981.08
1000007806,20240327,2024-03-27 14:23:49,803,1,1,Buenos Aires,6667.92,1200.0,39619.92
1000007807,20250424,2025-04-24 09:09:02,28,2,3,Santa Fe,7182.0,0.0,41382.0
1000007808,20250327,2025-03-27 11:35:39,586,2,3,Santa Fe,6300.0,0.0,36300.0
1000007809,20250425,2025-04-25 19:17:05,1075,2,1,Buenos Aires,9426.38,0.0,54313.88
1000007810,20250911,2025-09-11 01:15:36,441,1,2,Córdoba,2520.0,900.0,15420.0
1000007811,20250814,2025-08-14 09:47:30,1462,2,4,Mendoza,8316.0,0.0,47916.0
1000007812,20250728,2025-07-28 14:42:54,320,2,2,Córdoba,8505.0,0.0,49005.0
1000007813,20240220,2024-02-20 01:40:40,866,2,4,Mendoza,14723.1,0.0,84833.1
1000007814,20240824,2024-08-24 12:04:22,275,1,1,Buenos Aires,12726.0,1500.0,74826.0
1000007815,20241004,2024-10-04 22:42:03,224,1,3,Santa Fe,8505.0,1500.0,50505.0
1000007816,20240206,2024-02-06 11:51:27,1171,1,1,Buenos Aires,6804.0,900.0,40104.0
1000007817,20240926,2024-09-26 12:18:50,361,1,1,Buenos Aires,9450.0,1500.0,55950.0
1000007818,20240905,2024-09-05 14:14:22,232,1,2,Córdoba,16415.28,1200.0,95783.28
1000007819,20240113,2024-01-13 09:48:27,508,1,1,Buenos Aires,2778.3,1200.0,17208.3
1000007820,20241106,2024-11-06 09:19:16,1257,2,1,Buenos Aires,5670.0,0.0,32670.0
1000007821,20250717,2025-07-17 08:22:16,75,1,1,Buenos Aires,3307.5,0.0,19057.5
1000007822,20240820,2024-08-20 08:31:21,1008,1,3,Santa Fe,7005.6,0.0,40365.6
1000007823,20250415,2025-04-15 23:51:25,179,1,3,Santa Fe,5670.0,900.0,33570.0
1000007824,20240925,2024-09-25 01:27:59,409,2,1,Buenos Aires,4536.0,0.0,26136.0
1000007825,20240906,2024-09-06 08:14:52,437,1,1,Buenos Aires,9450.0,1200.0,55650.0
1000007826,20240822,2024-08-22 07:19:38,1339,2,2,Córdoba,2268.0,0.0,13068.0
1000007827,20240616,2024-06-16 11:42:21,700,1,4,Mendoza,4788.0,0.0,27588.0
1000007828,20240929,2024-09-29 21:57:40,939,1,1,Buenos Aires,5348.7,900.0,31718.7
1000007829,20240113,2024-01-13 04:20:28,1398,2,1,Buenos Aires,2633.4,0.0,15173.4
1000007830,20241007,2024-10-07 03:48:33,1210,1,3,Santa Fe,8013.6,1200.0,47373.6
1000007831,20240521,2024-05-21 11:42:27,888,2,3,Santa Fe,2992.5,0.0,17242.5
1000007832,20250429,2025-04-29 19:16:43,549,1,1,Buenos Aires,16112.25,1200.0,94037.25
1000007833,20240502,2024-05-02 17:40:02,651,2,3,Santa Fe,2394.0,0.0,13794.0
1000007834,20241113,2024-11-13 16:07:37,41,2,4,Mendoza,7484.4,0.0,43124.4
1000007835,20250106,2025-01-06 02:26:06,1439,2,1,Buenos Aires,6300.0,0.0,36300.0
1000007836,20250904,2025-09-04 01:41:17,885,1,4,Mendoza,2633.4,0.0,15173.4
1000007837,20250907,2025-09-07 19:33:53,728,2,1,Buenos Aires,2992.5,0.0,17242.5
1000007838,20241206,2024-12-06 12:04:13,515,1,1,Buenos Aires,4788.0,900.0,28488.0
1000007839,20250304,2025-03-04 03:50:18,494,1,2,Córdoba,2992.5,900.0,18142.5
1000007840,20250723,2025-07-23 21:42:14,619,1,3,Santa Fe,13847.4,1200.0,80987.4
1000007841,20240227,2024-02-27 16:43:00,600,1,2,Córdoba,2394.0,0.0,13794.0
1000007842,20250826,2025-08-26 17:24:31,1315,1,1,Buenos Aires,11793.6,1200.0,69153.6
1000007843,20240919,2024-09-19 04:32:24,1033,1,4,Mendoza,2268.0,1200.0,14268.0
1000007844,20240120,2024-01-20 22:01:28,151,2,4,Mendoza,6174.0,0.0,35574.0
1000007845,20250406,2025-04-06 21:55:31,847,1,1,Buenos Aires,10757.25,900.0,62882.25
1000007846,20240625,2024-06-25 14:59:35,1169,1,3,Santa Fe,5670.0,1200.0,33870.0
1000007847,20240312,2024-03-12 07:50:41,704,1,2,Córdoba,10836.0,1500.0,63936.0
1000007848,20240221,2024-02-21 11:54:05,1074,2,1,Buenos Aires,2520.0,0.0,14520.0
1000007849,20240229,2024-02-29 21:54:07,877,1,1,Buenos Aires,7408.8,1200.0,43888.8
1000007850,20250401,2025-04-01 16:04:07,1271,1,3,Santa Fe,8738.1,1200.0,51548.1
1000007851,20250726,2025-07-26 03:29:30,786,1,1,Buenos Aires,3087.0,1200.0,18987.0
1000007852,20240122,2024-01-22 10:21:57,1454,1,1,Buenos Aires,6300.0,1500.0,37800.0
1000007853,20241222,2024-12-22 00:56:35,732,2,2,Córdoba,5670.0,0.0,32670.0
1000007854,20250510,2025-05-10 22:20:36,482,1,1,Buenos Aires,3087.0,0.0,17787.0
1000007855,20250105,2025-01-05 19:50:04,74,1,1,Buenos Aires,7182.0,1200.0,42582.0
1000007856,20250927,2025-09-27 14:43:59,1238,1,3,Santa Fe,7560.0,1500.0,45060.0
1000007857,20240704,2024-07-04 08:57:25,232,1,2,Córdoba,5040.0,900.0,29940.0
1000007858,20250207,2025-02-07 09:46:26,611,1,2,Córdoba,9576.0,1200.0,56376.0
1000007859,20250621,2025-06-21 20:10:39,1275,2,1,Buenos Aires,12700.8,0.0,73180.8
1000007860,20240527,2024-05-27 07:27:58,1483,1,1,Buenos Aires,5040.0,1200.0,30240.0
1000007861,20241123,2024-11-23 14:14:48,571,1,1,Buenos Aires,5985.0,900.0,35385.0
1000007862,20250129,2025-01-29 04:31:38,1008,2,2,Córdoba,7843.5,0.0,45193.5
1000007863,20250207,2025-02-07 14:00:38,1048,1,3,Santa Fe,7408.8,1200.0,43888.8
1000007864,20241225,2024-12-25 13:56:33,252,1,2,Córdoba,7182.0,0.0,41382.0
1000007865,20240215,2024-02-15 11:50:18,547,1,2,Córdoba,11850.3,1200.0,69480.3
1000007866,20250602,2025-06-02 17:37:35,1038,2,1,Buenos Aires,7408.8,0.0,42688.8
1000007867,20250914,2025-09-14 12:38:24,882,2,3,Santa Fe,7144.2,0.0,41164.2
1000007868,20250810,2025-08-10 17:37:49,261,1,1,Buenos Aires,5985.0,1500.0,35985.0
1000007869,20250819,2025-08-19 07:31:01,770,1,2,Córdoba,14883.12,1200.0,86955.12
1000007870,20250528,2025-05-28 10:15:12,95,2,3,Santa Fe,4561.2,0.0,26281.2
1000007871,20240605,2024-06-05 01:35:40,1327,2,1,Buenos Aires,12644.1,0.0,72854.1
1000007872,20250522,2025-05-22 22:49:48,960,1,1,Buenos Aires,5670.0,1200.0,33870.0
1000007873,20250428,2025-04-28 17:07:27,523,2,2,Córdoba,8977.5,0.0,51727.5
1000007874,20240114,2024-01-14 10:13:29,1279,2,4,Mendoza,6174.0,0.0,35574.0
1000007875,20240201,2024-02-01 11:50:56,559,1,3,Santa Fe,7323.75,900.0,43098.75
1000007876,20250612,2025-06-12 22:18:56,124,2,3,Santa Fe,5304.6,0.0,30564.6
1000007877,20240821,2024-08-21 01:32:06,113,2,4,Mendoza,7182.0,0.0,41382.0
1000007878,20250823,2025-08-23 12:38:46,1419,2,2,Córdoba,8820.0,0.0,50820.0
1000007879,20240226,2024-02-26 01:59:40,1324,1,1,Buenos Aires,7408.8,1200.0,43888.8
1000007880,20250722,2025-07-22 03:17:32,311,1,1,Buenos Aires,3087.0,900.0,18687.0
1000007881,20250725,2025-07-25 10:06:17,1135,1,3,Santa Fe,2268.0,900.0,13968.0
1000007882,20250929,2025-09-29 04:34:37,828,1,1,Buenos Aires,3118.5,1200.0,19168.5
1000007883,20241001,2024-10-01 19:13:52,158,1,4,Mendoza,5985.0,1500.0,35985.0
1000007884,20240422,2024-04-22 00:55:36,50,2,2,Córdoba,9292.5,0.0,53542.5
1000007885,20250324,2025-03-24 18:18:56,446,2,4,Mendoza,5027.4,0.0,28967.4
1000007886,20250110,2025-01-10 02:35:36,27,1,3,Santa Fe,7560.0,900.0,44460.0
1000007887,20240208,2024-02-08 22:00:56,1158,1,2,Córdoba,6123.6,1200.0,36483.6
1000007888,20241106,2024-11-06 03:05:25,433,2,3,Santa Fe,11642.4,0.0,67082.4
1000007889,20250420,2025-04-20 03:08:57,140,1,3,Santa Fe,2520.0,0.0,14520.0
1000007890,20250829,2025-08-29 21:13:57,609,2,2,Córdoba,3241.35,0.0,18676.35
1000007891,20250623,2025-06-23 18:48:38,1361,1,1,Buenos Aires,8505.0,1200.0,50205.0
1000007892,20250129,2025-01-29 09:32:32,1199,1,2,Córdoba,2268.0,900.0,13968.0
1000007893,20241025,2024-10-25 16:19:38,19,2,4,Mendoza,5103.0,0.0,29403.0
1000007894,20240215,2024-02-15 08:16:33,981,2,4,Mendoza,15750.0,0.0,90750.0
1000007895,20240302,2024-03-02 19:42:42,1353,1,3,Santa Fe,2394.0,900.0,14694.0
1000007896,20240709,2024-07-09 08:15:55,1091,1,2,Córdoba,2551.5,900.0,15601.5
1000007897,20250328,2025-03-28 05:15:25,284,1,1,Buenos Aires,10836.0,1200.0,63636.0
1000007898,20250528,2025-05-28 11:48:50,31,1,3,Santa Fe,11861.64,1200.0,69545.64
1000007899,20240806,2024-08-06 01:11:42,1392,1,1,Buenos Aires,3118.5,1500.0,19468.5
1000007900,20250302,2025-03-02 00:08:08,601,2,3,Santa Fe,5027.4,0.0,28967.4
1000007901,20250702,2025-07-02 09:31:48,721,2,4,Mendoza,2992.5,0.0,17242.5
1000007902,20250520,2025-05-20 21:15:49,113,1,3,Santa Fe,4536.0,0.0,26136.0
1000007903,20241128,2024-11-28 22:21:41,740,2,1,Buenos Aires,9576.0,0.0,55176.0
1000007904,20240912,2024-09-12 07:41:18,868,1,2,Córdoba,12171.6,1200.0,71331.6
1000007905,20250420,2025-04-20 17:44:29,1450,1,1,Buenos Aires,7408.8,1200.0,43888.8
1000007906,20250508,2025-05-08 12:07:50,1102,1,1,Buenos Aires,2633.4,0.0,15173.4
1000007907,20250806,2025-08-06 06:56:23,735,2,2,Córdoba,4536.0,0.0,26136.0
1000007908,20250908,2025-09-08 19:54:34,1373,2,3,Santa Fe,8079.75,0.0,46554.75
1000007909,20250922,2025-09-22 09:58:03,88,1,1,Buenos Aires,5103.0,1200.0,30603.0
1000007910,20250317,2025-03-17 09:13:32,427,2,2,Córdoba,5985.0,0.0,34485.0
1000007911,20240207,2024-02-07 15:50:01,891,2,1,Buenos Aires,2394.0,0.0,13794.0
1000007912,20250217,2025-02-17 20:40:51,254,1,1,Buenos Aires,2835.0,1500.0,17835.0
1000007913,20240418,2024-04-18 15:36:13,977,1,1,Buenos Aires,7560.0,0.0,43560.0
1000007914,20241208,2024-12-08 01:48:53,409,1,2,Córdoba,7182.0,1200.0,42582.0
1000007915,20240727,2024-07-27 08:45:26,1355,2,4,Mendoza,4445.28,0.0,25613.28
1000007916,20240717,2024-07-17 06:36:35,813,1,1,Buenos Aires,6667.92,1200.0,39619.92
1000007917,20240613,2024-06-13 14:22:01,672,1,1,Buenos Aires,6174.0,1500.0,37074.0
1000007918,20250420,2025-04-20 22:31:30,354,1,3,Santa Fe,8898.12,900.0,52170.12
1000007919,20250625,2025-06-25 17:53:43,844,1,1,Buenos Aires,5985.0,1200.0,35685.0
1000007920,20240827,2024-08-27 07:35:57,829,1,2,Córdoba,6804.0,1200.0,40404.0
1000007921,20240929,2024-09-29 14:32:33,568,1,2,Córdoba,9261.0,1200.0,54561.0
1000007922,20240315,2024-03-15 01:28:13,205,1,4,Mendoza,3087.0,900.0,18687.0
1000007923,20240926,2024-09-26 12:58:53,1445,2,4,Mendoza,6237.0,0.0,35937.0
1000007924,20241111,2024-11-11 00:30:08,402,2,2,Córdoba,2520.0,0.0,14520.0
1000007925,20240201,2024-02-01 15:52:51,1438,2,2,Córdoba,10042.2,0.0,57862.2
1000007926,20240206,2024-02-06 02:10:27,1029,2,1,Buenos Aires,11655.0,0.0,67155.0
1000007927,20250408,2025-04-08 13:09:19,1235,1,4,Mendoza,13545.0,1200.0,79245.0
1000007928,20240415,2024-04-15 10:54:38,125,1,3,Santa Fe,7560.0,1200.0,44760.0
1000007929,20250809,2025-08-09 03:53:15,975,2,1,Buenos Aires,14112.0,0.0,81312.0
1000007930,20240626,2024-06-26 22:43:21,520,1,2,Córdoba,2976.75,1500.0,18651.75
1000007931,20240421,2024-04-21 16:15:46,1200,2,1,Buenos Aires,10187.1,0.0,58697.1
1000007932,20241022,2024-10-22 04:01:45,168,2,1,Buenos Aires,7654.5,0.0,44104.5
1000007933,20240625,2024-06-25 15:21:57,176,1,1,Buenos Aires,11214.0,1500.0,66114.0
1000007934,20240119,2024-01-19 19:19:32,827,2,1,Buenos Aires,9072.0,0.0,52272.0
1000007935,20240418,2024-04-18 01:27:26,1323,1,2,Córdoba,6463.8,0.0,37243.8
1000007936,20240117,2024-01-17 18:41:21,486,1,2,Córdoba,9261.0,1200.0,54561.0
1000007937,20240329,2024-03-29 07:42:07,158,2,1,Buenos Aires,8505.0,0.0,49005.0
1000007938,20240624,2024-06-24 20:27:21,179,1,2,Córdoba,8505.0,900.0,49905.0
1000007939,20250710,2025-07-10 19:54:09,637,1,2,Córdoba,9185.4,1200.0,54125.4
1000007940,20241016,2024-10-16 00:11:53,7,2,2,Córdoba,5027.4,0.0,28967.4
1000007941,20240617,2024-06-17 00:45:47,89,2,3,Santa Fe,7408.8,0.0,42688.8
1000007942,20240514,2024-05-14 18:52:47,967,2,2,Córdoba,3150.0,0.0,18150.0
1000007943,20240208,2024-02-08 16:15:39,1056,1,2,Córdoba,17482.5,1200.0,101932.5
1000007944,20240205,2024-02-05 21:37:35,77,2,3,Santa Fe,8505.0,0.0,49005.0
1000007945,20240428,2024-04-28 06:44:06,957,1,1,Buenos Aires,16046.1,900.0,93356.1
1000007946,20250207,2025-02-07 17:06:11,544,1,2,Córdoba,7182.0,1200.0,42582.0
1000007947,20240223,2024-02-23 07:31:27,310,1,1,Buenos Aires,7938.0,1500.0,47238.0
1000007948,20241021,2024-10-21 03:11:34,1336,2,3,Santa Fe,16632.0,0.0,95832.0
1000007949,20250820,2025-08-20 10:11:55,692,1,1,Buenos Aires,8149.68,900.0,47857.68
1000007950,20241129,2024-11-29 04:44:12,125,1,1,Buenos Aires,7560.0,1200.0,44760.0
1000007951,20250308,2025-03-08 14:24:36,1319,1,2,Córdoba,2268.0,900.0,13968.0
1000007952,20250119,2025-01-19 21:50:06,46,1,1,Buenos Aires,3291.75,1200.0,20166.75
1000007953,20250808,2025-08-08 13:56:23,1053,2,1,Buenos Aires,10773.0,0.0,62073.0
1000007954,20240505,2024-05-05 13:07:20,505,1,1,Buenos Aires,2469.6,0.0,14229.6
1000007955,20240929,2024-09-29 23:24:49,590,1,4,Mendoza,2513.7,900.0,15383.7
1000007956,20240522,2024-05-22 21:19:22,740,1,2,Córdoba,5670.0,1200.0,33870.0
1000007957,20250911,2025-09-11 07:43:19,1195,1,1,Buenos Aires,2268.0,1200.0,14268.0
1000007958,20240526,2024-05-26 08:07:02,514,2,4,Mendoza,5000.94,0.0,28814.94
1000007959,20240220,2024-02-20 18:32:36,612,2,1,Buenos Aires,6174.0,0.0,35574.0
1000007960,20250619,2025-06-19 16:20:54,45,1,1,Buenos Aires,5985.0,900.0,35385.0
1000007961,20240802,2024-08-02 04:39:02,545,2,3,Santa Fe,7900.2,0.0,45520.2
1000007962,20240902,2024-09-02 20:55:15,538,2,3,Santa Fe,4788.0,0.0,27588.0
1000007963,20240416,2024-04-16 06:18:03,329,1,1,Buenos Aires,2693.25,900.0,16418.25
1000007964,20250927,2025-09-27 14:51:06,406,2,2,Córdoba,3465.0,0.0,19965.0
1000007965,20241021,2024-10-21 12:08:24,965,1,4,Mendoza,15435.0,900.0,89835.0
1000007966,20250331,2025-03-31 12:01:57,579,1,1,Buenos Aires,8977.5,1200.0,52927.5
1000007967,20240422,2024-04-22 13:41:27,647,1,2,Córdoba,8505.0,1200.0,50205.0
1000007968,20250502,2025-05-02 08:01:44,821,2,1,Buenos Aires,8977.5,0.0,51727.5
1000007969,20240508,2024-05-08 02:11:12,192,1,4,Mendoza,4536.0,900.0,27036.0
1000007970,20250413,2025-04-13 21:33:33,134,2,1,Buenos Aires,4762.8,0.0,27442.8
1000007971,20241003,2024-10-03 08:43:31,640,2,2,Córdoba,2394.0,0.0,13794.0
1000007972,20240410,2024-04-10 21:02:03,1420,1,4,Mendoza,9450.0,900.0,55350.0
1000007973,20241105,2024-11-05 19:18:31,675,1,2,Córdoba,8505.0,1200.0,50205.0
1000007974,20240109,2024-01-09 13:58:11,556,1,1,Buenos Aires,4788.0,1200.0,28788.0
1000007975,20240407,2024-04-07 19:45:11,930,1,1,Buenos Aires,2992.5,1200.0,18442.5
1000007976,20240222,2024-02-22 03:24:01,752,1,2,Córdoba,2772.0,0.0,15972.0
1000007977,20250418,2025-04-18 11:31:30,343,2,2,Córdoba,2772.0,0.0,15972.0
1000007978,20240704,2024-07-04 07:08:16,1098,2,2,Córdoba,9878.4,0.0,56918.4
1000007979,20240902,2024-09-02 05:30:01,1188,2,3,Santa Fe,2394.0,0.0,13794.0
1000007980,20241221,2024-12-21 14:42:35,540,1,1,Buenos Aires,5985.0,1200.0,35685.0
1000007981,20241218,2024-12-18 03:16:55,1005,1,1,Buenos Aires,8804.25,0.0,50729.25
1000007982,20240714,2024-07-14 21:12:23,27,1,2,Córdoba,4445.28,1500.0,27113.28
1000007983,20250605,2025-06-05 11:33:49,1437,1,2,Córdoba,6804.0,1200.0,40404.0
1000007984,20250205,2025-02-05 05:51:52,1268,2,2,Córdoba,9538.2,0.0,54958.2
1000007985,20240504,2024-05-04 09:47:46,713,1,4,Mendoza,9450.0,1200.0,55650.0
1000007986,20241209,2024-12-09 00:57:17,759,1,1,Buenos Aires,2835.0,900.0,17235.0
1000007987,20240912,2024-09-12 14:31:51,396,1,1,Buenos Aires,5040.0,900.0,29940.0
1000007988,20240512,2024-05-12 06:14:29,827,2,2,Córdoba,2835.0,0.0,16335.0
1000007989,20240920,2024-09-20 20:16:58,1220,1,3,Santa Fe,9450.0,900.0,55350.0
1000007990,20240402,2024-04-02 16:06:15,631,1,1,Buenos Aires,6300.0,1500.0,37800.0
1000007991,20250417,2025-04-17 04:57:20,1163,1,4,Mendoza,13318.2,1200.0,77938.2
1000007992,20241221,2024-12-21 18:09:34,1057,1,1,Buenos Aires,3087.0,0.0,17787.0
1000007993,20250910,2025-09-10 23:41:01,1373,2,4,Mendoza,4536.0,0.0,26136.0
1000007994,20240805,2024-08-05 19:58:56,776,1,1,Buenos Aires,4536.0,0.0,26136.0
1000007995,20240922,2024-09-22 18:42:43,459,2,2,Córdoba,11340.0,0.0,65340.0
1000007996,20250718,2025-07-18 13:52:22,699,2,2,Córdoba,6463.8,0.0,37243.8
1000007997,20250104,2025-01-04 01:37:08,67,1,2,Córdoba,2268.0,1500.0,14568.0
1000007998,20250908,2025-09-08 22:40:08,516,2,2,Córdoba,14679.0,0.0,84579.0
1000007999,20241028,2024-10-28 16:59:15,9,2,3,Santa Fe,5985.0,0.0,34485.0
1000008000,20241112,2024-11-12 19:45:00,1424,2,4,Mendoza,6079.5,0.0,35029.5
1000008001,20241206,2024-12-06 16:10:29,1019,1,1,Buenos Aires,9324.0,0.0,53724.0
1000008002,20250613,2025-06-13 20:49:31,1069,1,1,Buenos Aires,10304.28,1200.0,60572.28
1000008003,20240406,2024-04-06 06:12:17,1133,1,1,Buenos Aires,12474.0,0.0,71874.0
1000008004,20250725,2025-07-25 18:30:59,882,1,1,Buenos Aires,9426.38,900.0,55213.88
1000008005,20250716,2025-07-16 17:48:13,677,2,1,Buenos Aires,13986.0,0.0,80586.0
1000008006,20240430,2024-04-30 04:21:39,20,1,1,Buenos Aires,8536.5,900.0,50086.5
1000008007,20250203,2025-02-03 02:18:08,1151,1,1,Buenos Aires,4939.2,0.0,28459.2
1000008008,20250815,2025-08-15 05:39:33,293,2,3,Santa Fe,9261.0,0.0,53361.0
1000008009,20250422,2025-04-22 19:02:36,1124,2,1,Buenos Aires,7560.0,0.0,43560.0
1000008010,20250917,2025-09-17 23:30:26,340,1,2,Córdoba,2976.75,900.0,18051.75
1000008011,20250608,2025-06-08 10:46:53,134,2,2,Córdoba,3087.0,0.0,17787.0
1000008012,20240628,2024-06-28 15:43:40,1315,1,1,Buenos Aires,2976.75,0.0,17151.75
1000008013,20241231,2024-12-31 18:24:39,1189,1,2,Córdoba,9261.0,1200.0,54561.0
1000008014,20250627,2025-06-27 19:16:48,368,1,1,Buenos Aires,2268.0,0.0,13068.0
1000008015,20240904,2024-09-04 04:20:42,1251,2,2,Córdoba,2268.0,0.0,13068.0
1000008016,20240118,2024-01-18 18:14:57,1242,1,3,Santa Fe,7333.2,1200.0,43453.2
1000008017,20250725,2025-07-25 19:25:46,987,1,1,Buenos Aires,9450.0,1200.0,55650.0
1000008018,20241213,2024-12-13 06:11:18,596,1,1,Buenos Aires,2154.6,1200.0,13614.6
1000008019,20240905,2024-09-05 08:24:34,973,2,3,Santa Fe,9450.0,0.0,54450.0
1000008020,20250701,2025-07-01 18:25:57,1210,1,1,Buenos Aires,6804.0,1200.0,40404.0
1000008021,20240621,2024-06-21 12:59:03,14,1,3,Santa Fe,7144.2,1200.0,42364.2
1000008022,20240605,2024-06-05 07:38:51,409,1,1,Buenos Aires,10269.0,1200.0,60369.0
1000008023,20241111,2024-11-11 03:52:01,616,1,3,Santa Fe,2041.2,1200.0,12961.2
1000008024,20250313,2025-03-13 21:26:47,233,2,2,Córdoba,5638.5,0.0,32488.5
1000008025,20250629,2025-06-29 06:40:59,835,1,3,Santa Fe,11050.2,900.0,64570.2
1000008026,20250128,2025-01-28 12:29:59,90,1,4,Mendoza,20304.9,1200.0,118194.9
1000008027,20241023,2024-10-23 10:15:33,791,1,1,Buenos Aires,9714.6,0.0,55974.6
1000008028,20240201,2024-02-01 19:44:53,664,1,2,Córdoba,6804.0,1200.0,40404.0
1000008029,20250301,2025-03-01 08:07:13,1473,2,1,Buenos Aires,5040.0,0.0,29040.0
1000008030,20240516,2024-05-16 17:18:33,436,2,2,Córdoba,7779.24,0.0,44823.24
1000008031,20250118,2025-01-18 18:57:09,899,2,3,Santa Fe,4914.0,0.0,28314.0
1000008032,20250629,2025-06-29 13:01:21,1202,1,2,Córdoba,16518.6,0.0,95178.6
1000008033,20240517,2024-05-17 14:19:20,800,2,3,Santa Fe,2992.5,0.0,17242.5
1000008034,20240921,2024-09-21 10:52:12,303,2,3,Santa Fe,9828.0,0.0,56628.0
1000008035,20240316,2024-03-16 02:39:29,401,2,1,Buenos Aires,3395.7,0.0,19565.7
1000008036,20250506,2025-05-06 18:46:22,107,1,3,Santa Fe,6284.25,900.0,37109.25
1000008037,20240926,2024-09-26 00:01:01,1092,2,2,Córdoba,9208.08,0.0,53056.08
1000008038,20250102,2025-01-02 14:37:07,1387,2,2,Córdoba,2835.0,0.0,16335.0
1000008039,20250513,2025-05-13 06:23:51,427,1,1,Buenos Aires,16096.5,900.0,93646.5
1000008040,20240917,2024-09-17 01:08:11,963,2,2,Córdoba,2716.56,0.0,15652.56
1000008041,20240910,2024-09-10 02:49:48,1471,2,1,Buenos Aires,3087.0,0.0,17787.0
1000008042,20250209,2025-02-09 06:16:45,118,2,3,Santa Fe,2520.0,0.0,14520.0
1000008043,20250822,2025-08-22 14:54:55,552,1,1,Buenos Aires,6174.0,1200.0,36774.0
1000008044,20240822,2024-08-22 21:40:36,543,1,4,Mendoza,19719.0,900.0,114519.0
1000008045,20240430,2024-04-30 05:40:54,755,1,1,Buenos Aires,6804.0,900.0,40104.0
1000008046,20250808,2025-08-08 09:52:43,1410,1,2,Córdoba,9210.6,0.0,53070.6
1000008047,20240827,2024-08-27 23:33:48,47,2,4,Mendoza,10187.1,0.0,58697.1
1000008048,20250223,2025-02-23 01:51:53,879,1,4,Mendoza,4309.2,900.0,25729.2
1000008049,20241109,2024-11-09 04:01:10,724,2,4,Mendoza,10663.38,0.0,61441.38
1000008050,20250704,2025-07-04 04:56:57,1355,1,1,Buenos Aires,15724.8,900.0,91504.8
1000008051,20241028,2024-10-28 09:50:01,506,1,1,Buenos Aires,2268.0,900.0,13968.0
1000008052,20240428,2024-04-28 08:47:52,1329,1,1,Buenos Aires,2268.0,1200.0,14268.0
1000008053,20250421,2025-04-21 11:59:20,344,2,2,Córdoba,6284.25,0.0,36209.25
1000008054,20241121,2024-11-21 00:35:08,241,1,4,Mendoza,5040.0,1200.0,30240.0
1000008055,20241201,2024-12-01 18:47:13,406,2,2,Córdoba,6667.92,0.0,38419.92
1000008056,20250517,2025-05-17 10:44:37,201,2,4,Mendoza,8977.5,0.0,51727.5
1000008057,20240621,2024-06-21 14:29:30,1499,1,1,Buenos Aires,4939.2,900.0,29359.2
1000008058,20250327,2025-03-27 19:47:19,785,2,3,Santa Fe,4788.0,0.0,27588.0
1000008059,20240902,2024-09-02 08:43:03,1493,2,4,Mendoza,2469.6,0.0,14229.6
1000008060,20240508,2024-05-08 09:14:40,797,1,1,Buenos Aires,9875.25,900.0,57800.25
1000008061,20241228,2024-12-28 07:08:15,1008,1,1,Buenos Aires,4788.0,900.0,28488.0
1000008062,20250412,2025-04-12 03:02:18,1198,1,1,Buenos Aires,5040.0,0.0,29040.0
1000008063,20250213,2025-02-13 10:40:54,1258,1,4,Mendoza,4082.4,1200.0,24722.4
1000008064,20240304,2024-03-04 22:58:20,68,2,2,Córdoba,7182.0,0.0,41382.0
1000008065,20250115,2025-01-15 05:30:59,788,1,3,Santa Fe,6804.0,900.0,40104.0
1000008066,20250117,2025-01-17 05:46:20,594,1,3,Santa Fe,7560.0,1200.0,44760.0
1000008067,20240102,2024-01-02 02:24:48,1149,1,2,Córdoba,11730.6,900.0,68490.6
1000008068,20250427,2025-04-27 14:02:45,97,1,3,Santa Fe,2551.5,1500.0,16201.5
1000008069,20240117,2024-01-17 21:51:01,1457,1,3,Santa Fe,6174.0,1200.0,36774.0
1000008070,20240608,2024-06-08 22:50:08,630,1,1,Buenos Aires,7560.0,0.0,43560.0
1000008071,20250614,2025-06-14 08:32:36,156,2,2,Córdoba,2513.7,0.0,14483.7
1000008072,20250107,2025-01-07 08:31:15,528,1,4,Mendoza,13066.2,1200.0,76486.2
1000008073,20250930,2025-09-30 08:03:16,1148,2,2,Córdoba,5033.7,0.0,29003.7
1000008074,20250518,2025-05-18 19:47:36,457,2,2,Córdoba,4762.8,0.0,27442.8
1000008075,20250418,2025-04-18 15:11:47,691,1,1,Buenos Aires,9922.5,900.0,58072.5
1000008076,20240806,2024-08-06 03:43:41,1475,1,1,Buenos Aires,10048.5,1200.0,59098.5
1000008077,20250608,2025-06-08 12:54:14,377,1,1,Buenos Aires,6441.75,0.0,37116.75
1000008078,20240727,2024-07-27 19:25:20,656,1,1,Buenos Aires,15309.0,1200.0,89409.0
1000008079,20240624,2024-06-24 03:19:30,475,1,4,Mendoza,4536.0,1200.0,27336.0
1000008080,20240624,2024-06-24 21:53:53,488,1,4,Mendoza,5040.0,1200.0,30240.0
1000008081,20250901,2025-09-01 11:06:19,279,2,4,Mendoza,7938.0,0.0,45738.0
1000008082,20240522,2024-05-22 17:21:27,719,1,2,Córdoba,5027.4,1500.0,30467.4
1000008083,20250707,2025-07-07 06:29:29,371,1,2,Córdoba,9922.5,1200.0,58372.5
1000008084,20241202,2024-12-02 09:49:15,728,2,4,Mendoza,10243.8,0.0,59023.8
1000008085,20250512,2025-05-12 07:20:42,1413,1,3,Santa Fe,16443.0,1200.0,95943.0
1000008086,20250109,2025-01-09 05:57:47,996,1,2,Córdoba,2222.64,900.0,13706.64
1000008087,20250921,2025-09-21 09:52:16,992,1,2,Córdoba,8890.56,1200.0,52426.56
1000008088,20250412,2025-04-12 12:06:56,275,2,2,Córdoba,17104.5,0.0,98554.5
1000008089,20250830,2025-08-30 03:19:11,1448,1,1,Buenos Aires,3087.0,1500.0,19287.0
1000008090,20250815,2025-08-15 17:00:32,1277,1,2,Córdoba,6134.62,900.0,36247.12
1000008091,20250321,2025-03-21 18:21:15,215,1,2,Córdoba,2633.4,1200.0,16373.4
1000008092,20240827,2024-08-27 15:25:03,274,1,1,Buenos Aires,9426.38,0.0,54313.88
1000008093,20240128,2024-01-28 22:44:37,174,2,2,Córdoba,2835.0,0.0,16335.0
1000008094,20241118,2024-11-18 08:33:35,251,2,1,Buenos Aires,4536.0,0.0,26136.0
1000008095,20250422,2025-04-22 03:10:49,386,1,3,Santa Fe,6615.0,1200.0,39315.0
1000008096,20240109,2024-01-09 09:53:07,602,1,1,Buenos Aires,5386.5,1200.0,32236.5
1000008097,20240116,2024-01-16 07:45:15,884,1,1,Buenos Aires,9485.28,1200.0,55853.28
1000008098,20240313,2024-03-13 08:58:27,129,2,2,Córdoba,12474.0,0.0,71874.0
1000008099,20240207,2024-02-07 13:49:27,871,2,3,Santa Fe,4939.2,0.0,28459.2
1000008100,20240428,2024-04-28 17:47:20,888,2,1,Buenos Aires,17677.8,0.0,101857.8
1000008101,20250429,2025-04-29 13:15:19,64,2,4,Mendoza,6804.0,0.0,39204.0
1000008102,20250817,2025-08-17 05:30:40,474,1,2,Córdoba,4939.2,1200.0,29659.2
1000008103,20250907,2025-09-07 15:54:05,473,2,1,Buenos Aires,4788.0,0.0,27588.0
1000008104,20240127,2024-01-27 06:52:45,3,1,1,Buenos Aires,2154.6,1200.0,13614.6
1000008105,20250307,2025-03-07 23:21:01,662,1,3,Santa Fe,2593.08,0.0,14941.08
1000008106,20240119,2024-01-19 05:14:28,533,1,2,Córdoba,24924.38,900.0,144511.88
1000008107,20241211,2024-12-11 14:58:16,951,1,2,Córdoba,7144.2,900.0,42064.2
1000008108,20241019,2024-10-19 04:54:52,431,2,3,Santa Fe,6300.0,0.0,36300.0
1000008109,20240718,2024-07-18 04:46:40,124,2,1,Buenos Aires,4536.0,0.0,26136.0
1000008110,20240318,2024-03-18 04:22:52,401,2,1,Buenos Aires,2469.6,0.0,14229.6
1000008111,20250506,2025-05-06 13:07:16,177,2,1,Buenos Aires,18345.6,0.0,105705.6
1000008112,20250827,2025-08-27 15:26:04,2,2,3,Santa Fe,2772.0,0.0,15972.0
1000008113,20241201,2024-12-01 11:18:07,1368,2,2,Córdoba,2835.0,0.0,16335.0
1000008114,20250520,2025-05-20 23:18:13,77,1,1,Buenos Aires,5292.0,900.0,31392.0
1000008115,20250924,2025-09-24 14:57:36,1427,1,1,Buenos Aires,2835.0,1200.0,17535.0
1000008116,20250702,2025-07-02 15:03:43,1052,1,3,Santa Fe,3307.5,1500.0,20557.5
1000008117,20250228,2025-02-28 11:52:28,394,1,2,Córdoba,4536.0,1200.0,27336.0
1000008118,20250209,2025-02-09 01:13:51,1145,2,3,Santa Fe,6804.0,0.0,39204.0
1000008119,20240726,2024-07-26 08:43:26,778,1,1,Buenos Aires,5433.12,1200.0,32505.12
1000008120,20240416,2024-04-16 11:16:37,731,1,2,Córdoba,2381.4,1200.0,14921.4
1000008121,20250606,2025-06-06 18:45:44,332,2,1,Buenos Aires,8149.68,0.0,46957.68
1000008122,20250618,2025-06-18 21:41:24,1363,2,1,Buenos Aires,7182.0,0.0,41382.0
1000008123,20250120,2025-01-20 07:43:42,1480,1,1,Buenos Aires,2394.0,1200.0,14994.0
1000008124,20240706,2024-07-06 02:59:21,459,2,1,Buenos Aires,2835.0,0.0,16335.0
1000008125,20240321,2024-03-21 01:08:15,16,1,1,Buenos Aires,16537.5,0.0,95287.5
1000008126,20241121,2024-11-21 02:49:02,1137,1,1,Buenos Aires,2976.75,1200.0,18351.75
1000008127,20240524,2024-05-24 16:03:26,1456,1,1,Buenos Aires,9450.0,0.0,54450.0
1000008128,20250302,2025-03-02 23:15:07,1253,1,3,Santa Fe,3087.0,0.0,17787.0
1000008129,20240808,2024-08-08 22:00:34,1296,2,2,Córdoba,2646.0,0.0,15246.0
1000008130,20241212,2024-12-12 04:10:45,475,2,2,Córdoba,2778.3,0.0,16008.3
1000008131,20240226,2024-02-26 15:50:39,436,1,4,Mendoza,2381.4,900.0,14621.4
1000008132,20240811,2024-08-11 04:03:04,1114,1,4,Mendoza,7182.0,1200.0,42582.0
1000008133,20250324,2025-03-24 00:30:33,350,2,1,Buenos Aires,7541.1,0.0,43451.1
1000008134,20250528,2025-05-28 11:14:22,98,2,2,Córdoba,7182.0,0.0,41382.0
1000008135,20250108,2025-01-08 20:08:25,766,1,2,Córdoba,8505.0,1200.0,50205.0
1000008136,20240609,2024-06-09 04:48:58,112,2,2,Córdoba,2394.0,0.0,13794.0
1000008137,20241023,2024-10-23 17:45:19,387,1,1,Buenos Aires,2268.0,1500.0,14568.0
1000008138,20240417,2024-04-17 11:45:06,37,1,3,Santa Fe,2520.0,1500.0,16020.0
1000008139,20240821,2024-08-21 02:41:52,354,1,1,Buenos Aires,2778.3,0.0,16008.3
1000008140,20250302,2025-03-02 23:32:59,154,2,4,Mendoza,2992.5,0.0,17242.5
1000008141,20241126,2024-11-26 11:51:57,533,1,3,Santa Fe,7780.5,1200.0,46030.5
1000008142,20240115,2024-01-15 12:27:19,853,2,4,Mendoza,8316.0,0.0,47916.0
1000008143,20240425,2024-04-25 01:01:26,410,2,2,Córdoba,4309.2,0.0,24829.2
1000008144,20250107,2025-01-07 04:34:47,674,1,1,Buenos Aires,8070.3,1200.0,47700.3
1000008145,20240620,2024-06-20 00:46:17,806,2,1,Buenos Aires,8857.8,0.0,51037.8
1000008146,20241115,2024-11-15 14:17:26,1003,2,1,Buenos Aires,7779.24,0.0,44823.24
1000008147,20250524,2025-05-24 14:17:49,621,1,1,Buenos Aires,6804.0,1500.0,40704.0
1000008148,20240705,2024-07-05 19:16:29,951,2,3,Santa Fe,7408.8,0.0,42688.8
1000008149,20240901,2024-09-01 19:57:54,34,2,3,Santa Fe,3291.75,0.0,18966.75
1000008150,20250518,2025-05-18 17:02:06,3,1,1,Buenos Aires,2513.7,0.0,14483.7
1000008151,20250623,2025-06-23 23:37:38,1086,1,1,Buenos Aires,8328.6,1500.0,49488.6
1000008152,20241221,2024-12-21 23:47:49,1081,1,1,Buenos Aires,2835.0,900.0,17235.0
1000008153,20250416,2025-04-16 12:02:42,832,2,1,Buenos Aires,16594.2,0.0,95614.2
1000008154,20250204,2025-02-04 22:10:19,714,2,2,Córdoba,2394.0,0.0,13794.0
1000008155,20241109,2024-11-09 10:10:11,489,2,3,Santa Fe,6123.6,0.0,35283.6
1000008156,20241202,2024-12-02 13:01:41,57,1,1,Buenos Aires,9475.2,1500.0,56095.2
1000008157,20250923,2025-09-23 02:49:45,631,2,1,Buenos Aires,7182.0,0.0,41382.0
1000008158,20250314,2025-03-14 19:39:50,1486,1,2,Córdoba,18489.24,1200.0,107733.24
1000008159,20250314,2025-03-14 06:32:28,469,1,4,Mendoza,5670.0,1500.0,34170.0
1000008160,20241019,2024-10-19 19:23:07,1049,2,3,Santa Fe,5433.12,0.0,31305.12
1000008161,20240517,2024-05-17 17:20:51,300,1,1,Buenos Aires,7182.0,1200.0,42582.0
1000008162,20250504,2025-05-04 08:34:40,1291,1,1,Buenos Aires,6804.0,1200.0,40404.0
1000008163,20250117,2025-01-17 18:25:48,268,2,3,Santa Fe,2268.0,0.0,13068.0
1000008164,20241201,2024-12-01 16:32:32,452,1,2,Córdoba,9576.0,900.0,56076.0
1000008165,20240127,2024-01-27 23:58:01,541,1,1,Buenos Aires,15913.8,0.0,91693.8
1000008166,20240407,2024-04-07 09:45:47,1315,1,1,Buenos Aires,2520.0,900.0,15420.0
1000008167,20250415,2025-04-15 13:40:23,1489,1,1,Buenos Aires,4082.4,900.0,24422.4
1000008168,20250707,2025-07-07 15:29:00,55,1,1,Buenos Aires,4536.0,1200.0,27336.0
1000008169,20250910,2025-09-10 13:19:58,73,2,1,Buenos Aires,15120.0,0.0,87120.0
1000008170,20240519,2024-05-19 09:01:29,315,1,1,Buenos Aires,16764.3,900.0,97494.3
1000008171,20250718,2025-07-18 23:59:14,1254,2,4,Mendoza,2469.6,0.0,14229.6
1000008172,20240528,2024-05-28 06:44:05,1434,2,3,Santa Fe,16518.6,0.0,95178.6
1000008173,20250820,2025-08-20 14:38:57,1240,1,2,Córdoba,4082.4,1500.0,25022.4
1000008174,20240309,2024-03-09 23:30:07,1184,1,1,Buenos Aires,8149.68,1200.0,48157.68
1000008175,20250713,2025-07-13 05:26:56,1045,1,2,Córdoba,2992.5,0.0,17242.5
1000008176,20241103,2024-11-03 09:12:21,1476,1,1,Buenos Aires,10174.5,1500.0,60124.5
1000008177,20240826,2024-08-26 14:30:51,539,1,3,Santa Fe,2469.6,1500.0,15729.6
1000008178,20250625,2025-06-25 10:48:35,342,1,1,Buenos Aires,6300.0,0.0,36300.0
1000008179,20250713,2025-07-13 16:22:06,748,1,2,Córdoba,9355.5,1200.0,55105.5
1000008180,20250516,2025-05-16 16:03:25,1308,2,1,Buenos Aires,7560.0,0.0,43560.0
1000008181,20250121,2025-01-21 10:38:26,1245,2,2,Córdoba,8977.5,0.0,51727.5
1000008182,20250517,2025-05-17 17:15:22,487,1,3,Santa Fe,8851.5,900.0,51901.5
1000008183,20241022,2024-10-22 02:45:22,1371,2,3,Santa Fe,9450.0,0.0,54450.0
1000008184,20250220,2025-02-20 21:52:04,1493,1,3,Santa Fe,4939.2,1200.0,29659.2
1000008185,20241030,2024-10-30 03:32:22,1027,1,2,Córdoba,7182.0,1200.0,42582.0
1000008186,20250729,2025-07-29 21:35:48,778,1,1,Buenos Aires,8977.5,0.0,51727.5
1000008187,20250331,2025-03-31 23:50:03,240,1,2,Córdoba,2381.4,1200.0,14921.4
1000008188,20240912,2024-09-12 14:55:10,254,2,3,Santa Fe,4788.0,0.0,27588.0
1000008189,20241203,2024-12-03 16:57:20,621,1,1,Buenos Aires,2394.0,1500.0,15294.0
1000008190,20240917,2024-09-17 11:47:04,958,2,4,Mendoza,2268.0,0.0,13068.0
1000008191,20250428,2025-04-28 15:46:34,1281,1,3,Santa Fe,15592.5,1200.0,91042.5
1000008192,20241213,2024-12-13 23:02:22,483,2,3,Santa Fe,16052.4,0.0,92492.4
1000008193,20250907,2025-09-07 02:33:19,674,2,4,Mendoza,10804.5,0.0,62254.5
1000008194,20240207,2024-02-07 09:45:40,520,2,4,Mendoza,7408.8,0.0,42688.8
1000008195,20250511,2025-05-11 11:32:29,757,1,1,Buenos Aires,7182.0,1200.0,42582.0
1000008196,20250811,2025-08-11 11:18:28,614,2,2,Córdoba,3150.0,0.0,18150.0
1000008197,20241028,2024-10-28 10:40:15,1392,1,1,Buenos Aires,2992.5,1200.0,18442.5
1000008198,20241006,2024-10-06 10:42:32,748,2,4,Mendoza,3307.5,0.0,19057.5
1000008199,20241023,2024-10-23 23:12:41,492,2,2,Córdoba,11491.2,0.0,66211.2
1000008200,20250626,2025-06-26 14:36:56,603,1,1,Buenos Aires,9450.0,1200.0,55650.0
1000008201,20250407,2025-04-07 17:00:08,161,2,3,Santa Fe,8334.9,0.0,48024.9
1000008202,20250911,2025-09-11 11:48:40,352,1,1,Buenos Aires,5670.0,1500.0,34170.0
1000008203,20250409,2025-04-09 03:17:55,929,1,2,Córdoba,4536.0,900.0,27036.0
1000008204,20240414,2024-04-14 06:17:01,991,1,1,Buenos Aires,4762.8,900.0,28342.8
1000008205,20240401,2024-04-01 23:16:07,179,1,2,Córdoba,4989.6,900.0,29649.6
1000008206,20250602,2025-06-02 13:53:42,658,2,4,Mendoza,14282.1,0.0,82292.1
1000008207,20241019,2024-10-19 01:30:20,1483,1,1,Buenos Aires,4914.0,900.0,29214.0
1000008208,20250923,2025-09-23 02:31:02,735,1,3,Santa Fe,9450.0,1200.0,55650.0
1000008209,20240825,2024-08-25 03:49:16,1241,1,1,Buenos Aires,4989.6,1200.0,29949.6
1000008210,20250818,2025-08-18 22:01:33,1489,1,1,Buenos Aires,8505.0,900.0,49905.0
1000008211,20250716,2025-07-16 14:58:38,358,1,1,Buenos Aires,8977.5,1200.0,52927.5
1000008212,20250904,2025-09-04 23:09:24,478,2,1,Buenos Aires,2520.0,0.0,14520.0
1000008213,20240422,2024-04-22 21:30:28,700,2,1,Buenos Aires,7408.8,0.0,42688.8
1000008214,20250429,2025-04-29 17:51:37,240,2,3,Santa Fe,9135.0,0.0,52635.0
1000008215,20240909,2024-09-09 23:04:19,935,2,3,Santa Fe,7780.5,0.0,44830.5
1000008216,20241001,2024-10-01 23:57:38,566,1,1,Buenos Aires,17766.0,1200.0,103566.0
1000008217,20241231,2024-12-31 06:55:47,2,2,4,Mendoza,2520.0,0.0,14520.0
1000008218,20250418,2025-04-18 05:44:52,99,1,1,Buenos Aires,5040.0,900.0,29940.0
1000008219,20250401,2025-04-01 23:27:42,1355,1,1,Buenos Aires,9922.5,0.0,57172.5
1000008220,20240616,2024-06-16 12:18:19,980,2,2,Córdoba,9724.05,0.0,56029.05
1000008221,20250312,2025-03-12 19:06:29,813,1,1,Buenos Aires,7408.8,1200.0,43888.8
1000008222,20250604,2025-06-04 01:40:51,1499,1,1,Buenos Aires,9198.0,1200.0,54198.0
1000008223,20250912,2025-09-12 09:52:33,902,1,1,Buenos Aires,7541.1,900.0,44351.1
1000008224,20241231,2024-12-31 08:34:25,134,1,3,Santa Fe,4536.0,0.0,26136.0
1000008225,20240310,2024-03-10 22:38:14,1316,1,3,Santa Fe,3150.0,0.0,18150.0
1000008226,20241103,2024-11-03 12:57:56,652,2,2,Córdoba,9261.0,0.0,53361.0
1000008227,20250220,2025-02-20 12:43:44,149,1,2,Córdoba,8505.0,1200.0,50205.0
1000008228,20241215,2024-12-15 01:27:11,771,1,3,Santa Fe,2394.0,1200.0,14994.0
1000008229,20250415,2025-04-15 10:41:41,424,2,1,Buenos Aires,9922.5,0.0,57172.5
1000008230,20250817,2025-08-17 16:39:26,145,2,3,Santa Fe,12411.0,0.0,71511.0
1000008231,20250418,2025-04-18 12:01:29,661,1,1,Buenos Aires,5985.0,900.0,35385.0
1000008232,20241024,2024-10-24 12:53:55,969,1,3,Santa Fe,6300.0,1200.0,37500.0
1000008233,20250320,2025-03-20 06:28:55,804,1,1,Buenos Aires,6142.5,900.0,36292.5
1000008234,20250503,2025-05-03 08:05:11,277,1,2,Córdoba,3087.0,1200.0,18987.0
1000008235,20240128,2024-01-28 06:44:12,896,2,4,Mendoza,5985.0,0.0,34485.0
1000008236,20240630,2024-06-30 23:09:14,1339,2,1,Buenos Aires,2593.08,0.0,14941.08
1000008237,20250511,2025-05-11 06:23:11,710,1,4,Mendoza,4309.2,1200.0,26029.2
1000008238,20250327,2025-03-27 21:04:05,970,1,3,Santa Fe,16279.2,900.0,94699.2
1000008239,20250920,2025-09-20 23:39:22,1027,1,1,Buenos Aires,9361.17,1200.0,55138.17
1000008240,20241110,2024-11-10 03:26:35,228,1,1,Buenos Aires,2716.56,0.0,15652.56
1000008241,20250806,2025-08-06 16:12:18,959,2,2,Córdoba,8079.75,0.0,46554.75
1000008242,20240406,2024-04-06 09:44:50,753,2,4,Mendoza,13041.0,0.0,75141.0
1000008243,20250330,2025-03-30 04:31:41,402,1,1,Buenos Aires,9261.0,900.0,54261.0
1000008244,20250730,2025-07-30 23:03:09,59,2,2,Córdoba,2268.0,0.0,13068.0
1000008245,20250316,2025-03-16 06:36:07,1026,1,2,Córdoba,5386.5,0.0,31036.5
1000008246,20250929,2025-09-29 11:47:11,811,1,3,Santa Fe,2394.0,1200.0,14994.0
1000008247,20240204,2024-02-04 02:10:50,1309,1,1,Buenos Aires,4788.0,1500.0,29088.0
1000008248,20250201,2025-02-01 21:16:34,1389,2,2,Córdoba,9273.6,0.0,53433.6
1000008249,20250406,2025-04-06 22:06:13,1173,1,1,Buenos Aires,4536.0,900.0,27036.0
1000008250,20241116,2024-11-16 17:16:48,618,1,3,Santa Fe,4548.6,1200.0,27408.6
1000008251,20241021,2024-10-21 22:54:45,113,1,3,Santa Fe,7182.0,1500.0,42882.0
1000008252,20240601,2024-06-01 22:05:17,657,1,1,Buenos Aires,4939.2,1500.0,29959.2
1000008253,20241231,2024-12-31 17:00:03,215,2,4,Mendoza,6615.0,0.0,38115.0
1000008254,20240315,2024-03-15 06:36:37,1031,2,3,Santa Fe,6123.6,0.0,35283.6
1000008255,20250522,2025-05-22 01:09:48,892,2,4,Mendoza,5103.0,0.0,29403.0
1000008256,20250418,2025-04-18 01:53:28,1215,2,1,Buenos Aires,7371.0,0.0,42471.0
1000008257,20240609,2024-06-09 00:28:31,528,1,1,Buenos Aires,9450.0,900.0,55350.0
1000008258,20250601,2025-06-01 18:00:24,999,1,1,Buenos Aires,2646.0,0.0,15246.0
1000008259,20240314,2024-03-14 23:13:26,921,2,4,Mendoza,5040.0,0.0,29040.0
1000008260,20250122,2025-01-22 23:59:42,634,1,2,Córdoba,6804.0,1200.0,40404.0
1000008261,20240205,2024-02-05 22:51:07,411,1,3,Santa Fe,9072.0,900.0,53172.0
1000008262,20250201,2025-02-01 16:30:19,713,1,1,Buenos Aires,10174.5,1200.0,59824.5
1000008263,20240524,2024-05-24 19:03:10,700,1,1,Buenos Aires,9563.4,900.0,56003.4
1000008264,20240804,2024-08-04 06:31:02,1233,1,3,Santa Fe,2992.5,1500.0,18742.5
1000008265,20240311,2024-03-11 21:15:07,566,1,1,Buenos Aires,8334.9,1200.0,49224.9
1000008266,20240217,2024-02-17 19:05:19,547,1,4,Mendoza,10420.2,900.0,60940.2
1000008267,20241224,2024-12-24 16:35:18,1075,1,2,Córdoba,13849.92,0.0,79801.92
1000008268,20250211,2025-02-11 01:47:29,256,2,4,Mendoza,10054.8,0.0,57934.8
1000008269,20240101,2024-01-01 06:57:42,498,2,4,Mendoza,8215.2,0.0,47335.2
1000008270,20250402,2025-04-02 13:25:29,1141,1,1,Buenos Aires,4989.6,1200.0,29949.6
1000008271,20240223,2024-02-23 01:53:58,1380,1,2,Córdoba,4082.4,900.0,24422.4
1000008272,20250506,2025-05-06 12:01:03,1217,2,3,Santa Fe,11718.0,0.0,67518.0
1000008273,20241210,2024-12-10 04:49:13,464,1,2,Córdoba,8505.0,900.0,49905.0
1000008274,20240911,2024-09-11 07:37:42,256,1,1,Buenos Aires,2646.0,900.0,16146.0
1000008275,20240714,2024-07-14 21:24:15,1182,1,1,Buenos Aires,6174.0,1200.0,36774.0
1000008276,20240417,2024-04-17 22:17:55,281,1,4,Mendoza,6804.0,900.0,40104.0
1000008277,20240823,2024-08-23 20:29:24,1093,2,3,Santa Fe,7182.0,0.0,41382.0
1000008278,20250310,2025-03-10 09:46:25,538,1,2,Córdoba,13828.5,900.0,80578.5
1000008279,20241108,2024-11-08 18:48:13,24,1,2,Córdoba,20908.12,1200.0,121670.62
1000008280,20240314,2024-03-14 08:06:56,377,1,2,Córdoba,11604.6,900.0,67764.6
1000008281,20240704,2024-07-04 16:00:14,1062,1,2,Córdoba,8631.0,0.0,49731.0
1000008282,20250714,2025-07-14 14:37:52,208,2,3,Santa Fe,6804.0,0.0,39204.0
1000008283,20240906,2024-09-06 00:55:55,950,2,2,Córdoba,2976.75,0.0,17151.75
1000008284,20240818,2024-08-18 02:00:07,695,2,2,Córdoba,7900.2,0.0,45520.2
1000008285,20250522,2025-05-22 21:32:05,959,2,3,Santa Fe,4662.0,0.0,26862.0
1000008286,20241124,2024-11-24 23:41:14,1038,2,3,Santa Fe,4989.6,0.0,28749.6
1000008287,20240614,2024-06-14 03:13:09,935,1,1,Buenos Aires,2154.6,1200.0,13614.6
1000008288,20240804,2024-08-04 18:18:35,288,2,1,Buenos Aires,7654.5,0.0,44104.5
1000008289,20250531,2025-05-31 22:38:52,40,2,3,Santa Fe,12121.2,0.0,69841.2
1000008290,20250909,2025-09-09 22:23:12,103,1,1,Buenos Aires,9954.0,1200.0,58554.0
1000008291,20250528,2025-05-28 12:05:38,229,1,1,Buenos Aires,2835.0,1200.0,17535.0
1000008292,20250227,2025-02-27 03:01:28,655,1,3,Santa Fe,3150.0,1200.0,19350.0
1000008293,20240305,2024-03-05 09:08:22,857,1,1,Buenos Aires,6174.0,900.0,36474.0
1000008294,20240524,2024-05-24 13:59:35,968,1,1,Buenos Aires,6300.0,1500.0,37800.0
1000008295,20250110,2025-01-10 10:16:06,460,1,1,Buenos Aires,3150.0,1500.0,19650.0
1000008296,20240922,2024-09-22 04:00:50,429,1,1,Buenos Aires,5670.0,900.0,33570.0
1000008297,20250819,2025-08-19 05:41:12,744,2,3,Santa Fe,14134.68,0.0,81442.68
1000008298,20240523,2024-05-23 15:56:39,867,1,2,Córdoba,7182.0,900.0,42282.0
1000008299,20250109,2025-01-09 07:42:02,488,1,1,Buenos Aires,14845.95,900.0,86440.95
1000008300,20240430,2024-04-30 01:53:33,1127,1,1,Buenos Aires,8026.2,1500.0,47746.2
1000008301,20250801,2025-08-01 05:51:06,358,2,2,Córdoba,7779.24,0.0,44823.24
1000008302,20241229,2024-12-29 09:04:03,479,1,1,Buenos Aires,2520.0,0.0,14520.0
1000008303,20241029,2024-10-29 02:26:40,1347,2,4,Mendoza,4762.8,0.0,27442.8
1000008304,20241204,2024-12-04 06:12:49,104,1,3,Santa Fe,6804.0,900.0,40104.0
1000008305,20240229,2024-02-29 18:39:25,722,1,1,Buenos Aires,7371.0,900.0,43371.0
1000008306,20250617,2025-06-17 02:04:58,1332,2,3,Santa Fe,8977.5,0.0,51727.5
1000008307,20250224,2025-02-24 11:42:24,116,1,1,Buenos Aires,5266.8,1500.0,31846.8
1000008308,20250204,2025-02-04 23:28:01,176,1,1,Buenos Aires,9072.0,1500.0,53772.0
1000008309,20250806,2025-08-06 07:03:29,995,1,1,Buenos Aires,3087.0,900.0,18687.0
1000008310,20250510,2025-05-10 18:05:22,234,1,3,Santa Fe,9450.0,900.0,55350.0
1000008311,20240320,2024-03-20 23:56:50,88,2,2,Córdoba,6284.25,0.0,36209.25
1000008312,20240828,2024-08-28 20:33:59,1155,2,1,Buenos Aires,3087.0,0.0,17787.0
1000008313,20240523,2024-05-23 12:50:28,575,1,3,Santa Fe,7560.0,1200.0,44760.0
1000008314,20250119,2025-01-19 16:47:08,1002,1,4,Mendoza,6300.0,1200.0,37500.0
1000008315,20250718,2025-07-18 19:53:35,383,1,2,Córdoba,21898.8,900.0,127078.8
1000008316,20250927,2025-09-27 01:11:40,446,1,1,Buenos Aires,2551.5,900.0,15601.5
1000008317,20240608,2024-06-08 12:32:56,306,1,1,Buenos Aires,9979.2,1500.0,58999.2
1000008318,20240131,2024-01-31 01:21:03,1480,2,4,Mendoza,7560.0,0.0,43560.0
1000008319,20250717,2025-07-17 11:34:03,988,1,1,Buenos Aires,3087.0,900.0,18687.0
1000008320,20250322,2025-03-22 05:52:48,301,1,1,Buenos Aires,6791.4,1200.0,40331.4
1000008321,20250601,2025-06-01 02:51:09,806,1,2,Córdoba,11781.0,900.0,68781.0
1000008322,20250626,2025-06-26 03:35:39,763,1,3,Santa Fe,7182.0,900.0,42282.0
1000008323,20241020,2024-10-20 10:30:17,670,2,1,Buenos Aires,3150.0,0.0,18150.0
1000008324,20240829,2024-08-29 11:07:19,319,1,1,Buenos Aires,2268.0,900.0,13968.0
1000008325,20250312,2025-03-12 03:39:08,389,2,4,Mendoza,15088.5,0.0,86938.5
1000008326,20240330,2024-03-30 19:32:35,701,1,1,Buenos Aires,18054.22,1200.0,105226.72
1000008327,20240916,2024-09-16 12:54:29,15,1,1,Buenos Aires,4788.0,1200.0,28788.0
1000008328,20250701,2025-07-01 02:46:44,299,1,1,Buenos Aires,2716.56,1200.0,16852.56
1000008329,20240110,2024-01-10 00:42:55,980,1,1,Buenos Aires,4939.2,1200.0,29659.2
1000008330,20240102,2024-01-02 00:19:18,308,2,3,Santa Fe,7560.0,0.0,43560.0
1000008331,20240422,2024-04-22 05:05:52,743,2,1,Buenos Aires,4939.2,0.0,28459.2
1000008332,20240221,2024-02-21 13:17:47,1050,2,4,Mendoza,2513.7,0.0,14483.7
1000008333,20240113,2024-01-13 08:47:33,45,1,3,Santa Fe,11195.1,1200.0,65705.1
1000008334,20250612,2025-06-12 14:30:55,335,2,4,Mendoza,2520.0,0.0,14520.0
1000008335,20241108,2024-11-08 04:36:18,189,1,1,Buenos Aires,4788.0,0.0,27588.0
1000008336,20240722,2024-07-22 04:25:37,14,1,1,Buenos Aires,11592.0,900.0,67692.0
1000008337,20240217,2024-02-17 10:03:51,1375,1,2,Córdoba,3395.7,1200.0,20765.7
1000008338,20240315,2024-03-15 04:09:20,534,1,1,Buenos Aires,5433.12,1200.0,32505.12
1000008339,20240522,2024-05-22 15:21:56,28,1,3,Santa Fe,2469.6,1200.0,15429.6
1000008340,20250516,2025-05-16 02:19:21,819,1,1,Buenos Aires,10886.4,900.0,63626.4
1000008341,20250822,2025-08-22 17:42:24,7,2,3,Santa Fe,8149.68,0.0,46957.68
1000008342,20250728,2025-07-28 07:56:46,450,1,3,Santa Fe,5040.0,1200.0,30240.0
1000008343,20241019,2024-10-19 16:02:57,739,2,1,Buenos Aires,3087.0,0.0,17787.0
1000008344,20240429,2024-04-29 10:47:23,1078,1,3,Santa Fe,7408.8,1200.0,43888.8
1000008345,20250309,2025-03-09 02:40:01,1342,2,2,Córdoba,12867.75,0.0,74142.75
1000008346,20240120,2024-01-20 15:07:46,971,1,3,Santa Fe,14968.8,0.0,86248.8
1000008347,20250314,2025-03-14 14:11:55,526,2,1,Buenos Aires,7484.4,0.0,43124.4
1000008348,20241113,2024-11-13 10:16:20,248,1,1,Buenos Aires,14175.0,1500.0,83175.0
1000008349,20250125,2025-01-25 06:00:58,1045,1,1,Buenos Aires,2268.0,900.0,13968.0
1000008350,20250129,2025-01-29 13:32:38,1257,1,1,Buenos Aires,13119.75,1200.0,76794.75
1000008351,20250324,2025-03-24 11:36:09,586,1,3,Santa Fe,13734.0,900.0,80034.0
1000008352,20241213,2024-12-13 02:38:39,1101,2,4,Mendoza,2268.0,0.0,13068.0
1000008353,20240930,2024-09-30 09:15:21,136,1,1,Buenos Aires,6123.6,900.0,36183.6
1000008354,20240228,2024-02-28 15:20:37,426,1,1,Buenos Aires,7900.2,900.0,46420.2
1000008355,20240224,2024-02-24 00:50:10,807,2,3,Santa Fe,7144.2,0.0,41164.2
1000008356,20250130,2025-01-30 12:31:51,821,1,1,Buenos Aires,5887.35,900.0,34822.35
1000008357,20250129,2025-01-29 11:53:15,205,2,3,Santa Fe,5027.4,0.0,28967.4
1000008358,20250330,2025-03-30 20:33:40,806,2,4,Mendoza,6804.0,0.0,39204.0
1000008359,20250418,2025-04-18 06:16:32,1295,1,1,Buenos Aires,6024.06,900.0,35610.06
1000008360,20240519,2024-05-19 20:06:07,924,1,1,Buenos Aires,2394.0,1500.0,15294.0
1000008361,20250414,2025-04-14 06:34:34,1359,2,3,Santa Fe,4851.0,0.0,27951.0
1000008362,20250720,2025-07-20 08:50:00,901,2,4,Mendoza,3087.0,0.0,17787.0
1000008363,20250309,2025-03-09 10:19:30,1060,1,1,Buenos Aires,9796.5,1200.0,57646.5
1000008364,20240613,2024-06-13 01:19:12,138,2,1,Buenos Aires,12757.5,0.0,73507.5
1000008365,20241103,2024-11-03 17:38:23,1346,2,4,Mendoza,7706.16,0.0,44402.16
1000008366,20250203,2025-02-03 08:30:15,1142,1,1,Buenos Aires,2520.0,900.0,15420.0
1000008367,20250301,2025-03-01 17:12:20,499,1,3,Santa Fe,7182.0,1200.0,42582.0
1000008368,20240523,2024-05-23 17:16:12,1313,2,1,Buenos Aires,5670.0,0.0,32670.0
1000008369,20250830,2025-08-30 10:59:17,1295,2,4,Mendoza,17747.1,0.0,102257.1
1000008370,20241102,2024-11-02 09:36:07,703,1,2,Córdoba,6791.4,1200.0,40331.4
1000008371,20240607,2024-06-07 23:26:17,302,2,4,Mendoza,9261.0,0.0,53361.0
1000008372,20250530,2025-05-30 14:39:48,381,2,1,Buenos Aires,6930.0,0.0,39930.0
1000008373,20240114,2024-01-14 23:05:50,501,1,1,Buenos Aires,4939.2,0.0,28459.2
1000008374,20250708,2025-07-08 14:54:04,280,2,2,Córdoba,6804.0,0.0,39204.0
1000008375,20240218,2024-02-18 13:33:48,189,2,3,Santa Fe,11245.5,0.0,64795.5
1000008376,20240809,2024-08-09 07:53:23,1301,1,1,Buenos Aires,5040.0,1200.0,30240.0
1000008377,20250220,2025-02-20 06:06:10,889,1,4,Mendoza,2520.0,0.0,14520.0
1000008378,20241109,2024-11-09 04:43:17,1102,1,4,Mendoza,12048.12,1500.0,70920.12
1000008379,20250514,2025-05-14 22:00:59,1378,2,1,Buenos Aires,7308.0,0.0,42108.0
1000008380,20240619,2024-06-19 16:13:15,78,2,4,Mendoza,10546.2,0.0,60766.2
1000008381,20250412,2025-04-12 19:07:30,452,1,1,Buenos Aires,7182.0,900.0,42282.0
1000008382,20240707,2024-07-07 20:46:26,1229,1,4,Mendoza,2772.0,1200.0,17172.0
1000008383,20250605,2025-06-05 12:16:57,1124,2,1,Buenos Aires,4788.0,0.0,27588.0
1000008384,20240718,2024-07-18 16:32:14,450,1,3,Santa Fe,14049.0,1200.0,82149.0
1000008385,20240122,2024-01-22 17:16:05,877,1,2,Córdoba,2835.0,1200.0,17535.0
1000008386,20250902,2025-09-02 04:19:40,1409,2,1,Buenos Aires,2268.0,0.0,13068.0
1000008387,20240322,2024-03-22 21:02:28,113,2,1,Buenos Aires,4309.2,0.0,24829.2
1000008388,20241223,2024-12-23 21:09:05,1393,2,1,Buenos Aires,2394.0,0.0,13794.0
1000008389,20250101,2025-01-01 10:01:48,1185,2,2,Córdoba,9261.0,0.0,53361.0
1000008390,20250918,2025-09-18 08:05:32,672,2,3,Santa Fe,9261.0,0.0,53361.0
1000008391,20240605,2024-06-05 06:01:11,1313,1,4,Mendoza,6791.4,0.0,39131.4
1000008392,20250109,2025-01-09 01:11:09,311,1,1,Buenos Aires,11340.0,1200.0,66540.0
1000008393,20241130,2024-11-30 19:03:30,1221,1,2,Córdoba,3087.0,1200.0,18987.0
1000008394,20250512,2025-05-12 02:43:58,954,1,2,Córdoba,5685.75,1200.0,33960.75
1000008395,20240628,2024-06-28 05:34:57,647,1,2,Córdoba,11970.0,0.0,68970.0
1000008396,20240529,2024-05-29 03:07:38,1259,1,3,Santa Fe,3118.5,900.0,18868.5
1000008397,20250128,2025-01-28 07:49:57,950,1,4,Mendoza,3087.0,900.0,18687.0
1000008398,20250925,2025-09-25 13:37:24,1223,1,2,Córdoba,7182.0,1200.0,42582.0
1000008399,20250928,2025-09-28 19:17:02,811,1,1,Buenos Aires,14716.8,1200.0,85996.8
1000008400,20240902,2024-09-02 15:29:57,1445,2,1,Buenos Aires,5556.6,0.0,32016.6
1000008401,20240402,2024-04-02 15:34:06,397,1,4,Mendoza,13482.0,1200.0,78882.0
1000008402,20250504,2025-05-04 19:11:15,1339,1,1,Buenos Aires,2716.56,1200.0,16852.56
1000008403,20250311,2025-03-11 16:59:49,468,1,3,Santa Fe,8334.9,0.0,48024.9
1000008404,20241216,2024-12-16 18:07:37,140,2,2,Córdoba,4536.0,0.0,26136.0
1000008405,20250602,2025-06-02 03:14:19,1261,1,3,Santa Fe,6174.0,900.0,36474.0
1000008406,20240122,2024-01-22 04:47:09,1268,1,1,Buenos Aires,6804.0,1200.0,40404.0
1000008407,20250108,2025-01-08 12:55:32,924,2,1,Buenos Aires,11056.5,0.0,63706.5
1000008408,20240803,2024-08-03 08:12:18,93,1,1,Buenos Aires,6804.0,900.0,40104.0
1000008409,20250123,2025-01-23 17:01:37,1264,1,2,Córdoba,4082.4,1200.0,24722.4
1000008410,20250215,2025-02-15 05:57:53,1256,1,1,Buenos Aires,13088.25,1200.0,76613.25
1000008411,20250714,2025-07-14 03:48:53,686,1,2,Córdoba,2835.0,1200.0,17535.0
1000008412,20240427,2024-04-27 10:52:28,1359,1,1,Buenos Aires,4788.0,1500.0,29088.0
1000008413,20250514,2025-05-14 00:37:41,1199,2,1,Buenos Aires,4788.0,0.0,27588.0
1000008414,20240320,2024-03-20 19:45:16,260,2,1,Buenos Aires,5040.0,0.0,29040.0
1000008415,20250425,2025-04-25 22:40:42,210,1,3,Santa Fe,2778.3,1500.0,17508.3
1000008416,20241106,2024-11-06 02:09:01,155,1,3,Santa Fe,7408.8,1200.0,43888.8
1000008417,20240116,2024-01-16 03:54:54,695,1,1,Buenos Aires,10710.0,1200.0,62910.0
1000008418,20241105,2024-11-05 18:59:11,81,1,1,Buenos Aires,9922.5,900.0,58072.5
1000008419,20240818,2024-08-18 18:19:06,819,1,3,Santa Fe,7938.0,0.0,45738.0
1000008420,20241203,2024-12-03 20:41:25,450,1,2,Córdoba,9261.0,1500.0,54861.0
1000008421,20250612,2025-06-12 14:32:36,1338,2,2,Córdoba,9261.0,0.0,53361.0
1000008422,20240627,2024-06-27 11:08:03,488,2,4,Mendoza,5544.0,0.0,31944.0
1000008423,20250421,2025-04-21 06:14:34,367,1,1,Buenos Aires,5506.2,1500.0,33226.2
1000008424,20240913,2024-09-13 01:47:26,212,1,3,Santa Fe,7182.0,0.0,41382.0
1000008425,20250224,2025-02-24 01:31:41,516,2,1,Buenos Aires,10550.92,0.0,60793.42
1000008426,20250110,2025-01-10 11:15:19,128,1,1,Buenos Aires,5953.5,900.0,35203.5
1000008427,20240801,2024-08-01 21:33:15,1279,2,4,Mendoza,6463.8,0.0,37243.8
1000008428,20240507,2024-05-07 22:14:41,1377,1,1,Buenos Aires,4939.2,1500.0,29959.2
1000008429,20250629,2025-06-29 23:17:43,1323,1,2,Córdoba,5544.0,1200.0,33144.0
1000008430,20240920,2024-09-20 12:49:16,1272,2,1,Buenos Aires,2992.5,0.0,17242.5
1000008431,20240418,2024-04-18 12:10:01,866,1,1,Buenos Aires,13872.6,900.0,80832.6
1000008432,20240730,2024-07-30 00:47:09,442,2,3,Santa Fe,4762.8,0.0,27442.8
1000008433,20240623,2024-06-23 04:29:48,159,1,3,Santa Fe,10647.0,900.0,62247.0
1000008434,20240707,2024-07-07 03:29:03,385,1,1,Buenos Aires,18852.75,900.0,109527.75
1000008435,20240218,2024-02-18 00:30:16,739,2,1,Buenos Aires,5953.5,0.0,34303.5
1000008436,20250619,2025-06-19 18:25:42,351,1,4,Mendoza,3150.0,0.0,18150.0
1000008437,20250128,2025-01-28 12:36:32,1181,1,1,Buenos Aires,16191.0,1200.0,94491.0
1000008438,20240125,2024-01-25 07:27:00,1392,1,3,Santa Fe,2041.2,900.0,12661.2
1000008439,20240423,2024-04-23 06:37:45,1169,2,4,Mendoza,14134.68,0.0,81442.68
1000008440,20250316,2025-03-16 04:21:32,220,1,2,Córdoba,2494.8,1200.0,15574.8
1000008441,20240424,2024-04-24 03:57:36,748,1,4,Mendoza,2520.0,900.0,15420.0
1000008442,20250228,2025-02-28 01:47:46,321,2,4,Mendoza,6917.4,0.0,39857.4
1000008443,20250421,2025-04-21 19:54:48,707,2,1,Buenos Aires,4536.0,0.0,26136.0
1000008444,20250811,2025-08-11 04:25:16,1185,2,1,Buenos Aires,5670.0,0.0,32670.0
1000008445,20240425,2024-04-25 21:22:38,369,2,2,Córdoba,8334.9,0.0,48024.9
1000008446,20250414,2025-04-14 22:11:49,685,2,2,Córdoba,5040.0,0.0,29040.0
1000008447,20240717,2024-07-17 09:09:07,1244,1,1,Buenos Aires,14200.2,1200.0,83020.2
1000008448,20240324,2024-03-24 14:23:23,1082,1,1,Buenos Aires,16065.0,0.0,92565.0
1000008449,20250808,2025-08-08 15:38:48,764,2,4,Mendoza,4939.2,0.0,28459.2
1000008450,20240628,2024-06-28 23:13:19,1449,2,1,Buenos Aires,4939.2,0.0,28459.2
1000008451,20250612,2025-06-12 19:20:40,670,1,1,Buenos Aires,9072.0,1200.0,53472.0
1000008452,20240212,2024-02-12 14:46:37,401,1,2,Córdoba,8505.0,1200.0,50205.0
1000008453,20240618,2024-06-18 09:45:04,524,1,4,Mendoza,2394.0,1500.0,15294.0
1000008454,20250823,2025-08-23 11:50:32,676,1,1,Buenos Aires,2469.6,900.0,15129.6
1000008455,20241008,2024-10-08 03:53:42,1416,1,2,Córdoba,5985.0,1200.0,35685.0
1000008456,20240809,2024-08-09 12:48:14,425,1,2,Córdoba,9015.3,1200.0,53145.3
1000008457,20240603,2024-06-03 01:51:09,1175,1,3,Santa Fe,6300.0,0.0,36300.0
1000008458,20240204,2024-02-04 04:25:43,59,2,3,Santa Fe,7818.3,0.0,45048.3
1000008459,20240324,2024-03-24 21:40:58,1013,1,2,Córdoba,2693.25,0.0,15518.25
1000008460,20240215,2024-02-15 07:28:39,1252,1,1,Buenos Aires,10073.7,0.0,58043.7
1000008461,20250327,2025-03-27 15:18:12,499,1,1,Buenos Aires,14968.8,900.0,87148.8
1000008462,20250110,2025-01-10 15:26:40,72,1,1,Buenos Aires,5551.56,0.0,31987.56
1000008463,20240102,2024-01-02 03:24:42,1342,1,3,Santa Fe,5953.5,1200.0,35503.5
1000008464,20240828,2024-08-28 09:46:13,362,1,2,Córdoba,7560.0,1200.0,44760.0
1000008465,20250809,2025-08-09 14:16:23,345,1,1,Buenos Aires,3142.12,1200.0,19304.62
1000008466,20240313,2024-03-13 23:34:49,286,2,4,Mendoza,5865.3,0.0,33795.3
1000008467,20240623,2024-06-23 12:11:11,331,2,1,Buenos Aires,5985.0,0.0,34485.0
1000008468,20241025,2024-10-25 07:35:34,1145,2,2,Córdoba,2520.0,0.0,14520.0
1000008469,20240731,2024-07-31 01:57:11,760,1,2,Córdoba,12025.44,1200.0,70489.44
1000008470,20250718,2025-07-18 13:18:09,213,1,1,Buenos Aires,7182.0,1500.0,42882.0
1000008471,20240715,2024-07-15 10:41:19,843,2,2,Córdoba,6463.8,0.0,37243.8
1000008472,20240606,2024-06-06 13:16:29,172,1,4,Mendoza,2394.0,900.0,14694.0
1000008473,20241103,2024-11-03 04:51:49,1318,2,1,Buenos Aires,6237.0,0.0,35937.0
1000008474,20250625,2025-06-25 04:04:54,764,2,3,Santa Fe,4788.0,0.0,27588.0
1000008475,20250508,2025-05-08 19:19:26,953,1,1,Buenos Aires,7408.8,900.0,43588.8
1000008476,20250202,2025-02-02 09:11:19,525,1,3,Santa Fe,8013.6,900.0,47073.6
1000008477,20250809,2025-08-09 10:20:18,1498,1,2,Córdoba,15857.1,1200.0,92567.1
1000008478,20241017,2024-10-17 13:22:29,350,2,2,Córdoba,5985.0,0.0,34485.0
1000008479,20250121,2025-01-21 20:16:35,66,1,1,Buenos Aires,13151.25,0.0,75776.25
1000008480,20241011,2024-10-11 16:06:56,1324,1,1,Buenos Aires,5040.0,1200.0,30240.0
1000008481,20240817,2024-08-17 09:04:57,1338,1,4,Mendoza,5670.0,0.0,32670.0
1000008482,20241209,2024-12-09 15:38:32,292,1,1,Buenos Aires,6174.0,1200.0,36774.0
1000008483,20250204,2025-02-04 03:04:16,1377,1,2,Córdoba,11718.0,0.0,67518.0
1000008484,20240905,2024-09-05 03:25:07,3,2,3,Santa Fe,6174.0,0.0,35574.0
1000008485,20250113,2025-01-13 15:30:11,748,1,1,Buenos Aires,9928.8,1200.0,58408.8
1000008486,20250321,2025-03-21 05:55:36,682,1,4,Mendoza,2778.3,1200.0,17208.3
1000008487,20240630,2024-06-30 04:21:15,1247,1,3,Santa Fe,11718.0,900.0,68418.0
1000008488,20240116,2024-01-16 19:29:34,738,1,3,Santa Fe,7408.8,1200.0,43888.8
1000008489,20250610,2025-06-10 18:17:10,724,2,4,Mendoza,7182.0,0.0,41382.0
1000008490,20240301,2024-03-01 00:39:20,10,2,2,Córdoba,9450.0,0.0,54450.0
1000008491,20250204,2025-02-04 22:22:53,1259,2,2,Córdoba,18232.2,0.0,105052.2
1000008492,20240317,2024-03-17 10:06:37,900,2,1,Buenos Aires,3150.0,0.0,18150.0
1000008493,20250211,2025-02-11 03:41:53,643,1,1,Buenos Aires,12852.0,900.0,74952.0
1000008494,20240723,2024-07-23 05:40:53,497,2,4,Mendoza,16052.4,0.0,92492.4
1000008495,20250718,2025-07-18 21:05:16,1406,2,1,Buenos Aires,2835.0,0.0,16335.0
1000008496,20250121,2025-01-21 12:16:26,904,2,2,Córdoba,10337.04,0.0,59561.04
1000008497,20240621,2024-06-21 23:31:49,1224,1,2,Córdoba,14238.0,0.0,82038.0
1000008498,20241113,2024-11-13 14:56:09,163,2,3,Santa Fe,2778.3,0.0,16008.3
1000008499,20241116,2024-11-16 19:29:18,969,1,1,Buenos Aires,6804.0,0.0,39204.0
1000008500,20250407,2025-04-07 13:11:30,711,1,3,Santa Fe,13078.8,900.0,76258.8
1000008501,20250717,2025-07-17 02:02:37,933,1,2,Córdoba,8977.5,900.0,52627.5
1000008502,20241210,2024-12-10 09:43:22,1100,1,1,Buenos Aires,3291.75,1200.0,20166.75
1000008503,20241108,2024-11-08 01:05:53,191,1,3,Santa Fe,4445.28,1200.0,26813.28
1000008504,20250509,2025-05-09 08:42:45,956,2,4,Mendoza,5386.5,0.0,31036.5
1000008505,20250327,2025-03-27 07:28:47,591,2,2,Córdoba,8139.6,0.0,46899.6
1000008506,20241018,2024-10-18 19:38:47,955,2,1,Buenos Aires,4536.0,0.0,26136.0
1000008507,20240525,2024-05-25 22:29:12,745,1,1,Buenos Aires,10253.25,1200.0,60278.25
1000008508,20250702,2025-07-02 07:24:00,1141,1,1,Buenos Aires,2469.6,1200.0,15429.6
1000008509,20250816,2025-08-16 02:17:40,913,1,2,Córdoba,2394.0,900.0,14694.0
1000008510,20250319,2025-03-19 23:38:23,598,2,2,Córdoba,7779.24,0.0,44823.24
1000008511,20241008,2024-10-08 12:37:19,1313,1,1,Buenos Aires,12455.1,900.0,72665.1
1000008512,20240510,2024-05-10 10:21:54,1464,1,4,Mendoza,2494.8,1500.0,15874.8
1000008513,20240910,2024-09-10 11:09:54,856,1,1,Buenos Aires,5103.0,1200.0,30603.0
1000008514,20250225,2025-02-25 14:02:58,1495,1,1,Buenos Aires,5670.0,1200.0,33870.0
1000008515,20250501,2025-05-01 09:51:34,1080,1,2,Córdoba,11239.2,1200.0,65959.2
1000008516,20250829,2025-08-29 12:37:12,785,1,1,Buenos Aires,5670.0,0.0,32670.0
1000008517,20240227,2024-02-27 07:41:03,952,1,3,Santa Fe,4536.0,900.0,27036.0
1000008518,20250703,2025-07-03 13:29:06,193,1,1,Buenos Aires,7182.0,1200.0,42582.0
1000008519,20241010,2024-10-10 11:37:31,907,1,1,Buenos Aires,2394.0,1500.0,15294.0
1000008520,20250119,2025-01-19 13:42:49,729,2,2,Córdoba,8505.0,0.0,49005.0
1000008521,20250123,2025-01-23 16:10:53,747,1,4,Mendoza,5292.0,1200.0,31692.0
1000008522,20240420,2024-04-20 14:14:04,575,1,3,Santa Fe,17577.0,900.0,102177.0
1000008523,20250121,2025-01-21 12:19:36,766,1,1,Buenos Aires,9450.0,900.0,55350.0
1000008524,20241019,2024-10-19 04:56:12,408,2,3,Santa Fe,8454.6,0.0,48714.6
1000008525,20240810,2024-08-10 13:03:07,503,2,4,Mendoza,8095.5,0.0,46645.5
1000008526,20240601,2024-06-01 10:50:25,24,1,1,Buenos Aires,5418.0,900.0,32118.0
1000008527,20240810,2024-08-10 16:38:30,634,1,3,Santa Fe,17010.0,1500.0,99510.0
1000008528,20241220,2024-12-20 15:28:32,1343,1,2,Córdoba,5969.25,900.0,35294.25
1000008529,20241012,2024-10-12 16:39:30,380,2,4,Mendoza,6804.0,0.0,39204.0
1000008530,20250704,2025-07-04 09:32:30,1379,1,3,Santa Fe,12600.0,1500.0,74100.0
1000008531,20241228,2024-12-28 01:23:17,560,1,1,Buenos Aires,2268.0,1200.0,14268.0
1000008532,20240307,2024-03-07 18:35:55,828,1,2,Córdoba,7780.5,0.0,44830.5
1000008533,20240214,2024-02-14 07:49:47,1369,1,1,Buenos Aires,2693.25,900.0,16418.25
1000008534,20250930,2025-09-30 17:49:31,1408,2,4,Mendoza,2469.6,0.0,14229.6
1000008535,20250520,2025-05-20 19:01:07,1017,1,1,Buenos Aires,4536.0,1200.0,27336.0
1000008536,20250716,2025-07-16 14:34:02,546,2,3,Santa Fe,20395.62,0.0,117517.62
1000008537,20241130,2024-11-30 08:33:23,1347,2,4,Mendoza,6463.8,0.0,37243.8
1000008538,20240512,2024-05-12 20:17:43,998,1,1,Buenos Aires,11844.0,1200.0,69444.0
1000008539,20240911,2024-09-11 01:48:02,1489,1,1,Buenos Aires,13230.0,900.0,77130.0
1000008540,20240819,2024-08-19 08:55:39,19,1,2,Córdoba,4536.0,900.0,27036.0
1000008541,20240601,2024-06-01 18:37:37,1483,1,1,Buenos Aires,5386.5,900.0,31936.5
1000008542,20240308,2024-03-08 14:53:32,1399,1,2,Córdoba,7454.16,1200.0,44150.16
1000008543,20241214,2024-12-14 03:57:07,161,1,1,Buenos Aires,6804.0,900.0,40104.0
1000008544,20240809,2024-08-09 13:16:47,337,2,4,Mendoza,7484.4,0.0,43124.4
1000008545,20240403,2024-04-03 00:07:26,1202,2,2,Córdoba,8930.25,0.0,51455.25
1000008546,20250130,2025-01-30 02:52:53,850,1,3,Santa Fe,2646.0,1500.0,16746.0
1000008547,20240428,2024-04-28 11:42:48,114,1,1,Buenos Aires,12718.44,900.0,74182.44
1000008548,20240704,2024-07-04 18:29:29,1074,1,1,Buenos Aires,4536.0,0.0,26136.0
1000008549,20240916,2024-09-16 18:50:20,1013,1,4,Mendoza,3150.0,1200.0,19350.0
1000008550,20240630,2024-06-30 07:40:26,1129,1,1,Buenos Aires,5418.0,1200.0,32418.0
1000008551,20240608,2024-06-08 01:53:40,90,2,2,Córdoba,14124.6,0.0,81384.6
1000008552,20240525,2024-05-25 18:56:52,334,2,4,Mendoza,10773.0,0.0,62073.0
1000008553,20250113,2025-01-13 04:08:50,141,1,1,Buenos Aires,4788.0,1500.0,29088.0
1000008554,20250813,2025-08-13 21:08:52,386,2,1,Buenos Aires,9802.8,0.0,56482.8
1000008555,20241204,2024-12-04 02:03:26,785,2,4,Mendoza,16713.9,0.0,96303.9
1000008556,20250426,2025-04-26 05:23:32,1249,1,1,Buenos Aires,12348.0,900.0,72048.0
1000008557,20250211,2025-02-11 08:38:46,719,1,3,Santa Fe,11503.8,900.0,67183.8
1000008558,20240205,2024-02-05 01:24:04,671,2,4,Mendoza,2268.0,0.0,13068.0
1000008559,20250909,2025-09-09 21:50:04,1238,1,2,Córdoba,7408.8,1200.0,43888.8
1000008560,20241208,2024-12-08 16:31:46,687,2,4,Mendoza,9261.0,0.0,53361.0
1000008561,20240605,2024-06-05 17:02:36,1421,2,4,Mendoza,7560.0,0.0,43560.0
1000008562,20250905,2025-09-05 01:32:27,420,1,3,Santa Fe,6300.0,0.0,36300.0
1000008563,20250720,2025-07-20 13:37:07,578,1,3,Santa Fe,2394.0,1500.0,15294.0
1000008564,20240511,2024-05-11 05:25:52,1156,1,1,Buenos Aires,6174.0,900.0,36474.0
1000008565,20250705,2025-07-05 14:35:26,779,1,1,Buenos Aires,6123.6,1200.0,36483.6
1000008566,20240928,2024-09-28 12:33:46,838,2,2,Córdoba,17806.95,0.0,102601.95
1000008567,20240727,2024-07-27 20:08:34,1124,2,1,Buenos Aires,3150.0,0.0,18150.0
1000008568,20240117,2024-01-17 00:53:17,1062,2,4,Mendoza,6300.0,0.0,36300.0
1000008569,20250218,2025-02-18 23:38:08,185,2,3,Santa Fe,2835.0,0.0,16335.0
1000008570,20240418,2024-04-18 19:49:59,1248,1,1,Buenos Aires,12303.9,900.0,71793.9
1000008571,20240615,2024-06-15 23:58:28,584,2,1,Buenos Aires,8505.0,0.0,49005.0
1000008572,20250401,2025-04-01 07:47:34,1313,2,1,Buenos Aires,12026.7,0.0,69296.7
1000008573,20250520,2025-05-20 08:52:19,162,1,4,Mendoza,2469.6,1200.0,15429.6
1000008574,20240426,2024-04-26 05:13:05,157,1,1,Buenos Aires,5632.2,1200.0,33652.2
1000008575,20250927,2025-09-27 11:40:28,580,2,4,Mendoza,2394.0,0.0,13794.0
1000008576,20240721,2024-07-21 10:51:19,1044,2,4,Mendoza,9525.6,0.0,54885.6
1000008577,20250609,2025-06-09 15:45:38,1382,1,2,Córdoba,3150.0,900.0,19050.0
1000008578,20241214,2024-12-14 17:29:14,1128,1,1,Buenos Aires,3150.0,900.0,19050.0
1000008579,20241220,2024-12-20 06:42:09,320,2,1,Buenos Aires,4788.0,0.0,27588.0
1000008580,20250515,2025-05-15 01:59:39,1099,1,2,Córdoba,11970.0,1200.0,70170.0
1000008581,20250426,2025-04-26 15:17:00,798,1,1,Buenos Aires,2381.4,0.0,13721.4
1000008582,20240107,2024-01-07 17:10:11,1336,2,1,Buenos Aires,9233.28,0.0,53201.28
1000008583,20240615,2024-06-15 23:46:32,374,1,1,Buenos Aires,4989.6,1500.0,30249.6
1000008584,20240106,2024-01-06 12:32:25,1456,1,1,Buenos Aires,7560.0,900.0,44460.0
1000008585,20240524,2024-05-24 12:15:29,1048,1,2,Córdoba,5292.0,900.0,31392.0
1000008586,20240613,2024-06-13 02:15:04,244,1,3,Santa Fe,5670.0,1200.0,33870.0
1000008587,20240106,2024-01-06 04:23:44,112,1,3,Santa Fe,8977.5,1500.0,53227.5
1000008588,20240102,2024-01-02 04:46:08,574,1,4,Mendoza,15088.5,900.0,87838.5
1000008589,20250515,2025-05-15 23:43:34,22,1,1,Buenos Aires,2394.0,900.0,14694.0
1000008590,20240116,2024-01-16 15:03:38,313,1,2,Córdoba,5985.0,900.0,35385.0
1000008591,20241124,2024-11-24 19:20:17,238,1,1,Buenos Aires,4939.2,0.0,28459.2
1000008592,20250116,2025-01-16 05:52:06,1080,2,2,Córdoba,6174.0,0.0,35574.0
1000008593,20250602,2025-06-02 13:30:37,116,1,1,Buenos Aires,9450.0,1500.0,55950.0
1000008594,20250314,2025-03-14 15:35:46,838,1,1,Buenos Aires,18711.0,1200.0,109011.0
1000008595,20250929,2025-09-29 07:11:04,653,1,3,Santa Fe,2394.0,1200.0,14994.0
1000008596,20250117,2025-01-17 10:45:26,110,1,2,Córdoba,8930.25,900.0,52355.25
1000008597,20240725,2024-07-25 05:28:56,722,1,1,Buenos Aires,7938.0,1200.0,46938.0
1000008598,20250406,2025-04-06 23:51:58,1305,1,1,Buenos Aires,8820.0,900.0,51720.0
1000008599,20250803,2025-08-03 00:28:26,153,1,2,Córdoba,3087.0,1200.0,18987.0
1000008600,20241112,2024-11-12 10:27:54,259,2,4,Mendoza,19656.0,0.0,113256.0
1000008601,20250424,2025-04-24 14:40:25,219,1,1,Buenos Aires,7144.2,900.0,42064.2
1000008602,20250701,2025-07-01 03:10:45,1436,1,2,Córdoba,8977.5,900.0,52627.5
1000008603,20250704,2025-07-04 13:00:22,112,1,1,Buenos Aires,4939.2,1200.0,29659.2
1000008604,20250703,2025-07-03 02:38:51,1182,2,2,Córdoba,2835.0,0.0,16335.0
1000008605,20250817,2025-08-17 12:38:38,97,1,1,Buenos Aires,2381.4,1200.0,14921.4
1000008606,20250413,2025-04-13 03:13:10,1200,1,1,Buenos Aires,10710.0,1500.0,63210.0
1000008607,20250407,2025-04-07 01:10:34,61,2,4,Mendoza,9135.0,0.0,52635.0
1000008608,20250817,2025-08-17 07:36:02,1387,2,4,Mendoza,7421.4,0.0,42761.4
1000008609,20250515,2025-05-15 20:12:35,1082,1,1,Buenos Aires,9922.5,1200.0,58372.5
1000008610,20240728,2024-07-28 04:05:33,385,2,1,Buenos Aires,9053.1,0.0,52163.1
1000008611,20250415,2025-04-15 23:41:57,243,1,1,Buenos Aires,15172.92,1200.0,88624.92
1000008612,20240108,2024-01-08 15:07:10,584,2,1,Buenos Aires,2835.0,0.0,16335.0
1000008613,20240201,2024-02-01 18:28:22,392,1,1,Buenos Aires,3087.0,1200.0,18987.0
1000008614,20240301,2024-03-01 10:09:14,295,1,4,Mendoza,7654.5,0.0,44104.5
1000008615,20240503,2024-05-03 11:11:19,1313,1,2,Córdoba,7182.0,1500.0,42882.0
1000008616,20250221,2025-02-21 23:15:54,684,2,2,Córdoba,8977.5,0.0,51727.5
1000008617,20240319,2024-03-19 23:37:02,681,1,1,Buenos Aires,2222.64,1200.0,14006.64
1000008618,20250529,2025-05-29 06:51:05,660,2,3,Santa Fe,9450.0,0.0,54450.0
1000008619,20250421,2025-04-21 13:18:13,657,1,1,Buenos Aires,2222.64,1200.0,14006.64
1000008620,20240211,2024-02-11 20:47:08,926,1,3,Santa Fe,2520.0,1200.0,15720.0
1000008621,20250618,2025-06-18 11:36:30,15,1,1,Buenos Aires,7560.0,1200.0,44760.0
1000008622,20250929,2025-09-29 23:48:28,1400,2,4,Mendoza,13819.68,0.0,79627.68
1000008623,20250302,2025-03-02 06:19:51,1205,1,1,Buenos Aires,7875.0,1200.0,46575.0
1000008624,20240610,2024-06-10 17:05:43,724,1,2,Córdoba,9780.75,1200.0,57555.75
1000008625,20250711,2025-07-11 00:12:31,157,1,1,Buenos Aires,8316.0,900.0,48816.0
1000008626,20240615,2024-06-15 06:50:28,128,1,1,Buenos Aires,16165.8,1500.0,94645.8
1000008627,20250905,2025-09-05 07:20:23,1419,2,3,Santa Fe,2693.25,0.0,15518.25
1000008628,20250627,2025-06-27 21:12:59,1262,1,2,Córdoba,2992.5,1200.0,18442.5
1000008629,20240330,2024-03-30 07:30:36,1400,1,1,Buenos Aires,17551.8,900.0,102031.8
1000008630,20240213,2024-02-13 22:17:18,839,1,1,Buenos Aires,4536.0,0.0,26136.0
1000008631,20250406,2025-04-06 17:02:48,943,2,3,Santa Fe,6583.5,0.0,37933.5
1000008632,20240225,2024-02-25 22:33:48,621,2,4,Mendoza,2520.0,0.0,14520.0
1000008633,20250121,2025-01-21 08:00:50,291,1,3,Santa Fe,6583.5,0.0,37933.5
1000008634,20241202,2024-12-02 04:32:21,875,2,2,Córdoba,15346.8,0.0,88426.8
1000008635,20250213,2025-02-13 06:14:46,130,2,4,Mendoza,5556.6,0.0,32016.6
1000008636,20240914,2024-09-14 09:35:57,610,2,2,Córdoba,7408.8,0.0,42688.8
1000008637,20241220,2024-12-20 03:51:44,484,1,1,Buenos Aires,7560.0,900.0,44460.0
1000008638,20250606,2025-06-06 11:36:33,936,1,1,Buenos Aires,11245.5,0.0,64795.5
1000008639,20250610,2025-06-10 11:07:40,459,1,1,Buenos Aires,17406.9,900.0,101196.9
1000008640,20250620,2025-06-20 21:24:57,1438,1,2,Córdoba,8505.0,900.0,49905.0
1000008641,20241015,2024-10-15 19:59:13,1205,2,1,Buenos Aires,8079.75,0.0,46554.75
1000008642,20250310,2025-03-10 12:58:42,904,1,1,Buenos Aires,7938.0,1200.0,46938.0
1000008643,20240326,2024-03-26 04:04:49,427,1,1,Buenos Aires,5611.72,900.0,33234.22
1000008644,20241220,2024-12-20 12:05:42,212,1,3,Santa Fe,8479.8,1200.0,50059.8
1000008645,20250826,2025-08-26 05:34:44,1414,1,1,Buenos Aires,2835.0,900.0,17235.0
1000008646,20250110,2025-01-10 05:30:37,1441,2,4,Mendoza,4788.0,0.0,27588.0
1000008647,20240128,2024-01-28 17:10:14,587,1,3,Santa Fe,7408.8,1200.0,43888.8
1000008648,20250318,2025-03-18 20:34:47,1027,1,1,Buenos Aires,2551.5,1200.0,15901.5
1000008649,20250514,2025-05-14 18:27:38,1446,2,1,Buenos Aires,4309.2,0.0,24829.2
1000008650,20240528,2024-05-28 01:13:13,730,1,2,Córdoba,22497.3,1500.0,131127.3
1000008651,20240206,2024-02-06 07:50:03,483,1,3,Santa Fe,2469.6,900.0,15129.6
1000008652,20240804,2024-08-04 14:09:09,1404,1,3,Santa Fe,11340.0,1200.0,66540.0
1000008653,20240612,2024-06-12 04:39:32,1451,1,1,Buenos Aires,2520.0,1200.0,15720.0
1000008654,20240328,2024-03-28 15:08:46,230,1,1,Buenos Aires,5556.6,900.0,32916.6
1000008655,20240417,2024-04-17 00:00:28,191,1,1,Buenos Aires,3150.0,0.0,18150.0
1000008656,20240620,2024-06-20 05:50:49,1221,1,1,Buenos Aires,12096.0,900.0,70596.0
1000008657,20240930,2024-09-30 07:56:45,248,2,1,Buenos Aires,3087.0,0.0,17787.0
1000008658,20241229,2024-12-29 13:13:12,2,2,1,Buenos Aires,4939.2,0.0,28459.2
1000008659,20240229,2024-02-29 04:04:22,1419,1,1,Buenos Aires,2992.5,0.0,17242.5
1000008660,20250216,2025-02-16 03:13:21,237,1,1,Buenos Aires,7560.0,1200.0,44760.0
1000008661,20240518,2024-05-18 08:59:40,1187,1,3,Santa Fe,17010.0,1500.0,99510.0
1000008662,20240821,2024-08-21 01:01:03,380,2,3,Santa Fe,12499.2,0.0,72019.2
1000008663,20250321,2025-03-21 10:33:53,879,2,3,Santa Fe,7780.5,0.0,44830.5
1000008664,20240510,2024-05-10 11:24:57,422,1,1,Buenos Aires,2494.8,900.0,15274.8
1000008665,20241219,2024-12-19 20:37:29,888,2,2,Córdoba,19703.25,0.0,113528.25
1000008666,20240821,2024-08-21 17:19:25,117,2,1,Buenos Aires,2469.6,0.0,14229.6
1000008667,20250614,2025-06-14 01:00:43,483,2,2,Córdoba,7408.8,0.0,42688.8
1000008668,20240717,2024-07-17 11:54:04,846,2,4,Mendoza,4082.4,0.0,23522.4
1000008669,20240901,2024-09-01 09:10:18,1311,2,2,Córdoba,2520.0,0.0,14520.0
1000008670,20250812,2025-08-12 19:10:03,637,2,2,Córdoba,8977.5,0.0,51727.5
1000008671,20241108,2024-11-08 10:07:34,1392,2,1,Buenos Aires,2469.6,0.0,14229.6
1000008672,20240506,2024-05-06 08:10:46,587,2,3,Santa Fe,12096.0,0.0,69696.0
1000008673,20250611,2025-06-11 06:25:43,1457,2,4,Mendoza,7182.0,0.0,41382.0
1000008674,20240922,2024-09-22 07:59:40,290,1,2,Córdoba,6284.25,900.0,37109.25
1000008675,20250407,2025-04-07 05:00:16,1198,1,1,Buenos Aires,7900.2,1500.0,47020.2
1000008676,20250125,2025-01-25 02:04:39,708,2,1,Buenos Aires,3150.0,0.0,18150.0
1000008677,20240212,2024-02-12 20:36:13,618,1,2,Córdoba,10187.1,900.0,59597.1
1000008678,20250603,2025-06-03 01:31:53,426,1,1,Buenos Aires,2268.0,1200.0,14268.0
1000008679,20240613,2024-06-13 03:08:45,69,1,1,Buenos Aires,4939.2,0.0,28459.2
1000008680,20240625,2024-06-25 09:28:05,284,1,2,Córdoba,7560.0,1200.0,44760.0
1000008681,20240727,2024-07-27 06:21:12,576,1,1,Buenos Aires,8977.5,1200.0,52927.5
1000008682,20240702,2024-07-02 14:15:34,689,1,2,Córdoba,7779.24,900.0,45723.24
1000008683,20241205,2024-12-05 02:44:21,166,1,1,Buenos Aires,11308.5,900.0,66058.5
1000008684,20250604,2025-06-04 07:35:57,1060,1,1,Buenos Aires,15630.3,900.0,90960.3
1000008685,20250418,2025-04-18 00:56:53,484,1,1,Buenos Aires,9261.0,900.0,54261.0
1000008686,20250123,2025-01-23 09:51:31,645,2,3,Santa Fe,2646.0,0.0,15246.0
1000008687,20240830,2024-08-30 22:18:04,964,1,3,Santa Fe,18403.88,900.0,106941.38
1000008688,20240808,2024-08-08 20:01:12,1009,1,1,Buenos Aires,6300.0,0.0,36300.0
1000008689,20240710,2024-07-10 13:10:50,322,2,4,Mendoza,4939.2,0.0,28459.2
1000008690,20240628,2024-06-28 16:47:48,849,2,2,Córdoba,9355.5,0.0,53905.5
1000008691,20240106,2024-01-06 09:04:35,1311,1,1,Buenos Aires,5186.16,1200.0,31082.16
1000008692,20241022,2024-10-22 12:53:52,257,1,2,Córdoba,5670.0,900.0,33570.0
1000008693,20250126,2025-01-26 21:40:00,1288,2,1,Buenos Aires,13545.0,0.0,78045.0
1000008694,20240515,2024-05-15 14:47:01,1063,1,3,Santa Fe,5953.5,900.0,35203.5
1000008695,20250713,2025-07-13 06:19:27,394,2,4,Mendoza,7182.0,0.0,41382.0
1000008696,20240122,2024-01-22 02:25:07,1350,1,1,Buenos Aires,4082.4,900.0,24422.4
1000008697,20240204,2024-02-04 12:42:42,182,1,1,Buenos Aires,8190.0,1500.0,48690.0
1000008698,20240225,2024-02-25 03:12:10,520,2,4,Mendoza,4536.0,0.0,26136.0
1000008699,20250419,2025-04-19 16:20:16,417,2,3,Santa Fe,9426.38,0.0,54313.88
1000008700,20250518,2025-05-18 04:32:31,1429,1,1,Buenos Aires,8977.5,1500.0,53227.5
1000008701,20241115,2024-11-15 18:33:04,860,1,3,Santa Fe,4788.0,1200.0,28788.0
1000008702,20240301,2024-03-01 13:58:21,780,1,3,Santa Fe,14175.0,1200.0,82875.0
1000008703,20240203,2024-02-03 09:51:18,365,1,1,Buenos Aires,8423.1,900.0,49433.1
1000008704,20250208,2025-02-08 16:19:01,726,1,1,Buenos Aires,2394.0,900.0,14694.0
1000008705,20241206,2024-12-06 16:42:24,405,2,2,Córdoba,2268.0,0.0,13068.0
1000008706,20240227,2024-02-27 14:24:48,135,1,1,Buenos Aires,2593.08,1200.0,16141.08
1000008707,20250611,2025-06-11 04:09:37,342,1,1,Buenos Aires,7541.1,900.0,44351.1
1000008708,20250604,2025-06-04 20:31:02,56,2,3,Santa Fe,10609.2,0.0,61129.2
1000008709,20250606,2025-06-06 21:04:15,679,1,1,Buenos Aires,4309.2,0.0,24829.2
1000008710,20250904,2025-09-04 05:16:41,441,1,4,Mendoza,8505.0,0.0,49005.0
1000008711,20241105,2024-11-05 08:04:06,546,1,1,Buenos Aires,7144.2,0.0,41164.2
1000008712,20250514,2025-05-14 15:05:33,453,2,4,Mendoza,9722.16,0.0,56018.16
1000008713,20240628,2024-06-28 21:57:25,818,1,4,Mendoza,9261.0,1200.0,54561.0
1000008714,20250407,2025-04-07 20:54:07,1479,1,1,Buenos Aires,3150.0,900.0,19050.0
1000008715,20250306,2025-03-06 03:23:23,63,2,2,Córdoba,9150.75,0.0,52725.75
1000008716,20240826,2024-08-26 01:24:10,963,2,1,Buenos Aires,6482.7,0.0,37352.7
1000008717,20250719,2025-07-19 11:31:07,1465,1,1,Buenos Aires,2268.0,1200.0,14268.0
1000008718,20240602,2024-06-02 17:35:16,1293,1,2,Córdoba,8079.75,900.0,47454.75
1000008719,20240128,2024-01-28 10:32:00,1464,1,4,Mendoza,8316.0,900.0,48816.0
1000008720,20240707,2024-07-07 22:51:17,986,2,3,Santa Fe,12411.0,0.0,71511.0
1000008721,20250604,2025-06-04 09:04:55,593,2,1,Buenos Aires,5670.0,0.0,32670.0
1000008722,20250216,2025-02-16 13:56:02,1014,2,2,Córdoba,2154.6,0.0,12414.6
1000008723,20250509,2025-05-09 23:42:09,514,2,3,Santa Fe,9450.0,0.0,54450.0
1000008724,20240722,2024-07-22 15:26:39,1094,2,1,Buenos Aires,7156.8,0.0,41236.8
1000008725,20240406,2024-04-06 09:19:00,1251,1,3,Santa Fe,2835.0,900.0,17235.0
1000008726,20250514,2025-05-14 12:52:18,305,2,3,Santa Fe,7490.7,0.0,43160.7
1000008727,20250223,2025-02-23 23:02:48,123,1,1,Buenos Aires,5355.0,900.0,31755.0
1000008728,20241015,2024-10-15 22:03:26,1216,1,1,Buenos Aires,4536.0,1200.0,27336.0
1000008729,20250912,2025-09-12 17:05:20,1117,1,3,Santa Fe,2394.0,1200.0,14994.0
1000008730,20250612,2025-06-12 22:54:38,391,2,1,Buenos Aires,9878.4,0.0,56918.4
1000008731,20240823,2024-08-23 06:14:12,475,2,3,Santa Fe,5670.0,0.0,32670.0
1000008732,20250111,2025-01-11 00:01:30,1090,2,1,Buenos Aires,5556.6,0.0,32016.6
1000008733,20241009,2024-10-09 11:59:58,196,2,1,Buenos Aires,13608.0,0.0,78408.0
1000008734,20250428,2025-04-28 17:32:27,1111,2,3,Santa Fe,2469.6,0.0,14229.6
1000008735,20240912,2024-09-12 08:01:14,781,2,2,Córdoba,7654.5,0.0,44104.5
1000008736,20240102,2024-01-02 06:11:38,719,1,2,Córdoba,2268.0,1200.0,14268.0
1000008737,20250927,2025-09-27 19:08:07,825,1,2,Córdoba,5701.5,1500.0,34351.5
1000008738,20240402,2024-04-02 22:08:45,1483,1,1,Buenos Aires,9261.0,1200.0,54561.0
1000008739,20250623,2025-06-23 14:08:00,1489,1,1,Buenos Aires,6615.0,1200.0,39315.0
1000008740,20250517,2025-05-17 15:59:46,118,1,3,Santa Fe,9450.0,1200.0,55650.0
1000008741,20241116,2024-11-16 10:31:26,524,2,4,Mendoza,2268.0,0.0,13068.0
1000008742,20250715,2025-07-15 13:34:10,599,2,4,Mendoza,5670.0,0.0,32670.0
1000008743,20250310,2025-03-10 18:50:47,1433,1,2,Córdoba,11289.6,900.0,65949.6
1000008744,20250420,2025-04-20 22:32:27,1128,1,1,Buenos Aires,4082.4,900.0,24422.4
1000008745,20250306,2025-03-06 03:49:56,319,2,3,Santa Fe,6804.0,0.0,39204.0
1000008746,20240314,2024-03-14 09:27:20,1148,1,1,Buenos Aires,8079.75,1200.0,47754.75
1000008747,20250804,2025-08-04 19:12:48,1468,1,3,Santa Fe,4536.0,0.0,26136.0
1000008748,20240718,2024-07-18 23:52:42,667,2,3,Santa Fe,3395.7,0.0,19565.7
1000008749,20240514,2024-05-14 00:53:35,932,1,1,Buenos Aires,6804.0,900.0,40104.0
1000008750,20240519,2024-05-19 18:48:04,1054,2,2,Córdoba,2394.0,0.0,13794.0
1000008751,20241126,2024-11-26 06:41:58,346,1,4,Mendoza,3150.0,900.0,19050.0
1000008752,20240809,2024-08-09 06:20:31,1004,1,1,Buenos Aires,3307.5,1200.0,20257.5
1000008753,20240926,2024-09-26 12:38:24,272,1,1,Buenos Aires,4445.28,900.0,26513.28
1000008754,20240903,2024-09-03 02:03:42,1201,2,3,Santa Fe,13765.5,0.0,79315.5
1000008755,20250826,2025-08-26 20:18:11,141,1,1,Buenos Aires,10584.0,900.0,61884.0
1000008756,20240331,2024-03-31 20:44:53,1336,1,3,Santa Fe,2469.6,900.0,15129.6
1000008757,20240802,2024-08-02 22:22:08,1346,1,1,Buenos Aires,4788.0,1200.0,28788.0
1000008758,20240322,2024-03-22 01:48:31,159,1,2,Córdoba,19920.6,900.0,115680.6
1000008759,20250416,2025-04-16 19:34:04,589,2,3,Santa Fe,15932.7,0.0,91802.7
1000008760,20250612,2025-06-12 10:37:38,1371,2,2,Córdoba,9072.0,0.0,52272.0
1000008761,20241206,2024-12-06 17:18:06,43,2,1,Buenos Aires,2835.0,0.0,16335.0
1000008762,20240824,2024-08-24 03:07:05,877,1,4,Mendoza,7144.2,1200.0,42364.2
1000008763,20250513,2025-05-13 15:35:35,479,1,1,Buenos Aires,4082.4,900.0,24422.4
1000008764,20240713,2024-07-13 15:20:05,891,2,1,Buenos Aires,2835.0,0.0,16335.0
1000008765,20240813,2024-08-13 20:05:18,1172,1,2,Córdoba,4536.0,1200.0,27336.0
1000008766,20240526,2024-05-26 08:05:05,1142,1,1,Buenos Aires,6300.0,900.0,37200.0
1000008767,20250417,2025-04-17 08:48:42,187,1,4,Mendoza,9450.0,900.0,55350.0
1000008768,20240426,2024-04-26 19:10:08,1384,2,2,Córdoba,6804.0,0.0,39204.0
1000008769,20240323,2024-03-23 05:03:01,289,2,3,Santa Fe,17863.65,0.0,102928.65
1000008770,20240211,2024-02-11 23:14:42,174,2,1,Buenos Aires,6205.5,0.0,35755.5
1000008771,20250507,2025-05-07 20:43:08,920,1,4,Mendoza,5556.6,1500.0,33516.6
1000008772,20240522,2024-05-22 22:53:07,1120,1,1,Buenos Aires,2992.5,1500.0,18742.5
1000008773,20240907,2024-09-07 17:00:30,1048,1,1,Buenos Aires,4788.0,1500.0,29088.0
1000008774,20241027,2024-10-27 03:22:45,653,1,4,Mendoza,10080.0,0.0,58080.0
1000008775,20240324,2024-03-24 12:34:59,1090,1,1,Buenos Aires,7408.8,900.0,43588.8
1000008776,20240331,2024-03-31 08:57:20,192,1,1,Buenos Aires,6804.0,1200.0,40404.0
1000008777,20240521,2024-05-21 15:54:46,684,2,3,Santa Fe,11421.9,0.0,65811.9
1000008778,20240619,2024-06-19 18:12:23,1441,1,1,Buenos Aires,9922.5,0.0,57172.5
1000008779,20241014,2024-10-14 10:49:06,467,1,1,Buenos Aires,4445.28,1200.0,26813.28
1000008780,20250624,2025-06-24 20:06:07,754,1,3,Santa Fe,8334.9,900.0,48924.9
1000008781,20240302,2024-03-02 13:51:15,1057,2,2,Córdoba,8977.5,0.0,51727.5
1000008782,20250102,2025-01-02 20:06:07,100,2,1,Buenos Aires,7408.8,0.0,42688.8
1000008783,20240906,2024-09-06 12:25:19,1139,1,1,Buenos Aires,12285.0,0.0,70785.0
1000008784,20241017,2024-10-17 16:02:42,1419,1,1,Buenos Aires,2469.6,1200.0,15429.6
1000008785,20250824,2025-08-24 01:45:06,686,1,2,Córdoba,10710.0,1200.0,62910.0
1000008786,20250127,2025-01-27 15:43:57,49,2,1,Buenos Aires,8442.0,0.0,48642.0
1000008787,20250513,2025-05-13 07:58:28,219,2,2,Córdoba,4939.2,0.0,28459.2
1000008788,20241101,2024-11-01 05:37:22,652,2,3,Santa Fe,4536.0,0.0,26136.0
1000008789,20241106,2024-11-06 22:57:01,1431,2,3,Santa Fe,2041.2,0.0,11761.2
1000008790,20250228,2025-02-28 16:07:12,1423,1,2,Córdoba,7182.0,1200.0,42582.0
1000008791,20250209,2025-02-09 17:16:45,208,2,4,Mendoza,2520.0,0.0,14520.0
1000008792,20240520,2024-05-20 21:54:08,695,1,1,Buenos Aires,8019.9,900.0,47109.9
1000008793,20240402,2024-04-02 04:28:29,1128,2,4,Mendoza,7144.2,0.0,41164.2
1000008794,20250218,2025-02-18 16:42:54,838,1,1,Buenos Aires,2835.0,1200.0,17535.0
1000008795,20241208,2024-12-08 05:11:55,72,2,4,Mendoza,15379.88,0.0,88617.38
1000008796,20250426,2025-04-26 14:26:36,765,1,1,Buenos Aires,13608.0,900.0,79308.0
1000008797,20241031,2024-10-31 02:12:52,565,2,4,Mendoza,3241.35,0.0,18676.35
1000008798,20240729,2024-07-29 22:12:15,107,1,4,Mendoza,4788.0,900.0,28488.0
1000008799,20240926,2024-09-26 23:21:01,1248,1,1,Buenos Aires,12978.0,900.0,75678.0
1000008800,20250418,2025-04-18 12:26:00,1296,1,1,Buenos Aires,6583.5,1200.0,39133.5
1000008801,20240315,2024-03-15 19:22:59,397,1,1,Buenos Aires,12379.5,1200.0,72529.5
1000008802,20240911,2024-09-11 16:43:57,1434,1,1,Buenos Aires,4762.8,900.0,28342.8
1000008803,20240115,2024-01-15 16:41:07,394,1,2,Córdoba,2835.0,900.0,17235.0
1000008804,20241107,2024-11-07 20:40:50,213,2,2,Córdoba,4309.2,0.0,24829.2
1000008805,20250701,2025-07-01 09:45:22,46,1,2,Córdoba,2381.4,1200.0,14921.4
1000008806,20240116,2024-01-16 17:38:33,1191,1,3,Santa Fe,8977.5,1500.0,53227.5
1000008807,20240707,2024-07-07 00:34:22,1038,2,4,Mendoza,2835.0,0.0,16335.0
1000008808,20250818,2025-08-18 09:56:57,847,2,3,Santa Fe,7207.2,0.0,41527.2
1000008809,20250904,2025-09-04 05:14:26,56,1,3,Santa Fe,7371.0,1200.0,43671.0
1000008810,20250304,2025-03-04 07:48:25,405,1,1,Buenos Aires,5186.16,1500.0,31382.16
1000008811,20240614,2024-06-14 09:22:04,467,1,1,Buenos Aires,4939.2,1500.0,29959.2
1000008812,20240420,2024-04-20 04:00:51,33,1,1,Buenos Aires,3118.5,1200.0,19168.5
1000008813,20250824,2025-08-24 22:19:49,239,2,4,Mendoza,4788.0,0.0,27588.0
1000008814,20240401,2024-04-01 17:13:21,888,1,4,Mendoza,2551.5,1200.0,15901.5
1000008815,20240519,2024-05-19 00:53:34,622,2,2,Córdoba,4536.0,0.0,26136.0
1000008816,20240302,2024-03-02 18:17:25,533,1,1,Buenos Aires,4939.2,1500.0,29959.2
1000008817,20240310,2024-03-10 07:25:56,715,1,2,Córdoba,5386.5,1500.0,32536.5
1000008818,20240530,2024-05-30 23:44:34,126,1,1,Buenos Aires,4939.2,0.0,28459.2
1000008819,20250920,2025-09-20 10:08:20,919,1,2,Córdoba,9355.5,1200.0,55105.5
1000008820,20250519,2025-05-19 23:28:08,221,2,3,Santa Fe,3087.0,0.0,17787.0
1000008821,20250709,2025-07-09 18:11:09,266,1,2,Córdoba,5670.0,900.0,33570.0
1000008822,20240704,2024-07-04 16:49:29,604,1,1,Buenos Aires,10332.0,0.0,59532.0
1000008823,20250126,2025-01-26 19:31:38,684,2,3,Santa Fe,16506.0,0.0,95106.0
1000008824,20240726,2024-07-26 09:07:50,439,1,1,Buenos Aires,8316.0,1200.0,49116.0
1000008825,20240722,2024-07-22 12:50:56,694,2,1,Buenos Aires,2992.5,0.0,17242.5
1000008826,20250822,2025-08-22 05:30:36,621,1,1,Buenos Aires,7560.0,1200.0,44760.0
1000008827,20250121,2025-01-21 15:29:23,558,1,3,Santa Fe,11695.32,900.0,68287.32
1000008828,20240702,2024-07-02 10:07:19,1005,1,4,Mendoza,4939.2,1500.0,29959.2
1000008829,20240709,2024-07-09 14:49:00,1274,1,1,Buenos Aires,12927.6,1200.0,75687.6
1000008830,20240123,2024-01-23 01:27:21,1037,1,1,Buenos Aires,3087.0,900.0,18687.0
1000008831,20240826,2024-08-26 05:40:52,952,2,4,Mendoza,5386.5,0.0,31036.5
1000008832,20250602,2025-06-02 03:36:34,1162,1,2,Córdoba,2992.5,1200.0,18442.5
1000008833,20250122,2025-01-22 01:49:24,779,1,3,Santa Fe,8454.6,900.0,49614.6
1000008834,20240229,2024-02-29 16:36:17,975,2,2,Córdoba,4536.0,0.0,26136.0
1000008835,20250703,2025-07-03 15:29:01,876,1,2,Córdoba,3087.0,1200.0,18987.0
1000008836,20240915,2024-09-15 15:52:48,459,1,1,Buenos Aires,2778.3,0.0,16008.3
1000008837,20240517,2024-05-17 08:42:04,728,1,1,Buenos Aires,4536.0,1500.0,27636.0
1000008838,20241009,2024-10-09 14:22:45,231,1,1,Buenos Aires,6284.25,0.0,36209.25
1000008839,20240911,2024-09-11 17:10:09,774,1,2,Córdoba,2992.5,900.0,18142.5
1000008840,20240719,2024-07-19 02:40:32,228,2,3,Santa Fe,6300.0,0.0,36300.0
1000008841,20240101,2024-01-01 16:03:41,1386,1,3,Santa Fe,4536.0,1200.0,27336.0
1000008842,20240607,2024-06-07 11:12:06,618,1,1,Buenos Aires,6804.0,900.0,40104.0
1000008843,20240915,2024-09-15 20:28:35,5,2,1,Buenos Aires,8517.6,0.0,49077.6
1000008844,20240122,2024-01-22 19:57:49,950,1,3,Santa Fe,10187.1,1500.0,60197.1
1000008845,20241023,2024-10-23 11:55:23,1412,2,4,Mendoza,8505.0,0.0,49005.0
1000008846,20250704,2025-07-04 05:29:54,475,1,2,Córdoba,8505.0,900.0,49905.0
1000008847,20240424,2024-04-24 09:21:48,769,1,2,Córdoba,2268.0,1200.0,14268.0
1000008848,20240628,2024-06-28 01:35:29,13,2,1,Buenos Aires,4536.0,0.0,26136.0
1000008849,20250430,2025-04-30 23:21:14,921,1,1,Buenos Aires,4788.0,900.0,28488.0
1000008850,20240408,2024-04-08 09:57:07,1249,2,3,Santa Fe,3087.0,0.0,17787.0
1000008851,20250507,2025-05-07 16:03:09,1278,1,4,Mendoza,9072.0,1200.0,53472.0
1000008852,20250409,2025-04-09 21:41:17,876,1,1,Buenos Aires,6804.0,1200.0,40404.0
1000008853,20241024,2024-10-24 06:08:12,53,2,2,Córdoba,2976.75,0.0,17151.75
1000008854,20250121,2025-01-21 12:53:09,187,1,3,Santa Fe,2469.6,900.0,15129.6
1000008855,20250508,2025-05-08 10:49:23,935,1,3,Santa Fe,4082.4,1500.0,25022.4
1000008856,20240831,2024-08-31 02:32:24,253,1,2,Córdoba,4788.0,1200.0,28788.0
1000008857,20240107,2024-01-07 05:52:07,664,1,2,Córdoba,2835.0,900.0,17235.0
1000008858,20240102,2024-01-02 05:47:13,886,1,2,Córdoba,5027.4,1200.0,30167.4
1000008859,20240106,2024-01-06 01:50:47,235,1,2,Córdoba,2394.0,1200.0,14994.0
1000008860,20240125,2024-01-25 06:09:07,322,1,1,Buenos Aires,3118.5,900.0,18868.5
1000008861,20250917,2025-09-17 11:07:43,1427,1,3,Santa Fe,2992.5,1200.0,18442.5
1000008862,20250608,2025-06-08 12:34:31,1439,1,1,Buenos Aires,8930.25,900.0,52355.25
1000008863,20240611,2024-06-11 05:28:57,885,2,4,Mendoza,8505.0,0.0,49005.0
1000008864,20241009,2024-10-09 05:18:03,874,1,2,Córdoba,9095.62,1500.0,53908.12
1000008865,20240519,2024-05-19 03:07:26,1083,1,4,Mendoza,9292.5,0.0,53542.5
1000008866,20240212,2024-02-12 01:04:31,720,2,3,Santa Fe,9979.2,0.0,57499.2
1000008867,20241004,2024-10-04 16:26:44,507,2,3,Santa Fe,5670.0,0.0,32670.0
1000008868,20241129,2024-11-29 16:09:46,436,1,1,Buenos Aires,9450.0,1200.0,55650.0
1000008869,20250724,2025-07-24 16:20:05,237,1,1,Buenos Aires,4939.2,900.0,29359.2
1000008870,20240422,2024-04-22 14:32:49,1120,1,2,Córdoba,2520.0,1200.0,15720.0
1000008871,20241028,2024-10-28 10:42:08,1081,1,2,Córdoba,5027.4,900.0,29867.4
1000008872,20250611,2025-06-11 06:39:08,511,1,1,Buenos Aires,3142.12,1200.0,19304.62
1000008873,20241103,2024-11-03 16:34:55,1330,2,4,Mendoza,6930.0,0.0,39930.0
1000008874,20250402,2025-04-02 00:46:48,662,2,3,Santa Fe,15561.0,0.0,89661.0
1000008875,20240830,2024-08-30 12:12:30,87,1,2,Córdoba,5040.0,900.0,29940.0
1000008876,20241125,2024-11-25 18:55:30,1429,1,1,Buenos Aires,7547.4,1200.0,44687.4
1000008877,20240325,2024-03-25 03:29:58,1251,1,1,Buenos Aires,7875.0,900.0,46275.0
1000008878,20250827,2025-08-27 06:18:24,1228,1,2,Córdoba,5040.0,900.0,29940.0
1000008879,20240817,2024-08-17 21:39:13,1482,1,1,Buenos Aires,8505.0,1500.0,50505.0
1000008880,20250422,2025-04-22 09:57:52,1114,1,1,Buenos Aires,14949.9,900.0,87039.9
1000008881,20250915,2025-09-15 17:22:19,1489,2,3,Santa Fe,7333.2,0.0,42253.2
1000008882,20240118,2024-01-18 05:36:19,538,2,1,Buenos Aires,7900.2,0.0,45520.2
1000008883,20250313,2025-03-13 14:06:40,1306,1,1,Buenos Aires,15044.4,1500.0,88184.4
1000008884,20241007,2024-10-07 17:43:21,1088,2,1,Buenos Aires,2992.5,0.0,17242.5
1000008885,20250610,2025-06-10 22:49:48,458,1,2,Córdoba,3142.12,1200.0,19304.62
1000008886,20240821,2024-08-21 07:20:00,1105,1,1,Buenos Aires,8149.68,0.0,46957.68
1000008887,20241119,2024-11-19 05:31:29,229,2,3,Santa Fe,21266.28,0.0,122534.28
1000008888,20250617,2025-06-17 11:40:43,1387,1,2,Córdoba,8505.0,1500.0,50505.0
1000008889,20240823,2024-08-23 08:40:28,75,1,3,Santa Fe,2469.6,1500.0,15729.6
1000008890,20240112,2024-01-12 00:47:56,295,1,1,Buenos Aires,9802.8,1200.0,57682.8
1000008891,20240729,2024-07-29 02:38:47,705,1,2,Córdoba,18326.7,1200.0,106796.7
1000008892,20250613,2025-06-13 15:32:22,455,1,1,Buenos Aires,7182.0,900.0,42282.0
1000008893,20240722,2024-07-22 15:02:42,213,1,1,Buenos Aires,6804.0,1500.0,40704.0
1000008894,20250422,2025-04-22 07:54:34,465,1,3,Santa Fe,7408.8,900.0,43588.8
1000008895,20240711,2024-07-11 09:18:19,418,2,1,Buenos Aires,2976.75,0.0,17151.75
1000008896,20241209,2024-12-09 00:48:34,477,1,4,Mendoza,10521.0,1500.0,62121.0
1000008897,20250505,2025-05-05 11:32:49,619,2,1,Buenos Aires,7144.2,0.0,41164.2
1000008898,20241210,2024-12-10 07:41:42,1101,1,3,Santa Fe,3087.0,0.0,17787.0
1000008899,20250426,2025-04-26 03:03:45,1062,1,2,Córdoba,7938.0,900.0,46638.0
1000008900,20241122,2024-11-22 14:11:27,101,2,4,Mendoza,10584.0,0.0,60984.0
1000008901,20240429,2024-04-29 06:43:45,1270,1,3,Santa Fe,6583.5,1200.0,39133.5
1000008902,20241228,2024-12-28 04:29:17,1081,1,1,Buenos Aires,2992.5,900.0,18142.5
1000008903,20240908,2024-09-08 17:35:44,1322,2,1,Buenos Aires,12685.68,0.0,73093.68
1000008904,20240605,2024-06-05 13:19:34,1309,2,2,Córdoba,2381.4,0.0,13721.4
1000008905,20250122,2025-01-22 19:55:16,90,1,1,Buenos Aires,9875.25,0.0,56900.25
1000008906,20240210,2024-02-10 13:46:38,937,1,1,Buenos Aires,4939.2,1200.0,29659.2
1000008907,20240417,2024-04-17 00:09:25,1217,1,1,Buenos Aires,3465.0,1200.0,21165.0
1000008908,20240628,2024-06-28 20:43:17,611,1,1,Buenos Aires,15172.92,900.0,88324.92
1000008909,20250627,2025-06-27 03:12:50,1374,2,2,Córdoba,2835.0,0.0,16335.0
1000008910,20241014,2024-10-14 15:55:16,701,1,2,Córdoba,3118.5,1500.0,19468.5
1000008911,20250714,2025-07-14 00:13:42,1147,2,1,Buenos Aires,8738.1,0.0,50348.1
1000008912,20250102,2025-01-02 23:41:45,14,2,4,Mendoza,6300.0,0.0,36300.0
1000008913,20240926,2024-09-26 12:42:37,1499,1,1,Buenos Aires,6482.7,0.0,37352.7
1000008914,20250827,2025-08-27 03:48:18,1135,1,3,Santa Fe,8139.6,0.0,46899.6
1000008915,20250923,2025-09-23 13:17:35,1110,1,4,Mendoza,11245.5,1500.0,66295.5
1000008916,20250815,2025-08-15 19:41:41,1044,2,1,Buenos Aires,7541.1,0.0,43451.1
1000008917,20240216,2024-02-16 07:39:15,482,2,1,Buenos Aires,5040.0,0.0,29040.0
1000008918,20250424,2025-04-24 15:52:05,413,2,3,Santa Fe,14663.25,0.0,84488.25
1000008919,20241114,2024-11-14 18:42:45,891,1,3,Santa Fe,6284.25,900.0,37109.25
1000008920,20240930,2024-09-30 05:22:30,310,1,1,Buenos Aires,10683.22,0.0,61555.72
1000008921,20240126,2024-01-26 06:03:48,1279,1,1,Buenos Aires,2992.5,0.0,17242.5
1000008922,20250925,2025-09-25 11:04:12,223,2,1,Buenos Aires,8334.9,0.0,48024.9
1000008923,20240828,2024-08-28 20:26:33,173,1,2,Córdoba,8316.0,1500.0,49416.0
1000008924,20240312,2024-03-12 14:08:55,1302,1,3,Santa Fe,3241.35,1200.0,19876.35
1000008925,20241023,2024-10-23 23:57:36,454,2,4,Mendoza,8505.0,0.0,49005.0
1000008926,20241012,2024-10-12 10:29:55,559,2,4,Mendoza,10558.8,0.0,60838.8
1000008927,20250701,2025-07-01 18:22:42,894,2,2,Córdoba,2268.0,0.0,13068.0
1000008928,20240415,2024-04-15 19:33:21,805,1,3,Santa Fe,4939.2,1200.0,29659.2
1000008929,20250323,2025-03-23 10:29:42,1037,1,2,Córdoba,10678.5,0.0,61528.5
1000008930,20240525,2024-05-25 01:44:20,743,2,3,Santa Fe,4309.2,0.0,24829.2
1000008931,20250203,2025-02-03 20:48:17,1413,1,1,Buenos Aires,2551.5,0.0,14701.5
1000008932,20240604,2024-06-04 10:02:43,386,1,2,Córdoba,4788.0,900.0,28488.0
1000008933,20250305,2025-03-05 14:11:47,1004,1,1,Buenos Aires,5670.0,900.0,33570.0
1000008934,20250302,2025-03-02 07:17:40,318,2,1,Buenos Aires,4536.0,0.0,26136.0
1000008935,20240123,2024-01-23 02:36:19,7,1,1,Buenos Aires,2154.6,1500.0,13914.6
1000008936,20241008,2024-10-08 13:05:55,1453,2,3,Santa Fe,7560.0,0.0,43560.0
1000008937,20240521,2024-05-21 09:23:36,1167,1,3,Santa Fe,8930.25,1200.0,52655.25
1000008938,20240517,2024-05-17 01:04:30,1248,1,1,Buenos Aires,4939.2,1500.0,29959.2
1000008939,20241216,2024-12-16 18:51:24,1184,1,1,Buenos Aires,5433.12,900.0,32205.12
1000008940,20240102,2024-01-02 05:31:16,129,2,4,Mendoza,4788.0,0.0,27588.0
1000008941,20250708,2025-07-08 15:37:24,69,1,2,Córdoba,7900.2,1200.0,46720.2
1000008942,20240907,2024-09-07 09:27:38,1362,1,2,Córdoba,8505.0,0.0,49005.0
1000008943,20241117,2024-11-17 15:21:48,683,2,4,Mendoza,11566.8,0.0,66646.8
1000008944,20250126,2025-01-26 23:51:42,49,1,1,Buenos Aires,2520.0,1500.0,16020.0
1000008945,20240430,2024-04-30 22:17:45,679,1,1,Buenos Aires,5670.0,900.0,33570.0
1000008946,20250313,2025-03-13 05:44:15,117,2,4,Mendoza,9261.0,0.0,53361.0
1000008947,20240520,2024-05-20 02:22:40,621,2,3,Santa Fe,3087.0,0.0,17787.0
1000008948,20250324,2025-03-24 13:09:38,1395,1,4,Mendoza,5985.0,1500.0,35985.0
1000008949,20240123,2024-01-23 07:25:07,271,1,1,Buenos Aires,10269.0,1200.0,60369.0
1000008950,20250924,2025-09-24 10:09:34,1275,1,1,Buenos Aires,7484.4,0.0,43124.4
1000008951,20250525,2025-05-25 07:41:15,539,1,2,Córdoba,7408.8,1200.0,43888.8
1000008952,20240903,2024-09-03 01:26:41,541,1,2,Córdoba,8026.2,0.0,46246.2
1000008953,20250329,2025-03-29 08:26:53,791,1,1,Buenos Aires,2222.64,900.0,13706.64
1000008954,20250505,2025-05-05 14:24:27,864,1,2,Córdoba,4536.0,1200.0,27336.0
1000008955,20250330,2025-03-30 13:01:58,1171,1,1,Buenos Aires,4634.28,900.0,27602.28
1000008956,20240109,2024-01-09 22:17:17,331,2,3,Santa Fe,7182.0,0.0,41382.0
1000008957,20250820,2025-08-20 09:12:35,468,2,3,Santa Fe,13482.0,0.0,77682.0
1000008958,20250729,2025-07-29 01:25:38,722,1,2,Córdoba,6123.6,0.0,35283.6
1000008959,20240920,2024-09-20 09:42:58,586,1,2,Córdoba,6463.8,900.0,38143.8
1000008960,20240802,2024-08-02 06:41:46,490,1,1,Buenos Aires,7560.0,900.0,44460.0
1000008961,20240110,2024-01-10 22:51:51,527,1,1,Buenos Aires,3307.5,0.0,19057.5
1000008962,20241225,2024-12-25 08:06:26,1418,2,4,Mendoza,10010.7,0.0,57680.7
1000008963,20240415,2024-04-15 17:51:05,216,1,1,Buenos Aires,8505.0,900.0,49905.0
1000008964,20240121,2024-01-21 12:29:10,1273,1,1,Buenos Aires,14080.5,1200.0,82330.5
1000008965,20250227,2025-02-27 22:01:38,262,1,2,Córdoba,10810.8,900.0,63190.8
1000008966,20241109,2024-11-09 07:15:56,118,2,3,Santa Fe,2772.0,0.0,15972.0
1000008967,20240826,2024-08-26 10:40:21,899,1,2,Córdoba,10187.1,0.0,58697.1
1000008968,20250212,2025-02-12 14:28:04,861,1,1,Buenos Aires,8334.9,1200.0,49224.9
1000008969,20240511,2024-05-11 12:22:55,337,1,1,Buenos Aires,2394.0,900.0,14694.0
1000008970,20241222,2024-12-22 21:07:23,1434,2,4,Mendoza,6804.0,0.0,39204.0
1000008971,20250614,2025-06-14 08:18:42,1379,1,2,Córdoba,8334.9,1200.0,49224.9
1000008972,20240707,2024-07-07 08:18:20,923,1,2,Córdoba,9355.5,1200.0,55105.5
1000008973,20250707,2025-07-07 05:17:19,741,2,3,Santa Fe,3118.5,0.0,17968.5
1000008974,20250713,2025-07-13 16:54:40,160,1,1,Buenos Aires,10710.0,1200.0,62910.0
1000008975,20250819,2025-08-19 01:17:52,721,1,1,Buenos Aires,2835.0,1200.0,17535.0
1000008976,20240116,2024-01-16 23:46:19,524,2,4,Mendoza,10495.8,0.0,60475.8
1000008977,20250416,2025-04-16 06:06:59,1042,1,1,Buenos Aires,7994.7,0.0,46064.7
1000008978,20240824,2024-08-24 08:44:34,768,1,2,Córdoba,6482.7,1200.0,38552.7
1000008979,20250422,2025-04-22 19:04:05,949,2,3,Santa Fe,2520.0,0.0,14520.0
1000008980,20240803,2024-08-03 01:18:38,1427,1,1,Buenos Aires,2394.0,1200.0,14994.0
1000008981,20250110,2025-01-10 06:21:07,477,1,2,Córdoba,2268.0,1200.0,14268.0
1000008982,20250401,2025-04-01 20:11:46,44,2,4,Mendoza,2268.0,0.0,13068.0
1000008983,20241223,2024-12-23 05:06:33,184,1,4,Mendoza,9450.0,900.0,55350.0
1000008984,20240211,2024-02-11 07:02:49,78,1,1,Buenos Aires,5670.0,900.0,33570.0
1000008985,20240716,2024-07-16 07:15:44,1378,2,2,Córdoba,9828.0,0.0,56628.0
1000008986,20240709,2024-07-09 00:33:28,168,1,1,Buenos Aires,7182.0,1500.0,42882.0
1000008987,20240619,2024-06-19 05:46:03,806,2,2,Córdoba,6583.5,0.0,37933.5
1000008988,20250929,2025-09-29 15:12:29,1149,1,1,Buenos Aires,10521.0,0.0,60621.0
1000008989,20240108,2024-01-08 20:39:41,460,1,1,Buenos Aires,5953.5,1200.0,35503.5
1000008990,20250822,2025-08-22 19:53:24,804,2,4,Mendoza,6804.0,0.0,39204.0
1000008991,20250920,2025-09-20 11:44:11,917,1,3,Santa Fe,4536.0,900.0,27036.0
1000008992,20250215,2025-02-15 12:57:11,416,2,1,Buenos Aires,8505.0,0.0,49005.0
1000008993,20240528,2024-05-28 09:51:13,1070,2,1,Buenos Aires,6667.92,0.0,38419.92
1000008994,20250131,2025-01-31 05:15:14,1219,2,4,Mendoza,7560.0,0.0,43560.0
1000008995,20250625,2025-06-25 05:20:17,246,2,2,Córdoba,2551.5,0.0,14701.5
1000008996,20250428,2025-04-28 04:44:58,960,2,1,Buenos Aires,8473.5,0.0,48823.5
1000008997,20240122,2024-01-22 17:49:46,1250,1,4,Mendoza,8505.0,1500.0,50505.0
1000008998,20250307,2025-03-07 05:49:07,1317,1,1,Buenos Aires,17060.4,900.0,99200.4
1000008999,20250224,2025-02-24 17:07:11,361,1,2,Córdoba,5670.0,900.0,33570.0
1000009000,20240825,2024-08-25 03:52:32,196,2,3,Santa Fe,7182.0,0.0,41382.0
1000009001,20240506,2024-05-06 17:49:20,75,2,1,Buenos Aires,6123.6,0.0,35283.6
1000009002,20250724,2025-07-24 23:20:30,513,1,1,Buenos Aires,3087.0,1200.0,18987.0
1000009003,20250625,2025-06-25 21:34:38,947,1,2,Córdoba,5040.0,900.0,29940.0
1000009004,20241013,2024-10-13 17:45:48,432,1,4,Mendoza,7182.0,1200.0,42582.0
1000009005,20241203,2024-12-03 07:15:53,831,1,1,Buenos Aires,2394.0,900.0,14694.0
1000009006,20250101,2025-01-01 08:34:53,1231,1,3,Santa Fe,6667.92,1200.0,39619.92
1000009007,20240728,2024-07-28 03:15:02,1408,1,1,Buenos Aires,9613.8,1200.0,56593.8
1000009008,20240425,2024-04-25 16:15:59,266,2,3,Santa Fe,7761.6,0.0,44721.6
1000009009,20241217,2024-12-17 02:06:55,1213,2,1,Buenos Aires,5215.14,0.0,30049.14
1000009010,20250319,2025-03-19 11:05:37,1286,1,1,Buenos Aires,5670.0,1200.0,33870.0
1000009011,20240718,2024-07-18 08:08:29,1129,1,4,Mendoza,12348.0,0.0,71148.0
1000009012,20240920,2024-09-20 04:24:07,1369,1,4,Mendoza,11510.1,0.0,66320.1
1000009013,20240624,2024-06-24 17:30:09,296,2,1,Buenos Aires,2633.4,0.0,15173.4
1000009014,20250715,2025-07-15 00:37:09,196,1,1,Buenos Aires,6174.0,900.0,36474.0
1000009015,20250322,2025-03-22 05:45:07,695,2,2,Córdoba,11921.18,0.0,68688.68
1000009016,20241101,2024-11-01 19:49:57,914,2,3,Santa Fe,6583.5,0.0,37933.5
1000009017,20250819,2025-08-19 20:50:11,1124,1,3,Santa Fe,14628.6,900.0,85188.6
1000009018,20250407,2025-04-07 11:47:44,629,2,1,Buenos Aires,4781.7,0.0,27551.7
1000009019,20240629,2024-06-29 10:21:13,1234,2,1,Buenos Aires,17229.24,0.0,99273.24
1000009020,20250921,2025-09-21 22:07:10,1129,2,1,Buenos Aires,6284.25,0.0,36209.25
1000009021,20250817,2025-08-17 01:21:57,867,2,1,Buenos Aires,9072.0,0.0,52272.0
1000009022,20241018,2024-10-18 07:46:40,468,1,1,Buenos Aires,4536.0,900.0,27036.0
1000009023,20240824,2024-08-24 07:10:51,317,1,4,Mendoza,6804.0,1500.0,40704.0
1000009024,20241113,2024-11-13 09:48:01,619,1,2,Córdoba,7654.5,1500.0,45604.5
1000009025,20250320,2025-03-20 11:22:58,1269,1,1,Buenos Aires,5670.0,900.0,33570.0
1000009026,20241017,2024-10-17 20:38:30,1416,1,1,Buenos Aires,10987.2,900.0,64207.2
1000009027,20250726,2025-07-26 05:58:31,747,1,2,Córdoba,2154.6,1500.0,13914.6
1000009028,20250302,2025-03-02 13:38:17,493,1,1,Buenos Aires,13986.0,900.0,81486.0
1000009029,20240914,2024-09-14 16:45:10,1170,1,4,Mendoza,9752.4,1200.0,57392.4
1000009030,20250125,2025-01-25 11:35:25,1068,1,1,Buenos Aires,5556.6,900.0,32916.6
1000009031,20250722,2025-07-22 23:09:11,1416,1,1,Buenos Aires,9261.0,900.0,54261.0
1000009032,20250424,2025-04-24 11:45:52,818,2,2,Córdoba,4989.6,0.0,28749.6
1000009033,20240308,2024-03-08 01:10:19,212,2,4,Mendoza,9355.5,0.0,53905.5
1000009034,20250702,2025-07-02 05:14:18,1196,2,2,Córdoba,16299.36,0.0,93915.36
1000009035,20240218,2024-02-18 18:57:01,336,2,4,Mendoza,8505.0,0.0,49005.0
1000009036,20240619,2024-06-19 20:22:06,205,1,2,Córdoba,9576.0,900.0,56076.0
1000009037,20241221,2024-12-21 13:29:38,667,1,1,Buenos Aires,8977.5,1200.0,52927.5
1000009038,20240831,2024-08-31 14:31:24,1390,1,1,Buenos Aires,5040.0,1200.0,30240.0
1000009039,20240904,2024-09-04 12:07:14,597,1,1,Buenos Aires,11340.0,1500.0,66840.0
1000009040,20250423,2025-04-23 04:05:59,1290,2,2,Córdoba,4939.2,0.0,28459.2
1000009041,20250625,2025-06-25 17:22:39,594,1,1,Buenos Aires,16839.9,1200.0,98229.9
1000009042,20241120,2024-11-20 18:51:42,1192,1,2,Córdoba,9450.0,900.0,55350.0
1000009043,20250823,2025-08-23 18:23:46,86,1,1,Buenos Aires,9875.25,1200.0,58100.25
1000009044,20241118,2024-11-18 07:01:44,178,1,1,Buenos Aires,2835.0,1200.0,17535.0
1000009045,20250719,2025-07-19 07:31:16,659,2,2,Córdoba,7408.8,0.0,42688.8
1000009046,20250401,2025-04-01 00:52:11,349,2,3,Santa Fe,4309.2,0.0,24829.2
1000009047,20240412,2024-04-12 18:45:19,653,1,2,Córdoba,2520.0,1200.0,15720.0
1000009048,20240506,2024-05-06 09:56:34,984,1,1,Buenos Aires,8977.5,1200.0,52927.5
1000009049,20240919,2024-09-19 08:58:18,1397,1,4,Mendoza,11592.0,900.0,67692.0
1000009050,20240402,2024-04-02 21:45:17,400,2,3,Santa Fe,12537.0,0.0,72237.0
1000009051,20250616,2025-06-16 21:39:03,1227,2,3,Santa Fe,2469.6,0.0,14229.6
1000009052,20250317,2025-03-17 09:05:03,714,1,1,Buenos Aires,16881.48,900.0,98169.48
1000009053,20240329,2024-03-29 12:08:04,677,1,1,Buenos Aires,9450.0,900.0,55350.0
1000009054,20250901,2025-09-01 20:01:53,145,1,2,Córdoba,5433.12,1200.0,32505.12
1000009055,20240111,2024-01-11 09:38:40,1366,2,4,Mendoza,9450.0,0.0,54450.0
1000009056,20241004,2024-10-04 01:50:13,824,2,2,Córdoba,2154.6,0.0,12414.6
1000009057,20250401,2025-04-01 18:22:52,1165,1,2,Córdoba,2992.5,1500.0,18742.5
1000009058,20241017,2024-10-17 09:29:48,1158,1,4,Mendoza,2551.5,1200.0,15901.5
1000009059,20240423,2024-04-23 12:31:23,1410,1,4,Mendoza,7182.0,0.0,41382.0
1000009060,20250810,2025-08-10 05:00:28,952,1,1,Buenos Aires,3150.0,0.0,18150.0
1000009061,20241109,2024-11-09 23:05:37,709,1,2,Córdoba,9878.4,0.0,56918.4
1000009062,20250429,2025-04-29 13:02:01,1029,1,1,Buenos Aires,4788.0,1200.0,28788.0
1000009063,20240602,2024-06-02 10:30:30,1392,2,1,Buenos Aires,2693.25,0.0,15518.25
1000009064,20240521,2024-05-21 14:03:49,1020,2,1,Buenos Aires,2835.0,0.0,16335.0
1000009065,20250125,2025-01-25 00:04:20,649,1,1,Buenos Aires,9072.0,0.0,52272.0
1000009066,20240710,2024-07-10 04:33:40,21,1,1,Buenos Aires,6174.0,900.0,36474.0
1000009067,20241123,2024-11-23 03:09:33,459,1,2,Córdoba,3307.5,0.0,19057.5
1000009068,20241101,2024-11-01 01:20:30,322,2,3,Santa Fe,5103.0,0.0,29403.0
1000009069,20240918,2024-09-18 06:18:41,446,2,1,Buenos Aires,5985.0,0.0,34485.0
1000009070,20240620,2024-06-20 16:02:23,589,2,3,Santa Fe,5040.0,0.0,29040.0
1000009071,20250520,2025-05-20 09:20:26,1377,2,3,Santa Fe,9450.0,0.0,54450.0
1000009072,20250204,2025-02-04 02:18:40,352,1,1,Buenos Aires,2693.25,1200.0,16718.25
1000009073,20250729,2025-07-29 07:58:07,895,1,3,Santa Fe,5556.6,1500.0,33516.6
1000009074,20240710,2024-07-10 18:32:36,785,2,1,Buenos Aires,9261.0,0.0,53361.0
1000009075,20241207,2024-12-07 22:38:14,1338,1,2,Córdoba,8505.0,1200.0,50205.0
1000009076,20240508,2024-05-08 16:02:53,587,2,3,Santa Fe,7560.0,0.0,43560.0
1000009077,20240913,2024-09-13 21:55:47,69,2,4,Mendoza,2268.0,0.0,13068.0
1000009078,20250204,2025-02-04 03:52:17,1370,2,2,Córdoba,3465.0,0.0,19965.0
1000009079,20240521,2024-05-21 15:39:14,1143,1,2,Córdoba,13139.28,1200.0,76907.28
1000009080,20250227,2025-02-27 02:24:02,768,1,2,Córdoba,3087.0,900.0,18687.0
1000009081,20240214,2024-02-14 13:26:16,1440,1,4,Mendoza,2222.64,900.0,13706.64
1000009082,20240426,2024-04-26 03:58:44,319,1,3,Santa Fe,6667.92,0.0,38419.92
1000009083,20240130,2024-01-30 08:02:19,1300,2,1,Buenos Aires,6804.0,0.0,39204.0
1000009084,20240702,2024-07-02 05:51:55,488,1,1,Buenos Aires,2520.0,900.0,15420.0
1000009085,20240601,2024-06-01 22:10:48,1192,2,1,Buenos Aires,4624.2,0.0,26644.2
1000009086,20241015,2024-10-15 15:43:31,1394,1,1,Buenos Aires,16821.0,1500.0,98421.0
1000009087,20240708,2024-07-08 10:35:45,286,2,4,Mendoza,5027.4,0.0,28967.4
1000009088,20241221,2024-12-21 20:12:43,267,2,2,Córdoba,2041.2,0.0,11761.2
1000009089,20250721,2025-07-21 22:50:47,1273,1,4,Mendoza,6174.0,1200.0,36774.0
1000009090,20240203,2024-02-03 16:49:56,573,1,1,Buenos Aires,6804.0,900.0,40104.0
1000009091,20240528,2024-05-28 07:31:20,1328,1,1,Buenos Aires,8977.5,1500.0,53227.5
1000009092,20240910,2024-09-10 06:18:18,445,1,3,Santa Fe,8505.0,0.0,49005.0
1000009093,20250727,2025-07-27 17:49:09,185,2,3,Santa Fe,7459.2,0.0,42979.2
1000009094,20241214,2024-12-14 17:25:41,38,2,4,Mendoza,8977.5,0.0,51727.5
1000009095,20241007,2024-10-07 14:30:55,203,2,1,Buenos Aires,5040.0,0.0,29040.0
1000009096,20240812,2024-08-12 02:49:40,669,1,4,Mendoza,9198.0,0.0,52998.0
1000009097,20250803,2025-08-03 20:42:02,21,1,2,Córdoba,2469.6,1200.0,15429.6
1000009098,20250823,2025-08-23 17:15:34,114,2,2,Córdoba,2469.6,0.0,14229.6
1000009099,20241006,2024-10-06 08:59:29,1186,1,1,Buenos Aires,9891.0,900.0,57891.0
1000009100,20240612,2024-06-12 16:34:24,680,1,2,Córdoba,7182.0,0.0,41382.0
1000009101,20250123,2025-01-23 22:39:35,1336,1,1,Buenos Aires,9450.0,0.0,54450.0
1000009102,20240806,2024-08-06 14:21:10,1253,1,2,Córdoba,17110.8,1200.0,99790.8
1000009103,20240815,2024-08-15 11:09:34,722,2,3,Santa Fe,16229.43,0.0,93512.43
1000009104,20240423,2024-04-23 02:16:10,73,1,1,Buenos Aires,4788.0,1200.0,28788.0
1000009105,20240125,2024-01-25 23:48:56,1374,1,1,Buenos Aires,4939.2,0.0,28459.2
1000009106,20250909,2025-09-09 14:12:21,490,2,2,Córdoba,4939.2,0.0,28459.2
1000009107,20250516,2025-05-16 15:05:02,711,1,3,Santa Fe,6174.0,1200.0,36774.0
1000009108,20250125,2025-01-25 13:24:24,847,1,2,Córdoba,6615.0,1200.0,39315.0
1000009109,20240207,2024-02-07 11:50:04,533,2,3,Santa Fe,2772.0,0.0,15972.0
1000009110,20240824,2024-08-24 05:13:55,897,2,4,Mendoza,13387.5,0.0,77137.5
1000009111,20241101,2024-11-01 04:51:36,1169,1,1,Buenos Aires,7408.8,1500.0,44188.8
1000009112,20241029,2024-10-29 15:42:41,165,1,1,Buenos Aires,6300.0,1500.0,37800.0
1000009113,20240620,2024-06-20 17:09:09,566,1,1,Buenos Aires,4788.0,900.0,28488.0
1000009114,20240308,2024-03-08 02:49:03,1221,2,4,Mendoza,4762.8,0.0,27442.8
1000009115,20240525,2024-05-25 02:18:47,429,2,1,Buenos Aires,9261.0,0.0,53361.0
1000009116,20240612,2024-06-12 13:10:19,654,2,4,Mendoza,3087.0,0.0,17787.0
1000009117,20250103,2025-01-03 20:53:18,1375,2,1,Buenos Aires,7938.0,0.0,45738.0
1000009118,20250512,2025-05-12 23:26:40,805,1,1,Buenos Aires,16386.3,1500.0,95916.3
1000009119,20240802,2024-08-02 05:54:02,264,1,1,Buenos Aires,5953.5,900.0,35203.5
1000009120,20250525,2025-05-25 08:25:36,1085,2,4,Mendoza,3087.0,0.0,17787.0
1000009121,20250623,2025-06-23 21:16:33,785,1,1,Buenos Aires,6804.0,1200.0,40404.0
1000009122,20240501,2024-05-01 08:09:51,800,1,1,Buenos Aires,20468.7,1200.0,119138.7
1000009123,20240603,2024-06-03 19:54:41,866,2,2,Córdoba,4939.2,0.0,28459.2
1000009124,20241206,2024-12-06 22:21:29,1088,2,2,Córdoba,2268.0,0.0,13068.0
1000009125,20241021,2024-10-21 03:39:11,1322,2,1,Buenos Aires,13211.1,0.0,76121.1
1000009126,20240725,2024-07-25 09:56:33,1083,1,1,Buenos Aires,13129.2,1200.0,76849.2
1000009127,20250911,2025-09-11 19:14:22,1135,1,3,Santa Fe,6839.28,0.0,39407.28
1000009128,20240829,2024-08-29 12:22:34,985,2,1,Buenos Aires,11497.5,0.0,66247.5
1000009129,20241223,2024-12-23 13:29:26,571,1,1,Buenos Aires,4762.8,1200.0,28642.8
1000009130,20250601,2025-06-01 10:00:21,1105,1,2,Córdoba,5197.5,1200.0,31147.5
1000009131,20240826,2024-08-26 10:02:05,772,1,1,Buenos Aires,11072.25,900.0,64697.25
1000009132,20241007,2024-10-07 12:22:12,1097,1,1,Buenos Aires,5040.0,1200.0,30240.0
1000009133,20250924,2025-09-24 11:01:41,1274,1,2,Córdoba,13356.0,900.0,77856.0
1000009134,20240718,2024-07-18 09:21:06,972,1,1,Buenos Aires,5266.8,1200.0,31546.8
1000009135,20240131,2024-01-31 08:13:22,1298,2,4,Mendoza,8505.0,0.0,49005.0
1000009136,20241110,2024-11-10 19:36:19,257,2,2,Córdoba,5355.0,0.0,30855.0
1000009137,20250103,2025-01-03 19:39:01,1326,2,4,Mendoza,3142.12,0.0,18104.62
1000009138,20241216,2024-12-16 15:36:23,814,2,3,Santa Fe,2268.0,0.0,13068.0
1000009139,20240125,2024-01-25 22:52:24,838,1,3,Santa Fe,8079.75,900.0,47454.75
1000009140,20250617,2025-06-17 05:35:44,938,1,4,Mendoza,2835.0,900.0,17235.0
1000009141,20250710,2025-07-10 04:22:55,209,1,4,Mendoza,5040.0,900.0,29940.0
1000009142,20240204,2024-02-04 01:49:07,1318,1,1,Buenos Aires,10243.8,900.0,59923.8
1000009143,20240120,2024-01-20 13:54:57,1041,2,2,Córdoba,5607.0,0.0,32307.0
1000009144,20250112,2025-01-12 11:43:28,568,1,1,Buenos Aires,7056.0,1200.0,41856.0
1000009145,20250815,2025-08-15 19:19:24,884,2,2,Córdoba,11245.5,0.0,64795.5
1000009146,20250809,2025-08-09 04:23:19,465,2,2,Córdoba,2835.0,0.0,16335.0
1000009147,20250706,2025-07-06 09:14:48,436,1,2,Córdoba,13444.2,1200.0,78664.2
1000009148,20250218,2025-02-18 13:06:30,1246,1,2,Córdoba,10420.2,900.0,60940.2
1000009149,20240219,2024-02-19 06:49:31,436,2,4,Mendoza,4989.6,0.0,28749.6
1000009150,20250201,2025-02-01 15:21:46,407,2,2,Córdoba,8930.25,0.0,51455.25
1000009151,20241129,2024-11-29 15:16:26,625,1,2,Córdoba,6174.0,900.0,36474.0
1000009152,20240810,2024-08-10 20:16:53,987,1,3,Santa Fe,7182.0,0.0,41382.0
1000009153,20240421,2024-04-21 10:35:13,811,2,4,Mendoza,12285.0,0.0,70785.0
1000009154,20250501,2025-05-01 04:37:39,537,1,3,Santa Fe,2520.0,1200.0,15720.0
1000009155,20250812,2025-08-12 02:21:03,1346,1,3,Santa Fe,3150.0,900.0,19050.0
1000009156,20240830,2024-08-30 03:51:51,1117,2,3,Santa Fe,8448.3,0.0,48678.3
1000009157,20250718,2025-07-18 09:00:03,140,1,1,Buenos Aires,6804.0,900.0,40104.0
1000009158,20250514,2025-05-14 03:28:29,209,1,2,Córdoba,3395.7,900.0,20465.7
1000009159,20250122,2025-01-22 11:25:01,1466,2,3,Santa Fe,11056.5,0.0,63706.5
1000009160,20241220,2024-12-20 16:34:00,1260,2,1,Buenos Aires,8820.0,0.0,50820.0
1000009161,20241017,2024-10-17 05:55:17,247,1,1,Buenos Aires,5040.0,900.0,29940.0
1000009162,20241228,2024-12-28 14:20:12,1267,1,1,Buenos Aires,4939.2,900.0,29359.2
1000009163,20250625,2025-06-25 16:42:35,327,2,1,Buenos Aires,8977.5,0.0,51727.5
1000009164,20240602,2024-06-02 18:29:55,735,1,2,Córdoba,11655.0,0.0,67155.0
1000009165,20241010,2024-10-10 07:00:00,779,1,1,Buenos Aires,7900.2,900.0,46420.2
1000009166,20240621,2024-06-21 21:40:21,1270,2,2,Córdoba,5386.5,0.0,31036.5
1000009167,20240917,2024-09-17 15:31:22,1316,1,1,Buenos Aires,12789.0,900.0,74589.0
1000009168,20240312,2024-03-12 16:41:42,323,2,2,Córdoba,11869.2,0.0,68389.2
1000009169,20240417,2024-04-17 04:57:18,1414,1,3,Santa Fe,7560.0,1200.0,44760.0
1000009170,20250512,2025-05-12 17:22:29,666,1,1,Buenos Aires,4445.28,1200.0,26813.28
1000009171,20240308,2024-03-08 23:00:39,408,2,3,Santa Fe,9075.78,0.0,52293.78
1000009172,20241203,2024-12-03 12:48:05,1141,1,1,Buenos Aires,9777.6,900.0,57237.6
1000009173,20241017,2024-10-17 23:25:29,1444,1,1,Buenos Aires,9426.38,1500.0,55813.88
1000009174,20250929,2025-09-29 05:50:17,1174,2,1,Buenos Aires,2520.0,0.0,14520.0
1000009175,20250122,2025-01-22 19:30:08,284,1,1,Buenos Aires,2469.6,900.0,15129.6
1000009176,20240416,2024-04-16 04:39:40,601,1,2,Córdoba,7408.8,900.0,43588.8
1000009177,20250509,2025-05-09 06:42:21,664,1,2,Córdoba,11223.45,0.0,64668.45
1000009178,20241018,2024-10-18 05:39:33,50,2,3,Santa Fe,8164.8,0.0,47044.8
1000009179,20240113,2024-01-13 13:44:32,878,1,2,Córdoba,6804.0,900.0,40104.0
1000009180,20250515,2025-05-15 10:36:33,1004,1,1,Buenos Aires,4536.0,0.0,26136.0
1000009181,20250822,2025-08-22 14:10:33,180,1,2,Córdoba,4788.0,1200.0,28788.0
1000009182,20250322,2025-03-22 07:15:14,1384,1,1,Buenos Aires,11655.0,900.0,68055.0
1000009183,20241205,2024-12-05 11:09:29,575,2,3,Santa Fe,9802.8,0.0,56482.8
1000009184,20240519,2024-05-19 20:33:35,702,1,3,Santa Fe,5556.6,900.0,32916.6
1000009185,20240609,2024-06-09 13:54:51,396,2,3,Santa Fe,6463.8,0.0,37243.8
1000009186,20240502,2024-05-02 21:45:40,1388,2,3,Santa Fe,7819.56,0.0,45055.56
1000009187,20241013,2024-10-13 07:36:24,35,1,4,Mendoza,4309.2,1200.0,26029.2
1000009188,20240408,2024-04-08 15:48:40,840,1,1,Buenos Aires,2835.0,1500.0,17835.0
1000009189,20241003,2024-10-03 20:39:12,1458,2,4,Mendoza,3150.0,0.0,18150.0
1000009190,20250211,2025-02-11 05:23:15,528,1,2,Córdoba,7434.0,0.0,42834.0
1000009191,20240412,2024-04-12 03:30:43,320,1,2,Córdoba,2835.0,1200.0,17535.0
1000009192,20250228,2025-02-28 08:49:25,902,1,4,Mendoza,14079.24,0.0,81123.24
1000009193,20240804,2024-08-04 14:47:17,822,1,1,Buenos Aires,8127.0,900.0,47727.0
1000009194,20240907,2024-09-07 01:26:21,155,2,3,Santa Fe,2268.0,0.0,13068.0
1000009195,20240418,2024-04-18 09:21:56,1029,1,1,Buenos Aires,7408.8,1500.0,44188.8
1000009196,20240111,2024-01-11 16:40:18,137,2,4,Mendoza,4788.0,0.0,27588.0
1000009197,20240321,2024-03-21 06:18:46,1109,1,1,Buenos Aires,5304.6,1500.0,32064.6
1000009198,20240110,2024-01-10 19:47:14,451,1,1,Buenos Aires,8946.0,900.0,52446.0
1000009199,20240402,2024-04-02 02:46:40,610,2,3,Santa Fe,4536.0,0.0,26136.0
1000009200,20250606,2025-06-06 18:39:07,1469,1,4,Mendoza,9355.5,0.0,53905.5
1000009201,20240421,2024-04-21 02:11:15,313,1,1,Buenos Aires,2268.0,900.0,13968.0
1000009202,20250912,2025-09-12 07:10:29,61,2,1,Buenos Aires,9727.2,0.0,56047.2
1000009203,20250804,2025-08-04 19:11:39,717,2,3,Santa Fe,6284.25,0.0,36209.25
1000009204,20250608,2025-06-08 17:39:28,83,2,3,Santa Fe,2551.5,0.0,14701.5
1000009205,20240907,2024-09-07 20:48:10,214,1,1,Buenos Aires,8505.0,900.0,49905.0
1000009206,20240608,2024-06-08 07:24:34,1298,1,2,Córdoba,6300.0,900.0,37200.0
1000009207,20240605,2024-06-05 19:38:31,1131,1,2,Córdoba,12576.38,900.0,73363.88
1000009208,20240127,2024-01-27 18:16:07,416,1,1,Buenos Aires,4082.4,1200.0,24722.4
1000009209,20250211,2025-02-11 09:13:51,914,1,1,Buenos Aires,9261.0,900.0,54261.0
1000009210,20250215,2025-02-15 02:30:11,469,1,4,Mendoza,5506.2,0.0,31726.2
1000009211,20250127,2025-01-27 18:07:31,1153,1,4,Mendoza,20374.2,1200.0,118594.2
1000009212,20250220,2025-02-20 01:42:06,795,1,2,Córdoba,5670.0,900.0,33570.0
1000009213,20240202,2024-02-02 12:30:07,138,1,2,Córdoba,5386.5,900.0,31936.5
1000009214,20240421,2024-04-21 04:01:45,922,2,4,Mendoza,3150.0,0.0,18150.0
1000009215,20240507,2024-05-07 09:37:20,146,2,3,Santa Fe,11025.0,0.0,63525.0
1000009216,20250124,2025-01-24 15:07:35,37,1,4,Mendoza,6300.0,1200.0,37500.0
1000009217,20240313,2024-03-13 03:43:44,88,1,2,Córdoba,2520.0,900.0,15420.0
1000009218,20240925,2024-09-25 19:08:59,206,1,4,Mendoza,4939.2,900.0,29359.2
1000009219,20240618,2024-06-18 17:23:52,1099,1,3,Santa Fe,11327.4,900.0,66167.4
1000009220,20250513,2025-05-13 09:53:04,1351,1,1,Buenos Aires,3307.5,1200.0,20257.5
1000009221,20250609,2025-06-09 14:51:11,497,1,3,Santa Fe,7541.1,900.0,44351.1
1000009222,20240501,2024-05-01 06:20:19,836,2,3,Santa Fe,7182.0,0.0,41382.0
1000009223,20241004,2024-10-04 17:38:57,1203,2,1,Buenos Aires,6804.0,0.0,39204.0
1000009224,20240801,2024-08-01 18:05:22,251,2,4,Mendoza,2835.0,0.0,16335.0
1000009225,20240730,2024-07-30 06:34:02,698,1,1,Buenos Aires,5670.0,900.0,33570.0
1000009226,20240111,2024-01-11 18:44:02,835,1,4,Mendoza,4536.0,1200.0,27336.0
1000009227,20241106,2024-11-06 22:42:02,11,2,4,Mendoza,6300.0,0.0,36300.0
1000009228,20240805,2024-08-05 04:19:43,699,2,2,Córdoba,8334.9,0.0,48024.9
1000009229,20241231,2024-12-31 22:29:37,9,1,2,Córdoba,6804.0,900.0,40104.0
1000009230,20240402,2024-04-02 12:22:38,561,1,2,Córdoba,10929.24,1200.0,64173.24
1000009231,20250620,2025-06-20 15:30:22,1143,2,3,Santa Fe,2494.8,0.0,14374.8
1000009232,20250304,2025-03-04 17:48:49,681,2,3,Santa Fe,5462.1,0.0,31472.1
1000009233,20240212,2024-02-12 09:44:37,668,1,1,Buenos Aires,3142.12,1500.0,19604.62
1000009234,20250809,2025-08-09 17:34:16,635,1,1,Buenos Aires,6804.0,1200.0,40404.0
1000009235,20240922,2024-09-22 05:22:07,284,1,1,Buenos Aires,11944.8,1500.0,70324.8
1000009236,20250530,2025-05-30 12:57:18,366,2,4,Mendoza,8731.8,0.0,50311.8
1000009237,20250726,2025-07-26 15:07:21,851,1,1,Buenos Aires,5386.5,1500.0,32536.5
1000009238,20240823,2024-08-23 01:03:49,1161,1,1,Buenos Aires,4309.2,1200.0,26029.2
1000009239,20241117,2024-11-17 07:07:26,1436,1,1,Buenos Aires,13749.75,0.0,79224.75
1000009240,20250629,2025-06-29 22:57:46,1326,2,4,Mendoza,13916.7,0.0,80186.7
1000009241,20240710,2024-07-10 20:06:10,49,1,1,Buenos Aires,7408.8,900.0,43588.8
1000009242,20250608,2025-06-08 13:52:31,4,1,1,Buenos Aires,7459.2,900.0,43879.2
1000009243,20250817,2025-08-17 00:37:02,855,2,3,Santa Fe,4536.0,0.0,26136.0
1000009244,20250126,2025-01-26 13:34:06,89,1,3,Santa Fe,8977.5,1500.0,53227.5
1000009245,20241111,2024-11-11 15:47:21,114,1,2,Córdoba,10269.0,0.0,59169.0
1000009246,20250626,2025-06-26 19:54:36,125,1,1,Buenos Aires,7560.0,1200.0,44760.0
1000009247,20250824,2025-08-24 12:06:06,96,1,4,Mendoza,5544.0,1200.0,33144.0
1000009248,20240805,2024-08-05 13:59:18,1378,2,4,Mendoza,12171.6,0.0,70131.6
1000009249,20250503,2025-05-03 01:01:44,175,2,1,Buenos Aires,7182.0,0.0,41382.0
1000009250,20240113,2024-01-13 08:51:34,1010,1,1,Buenos Aires,9520.56,1200.0,56056.56
1000009251,20240113,2024-01-13 08:30:34,384,1,4,Mendoza,7182.0,1500.0,42882.0
1000009252,20240808,2024-08-08 23:34:48,244,2,1,Buenos Aires,4788.0,0.0,27588.0
1000009253,20240402,2024-04-02 07:10:37,857,1,4,Mendoza,6174.0,0.0,35574.0
1000009254,20240816,2024-08-16 07:30:14,1255,1,1,Buenos Aires,7182.0,900.0,42282.0
1000009255,20250129,2025-01-29 18:35:31,346,2,4,Mendoza,2381.4,0.0,13721.4
1000009256,20240625,2024-06-25 20:12:32,828,1,2,Córdoba,9261.0,900.0,54261.0
1000009257,20240622,2024-06-22 15:30:51,1137,1,1,Buenos Aires,8079.75,0.0,46554.75
1000009258,20240729,2024-07-29 20:53:17,1098,1,2,Córdoba,16178.4,1500.0,94718.4
1000009259,20240827,2024-08-27 07:10:32,1055,2,3,Santa Fe,2551.5,0.0,14701.5
1000009260,20240108,2024-01-08 22:58:57,1216,2,3,Santa Fe,2520.0,0.0,14520.0
1000009261,20240324,2024-03-24 02:20:18,912,1,2,Córdoba,6205.5,900.0,36655.5
1000009262,20240609,2024-06-09 13:03:35,784,2,1,Buenos Aires,2646.0,0.0,15246.0
1000009263,20250122,2025-01-22 23:22:59,257,1,1,Buenos Aires,6174.0,900.0,36474.0
1000009264,20240718,2024-07-18 19:02:49,582,2,1,Buenos Aires,5985.0,0.0,34485.0
1000009265,20250108,2025-01-08 20:01:06,305,2,4,Mendoza,12383.28,0.0,71351.28
1000009266,20240811,2024-08-11 11:17:38,894,2,3,Santa Fe,7408.8,0.0,42688.8
1000009267,20241117,2024-11-17 02:47:18,656,2,3,Santa Fe,7408.8,0.0,42688.8
1000009268,20240426,2024-04-26 05:54:44,442,1,3,Santa Fe,7938.0,1200.0,46938.0
1000009269,20241004,2024-10-04 21:00:18,1229,1,1,Buenos Aires,5556.6,1500.0,33516.6
1000009270,20240711,2024-07-11 00:51:43,819,1,1,Buenos Aires,5186.16,1200.0,31082.16
1000009271,20250511,2025-05-11 21:00:05,193,1,1,Buenos Aires,7938.0,900.0,46638.0
1000009272,20250218,2025-02-18 06:03:30,432,2,4,Mendoza,5670.0,0.0,32670.0
1000009273,20250303,2025-03-03 07:45:33,1095,1,3,Santa Fe,11730.6,0.0,67590.6
1000009274,20240225,2024-02-25 22:23:37,781,2,4,Mendoza,3307.5,0.0,19057.5
1000009275,20240221,2024-02-21 20:32:13,562,1,2,Córdoba,3150.0,1200.0,19350.0
1000009276,20240328,2024-03-28 06:42:19,318,1,1,Buenos Aires,16008.3,900.0,93138.3
1000009277,20240909,2024-09-09 01:03:45,725,1,3,Santa Fe,7484.4,0.0,43124.4
1000009278,20240219,2024-02-19 14:26:09,746,1,1,Buenos Aires,8977.5,1500.0,53227.5
1000009279,20250526,2025-05-26 03:16:28,1214,2,1,Buenos Aires,5985.0,0.0,34485.0
1000009280,20250808,2025-08-08 06:58:55,302,1,1,Buenos Aires,11491.2,900.0,67111.2
1000009281,20241207,2024-12-07 00:51:50,913,2,1,Buenos Aires,13992.3,0.0,80622.3
1000009282,20240721,2024-07-21 22:38:40,1498,1,1,Buenos Aires,15516.9,900.0,90306.9
1000009283,20240922,2024-09-22 20:11:38,1274,2,2,Córdoba,3087.0,0.0,17787.0
1000009284,20241212,2024-12-12 10:55:47,916,1,4,Mendoza,2520.0,0.0,14520.0
1000009285,20240305,2024-03-05 07:20:25,882,1,2,Córdoba,10187.1,900.0,59597.1
1000009286,20240217,2024-02-17 13:48:51,740,1,1,Buenos Aires,9261.0,0.0,53361.0
1000009287,20240925,2024-09-25 19:15:40,353,1,3,Santa Fe,6174.0,1200.0,36774.0
1000009288,20240607,2024-06-07 07:53:49,1445,1,2,Córdoba,11844.0,1500.0,69744.0
1000009289,20240702,2024-07-02 05:47:52,1464,2,3,Santa Fe,9878.4,0.0,56918.4
1000009290,20240817,2024-08-17 14:25:41,760,2,3,Santa Fe,11012.4,0.0,63452.4
1000009291,20250107,2025-01-07 03:03:08,1328,1,3,Santa Fe,3087.0,900.0,18687.0
1000009292,20250619,2025-06-19 20:42:18,766,1,3,Santa Fe,6583.5,1200.0,39133.5
1000009293,20241107,2024-11-07 16:50:47,452,1,1,Buenos Aires,10073.7,0.0,58043.7
1000009294,20250526,2025-05-26 20:26:13,644,1,2,Córdoba,11718.0,1200.0,68718.0
1000009295,20250114,2025-01-14 14:01:17,804,2,2,Córdoba,9426.38,0.0,54313.88
1000009296,20250602,2025-06-02 00:28:49,830,1,1,Buenos Aires,5985.0,1500.0,35985.0
1000009297,20240121,2024-01-21 00:48:32,204,2,4,Mendoza,2976.75,0.0,17151.75
1000009298,20250314,2025-03-14 15:52:02,987,1,1,Buenos Aires,2646.0,1200.0,16446.0
1000009299,20241206,2024-12-06 07:29:33,427,2,3,Santa Fe,2394.0,0.0,13794.0
1000009300,20240216,2024-02-16 04:53:03,913,1,4,Mendoza,2268.0,900.0,13968.0
1000009301,20240724,2024-07-24 10:36:03,741,2,1,Buenos Aires,2268.0,0.0,13068.0
1000009302,20240310,2024-03-10 07:48:06,778,2,1,Buenos Aires,4536.0,0.0,26136.0
1000009303,20240514,2024-05-14 09:01:40,687,1,1,Buenos Aires,5244.75,900.0,31119.75
1000009304,20240705,2024-07-05 10:03:48,165,2,2,Córdoba,2778.3,0.0,16008.3
1000009305,20250912,2025-09-12 08:36:33,112,1,1,Buenos Aires,4536.0,900.0,27036.0
1000009306,20240128,2024-01-28 15:17:03,356,2,1,Buenos Aires,4939.2,0.0,28459.2
1000009307,20250916,2025-09-16 03:56:35,1246,1,1,Buenos Aires,13078.8,900.0,76258.8
1000009308,20250813,2025-08-13 06:42:11,729,1,1,Buenos Aires,10319.4,900.0,60359.4
1000009309,20241219,2024-12-19 14:38:22,862,2,3,Santa Fe,9875.25,0.0,56900.25
1000009310,20240112,2024-01-12 20:19:04,177,2,1,Buenos Aires,9857.92,0.0,56800.42
1000009311,20250719,2025-07-19 06:48:05,1100,1,3,Santa Fe,5040.0,0.0,29040.0
1000009312,20250531,2025-05-31 12:00:54,83,2,2,Córdoba,11447.1,0.0,65957.1
1000009313,20250919,2025-09-19 01:53:44,566,1,1,Buenos Aires,5670.0,1200.0,33870.0
1000009314,20250619,2025-06-19 12:37:43,715,1,3,Santa Fe,6300.0,900.0,37200.0
1000009315,20240917,2024-09-17 16:06:07,175,2,1,Buenos Aires,2593.08,0.0,14941.08
1000009316,20240821,2024-08-21 14:48:06,965,1,1,Buenos Aires,7553.7,1500.0,45023.7
1000009317,20240426,2024-04-26 04:09:13,840,2,4,Mendoza,2268.0,0.0,13068.0
1000009318,20241005,2024-10-05 19:33:14,211,2,4,Mendoza,7030.8,0.0,40510.8
1000009319,20250608,2025-06-08 11:42:07,1084,1,4,Mendoza,2835.0,1500.0,17835.0
1000009320,20250511,2025-05-11 19:47:12,860,1,3,Santa Fe,10395.0,0.0,59895.0
1000009321,20240221,2024-02-21 04:02:50,951,1,1,Buenos Aires,4788.0,900.0,28488.0
1000009322,20250930,2025-09-30 22:35:32,118,1,2,Córdoba,7408.8,900.0,43588.8
1000009323,20240711,2024-07-11 03:25:07,1294,1,1,Buenos Aires,2520.0,1200.0,15720.0
1000009324,20250729,2025-07-29 21:27:29,1052,2,2,Córdoba,5040.0,0.0,29040.0
1000009325,20240509,2024-05-09 16:55:11,615,2,3,Santa Fe,15309.0,0.0,88209.0
1000009326,20240806,2024-08-06 21:34:52,1152,2,2,Córdoba,6482.7,0.0,37352.7
1000009327,20241214,2024-12-14 09:44:39,781,2,2,Córdoba,5985.0,0.0,34485.0
1000009328,20240310,2024-03-10 01:24:37,298,1,1,Buenos Aires,2469.6,1200.0,15429.6
1000009329,20240404,2024-04-04 13:32:33,1011,1,2,Córdoba,7408.8,1200.0,43888.8
1000009330,20240921,2024-09-21 13:44:16,688,2,3,Santa Fe,11970.0,0.0,68970.0
1000009331,20241025,2024-10-25 05:25:48,526,1,1,Buenos Aires,4536.0,900.0,27036.0
1000009332,20240510,2024-05-10 21:59:24,730,1,2,Córdoba,8064.0,1200.0,47664.0
1000009333,20250627,2025-06-27 20:52:34,908,1,1,Buenos Aires,2513.7,900.0,15383.7
1000009334,20240703,2024-07-03 20:02:05,1302,1,4,Mendoza,12423.6,0.0,71583.6
1000009335,20241022,2024-10-22 11:19:37,510,2,4,Mendoza,6123.6,0.0,35283.6
1000009336,20240517,2024-05-17 07:17:14,971,2,3,Santa Fe,20034.0,0.0,115434.0
1000009337,20240429,2024-04-29 04:42:50,480,1,1,Buenos Aires,10395.0,900.0,60795.0
1000009338,20240626,2024-06-26 08:10:09,304,2,4,Mendoza,9790.2,0.0,56410.2
1000009339,20250523,2025-05-23 11:37:29,444,1,2,Córdoba,8977.5,1500.0,53227.5
1000009340,20240515,2024-05-15 03:35:59,1067,1,1,Buenos Aires,3465.0,1200.0,21165.0
1000009341,20240501,2024-05-01 20:17:41,708,1,1,Buenos Aires,8190.0,900.0,48090.0
1000009342,20240608,2024-06-08 23:15:21,262,2,2,Córdoba,7560.0,0.0,43560.0
1000009343,20240106,2024-01-06 03:49:59,114,2,4,Mendoza,3241.35,0.0,18676.35
1000009344,20250419,2025-04-19 07:23:21,573,2,1,Buenos Aires,9072.0,0.0,52272.0
1000009345,20250919,2025-09-19 01:57:57,423,2,2,Córdoba,5040.0,0.0,29040.0
1000009346,20250501,2025-05-01 11:37:09,1246,1,1,Buenos Aires,2551.5,1500.0,16201.5
1000009347,20240705,2024-07-05 00:08:01,375,2,1,Buenos Aires,17595.9,0.0,101385.9
1000009348,20240806,2024-08-06 07:13:40,378,1,4,Mendoza,4445.28,1200.0,26813.28
1000009349,20250909,2025-09-09 13:32:20,1025,2,1,Buenos Aires,6284.25,0.0,36209.25
1000009350,20250718,2025-07-18 00:28:50,1466,1,2,Córdoba,15309.0,1500.0,89709.0
1000009351,20241019,2024-10-19 03:43:32,1353,1,1,Buenos Aires,6804.0,900.0,40104.0
1000009352,20240322,2024-03-22 23:40:56,956,2,4,Mendoza,2469.6,0.0,14229.6
1000009353,20250624,2025-06-24 16:46:01,191,2,4,Mendoza,7314.3,0.0,42144.3
1000009354,20240522,2024-05-22 17:22:24,1085,2,2,Córdoba,8316.0,0.0,47916.0
1000009355,20250609,2025-06-09 11:55:09,979,2,1,Buenos Aires,10187.1,0.0,58697.1
1000009356,20241205,2024-12-05 07:28:55,1463,1,1,Buenos Aires,4536.0,900.0,27036.0
1000009357,20250609,2025-06-09 18:45:58,423,1,2,Córdoba,3150.0,1200.0,19350.0
1000009358,20240322,2024-03-22 08:07:03,770,1,1,Buenos Aires,12020.4,1500.0,70760.4
1000009359,20241125,2024-11-25 16:35:56,905,1,1,Buenos Aires,13204.8,0.0,76084.8
1000009360,20240902,2024-09-02 09:45:26,498,1,2,Córdoba,2154.6,1500.0,13914.6
1000009361,20250715,2025-07-15 10:31:24,105,1,1,Buenos Aires,2394.0,1200.0,14994.0
1000009362,20250707,2025-07-07 00:54:31,530,1,2,Córdoba,2381.4,900.0,14621.4
1000009363,20240524,2024-05-24 13:27:52,537,2,4,Mendoza,3307.5,0.0,19057.5
1000009364,20241217,2024-12-17 15:22:03,1199,2,2,Córdoba,6804.0,0.0,39204.0
1000009365,20240726,2024-07-26 12:41:42,1347,2,3,Santa Fe,7930.12,0.0,45692.62
1000009366,20241115,2024-11-15 12:51:09,173,1,1,Buenos Aires,5186.16,1200.0,31082.16
1000009367,20240516,2024-05-16 23:37:12,1026,2,4,Mendoza,13869.45,0.0,79914.45
1000009368,20240402,2024-04-02 23:12:55,850,2,4,Mendoza,9261.0,0.0,53361.0
1000009369,20240728,2024-07-28 17:19:39,736,1,2,Córdoba,6804.0,1200.0,40404.0
1000009370,20240109,2024-01-09 16:14:33,1339,2,3,Santa Fe,13324.5,0.0,76774.5
1000009371,20241119,2024-11-19 11:34:17,573,1,1,Buenos Aires,7182.0,1500.0,42882.0
1000009372,20250307,2025-03-07 23:12:36,1409,2,1,Buenos Aires,5953.5,0.0,34303.5
1000009373,20250414,2025-04-14 05:54:21,363,1,2,Córdoba,7408.8,900.0,43588.8
1000009374,20240830,2024-08-30 08:16:30,33,2,4,Mendoza,15309.0,0.0,88209.0
1000009375,20240923,2024-09-23 12:40:34,1433,2,4,Mendoza,8505.0,0.0,49005.0
1000009376,20241104,2024-11-04 15:42:07,873,2,2,Córdoba,11025.0,0.0,63525.0
1000009377,20241110,2024-11-10 23:35:06,270,1,1,Buenos Aires,11198.25,1200.0,65723.25
1000009378,20241128,2024-11-28 12:17:44,1328,1,3,Santa Fe,13267.8,0.0,76447.8
1000009379,20240929,2024-09-29 13:33:32,730,2,3,Santa Fe,9426.38,0.0,54313.88
1000009380,20250822,2025-08-22 19:52:05,116,2,3,Santa Fe,2394.0,0.0,13794.0
1000009381,20250627,2025-06-27 11:01:03,1485,1,2,Córdoba,2394.0,1200.0,14994.0
1000009382,20250108,2025-01-08 05:32:50,1405,2,3,Santa Fe,4788.0,0.0,27588.0
1000009383,20240214,2024-02-14 17:17:45,652,1,1,Buenos Aires,6804.0,1200.0,40404.0
1000009384,20240904,2024-09-04 00:57:26,979,1,3,Santa Fe,13595.4,1200.0,79535.4
1000009385,20250428,2025-04-28 23:32:32,275,1,2,Córdoba,8977.5,1200.0,52927.5
1000009386,20250629,2025-06-29 23:47:24,1131,2,3,Santa Fe,2520.0,0.0,14520.0
1000009387,20250706,2025-07-06 06:17:27,1108,1,2,Córdoba,7408.8,1200.0,43888.8
1000009388,20240520,2024-05-20 08:51:22,1176,1,1,Buenos Aires,9450.0,900.0,55350.0
1000009389,20240226,2024-02-26 20:49:15,1435,1,1,Buenos Aires,19057.5,1500.0,111307.5
1000009390,20241030,2024-10-30 17:29:06,872,1,4,Mendoza,8505.0,1200.0,50205.0
1000009391,20250311,2025-03-11 04:47:35,1098,1,1,Buenos Aires,5985.0,1200.0,35685.0
1000009392,20240102,2024-01-02 02:20:35,287,1,2,Córdoba,14004.9,900.0,81594.9
1000009393,20250901,2025-09-01 23:37:56,1496,2,1,Buenos Aires,7182.0,0.0,41382.0
1000009394,20250212,2025-02-12 05:13:54,712,2,3,Santa Fe,5556.6,0.0,32016.6
1000009395,20240824,2024-08-24 07:32:57,607,2,2,Córdoba,14968.8,0.0,86248.8
1000009396,20240906,2024-09-06 04:38:57,25,1,4,Mendoza,14364.0,1200.0,83964.0
1000009397,20240401,2024-04-01 03:58:24,571,2,2,Córdoba,7560.0,0.0,43560.0
1000009398,20250819,2025-08-19 05:24:54,1444,2,4,Mendoza,6615.0,0.0,38115.0
1000009399,20250118,2025-01-18 10:37:24,461,1,1,Buenos Aires,2268.0,1500.0,14568.0
1000009400,20250327,2025-03-27 15:04:02,1346,1,1,Buenos Aires,5670.0,1200.0,33870.0
1000009401,20250723,2025-07-23 04:05:44,226,2,3,Santa Fe,7528.5,0.0,43378.5
1000009402,20250921,2025-09-21 17:43:01,931,1,1,Buenos Aires,2992.5,0.0,17242.5
1000009403,20250613,2025-06-13 10:55:56,523,1,2,Córdoba,13078.8,0.0,75358.8
1000009404,20240119,2024-01-19 13:43:29,330,1,1,Buenos Aires,5607.0,0.0,32307.0
1000009405,20250106,2025-01-06 18:47:46,261,1,2,Córdoba,7144.2,900.0,42064.2
1000009406,20240211,2024-02-11 15:33:25,325,2,4,Mendoza,8505.0,0.0,49005.0
1000009407,20240304,2024-03-04 04:12:55,751,2,1,Buenos Aires,8935.92,0.0,51487.92
1000009408,20250607,2025-06-07 08:21:34,1156,2,1,Buenos Aires,14515.2,0.0,83635.2
1000009409,20250309,2025-03-09 23:27:09,393,2,3,Santa Fe,11299.68,0.0,65107.68
1000009410,20250607,2025-06-07 02:36:34,3,1,2,Córdoba,6583.5,900.0,38833.5
1000009411,20250223,2025-02-23 14:08:32,801,2,4,Mendoza,2268.0,0.0,13068.0
1000009412,20240627,2024-06-27 16:56:10,85,1,2,Córdoba,6300.0,1200.0,37500.0
1000009413,20250226,2025-02-26 04:17:07,808,1,1,Buenos Aires,2513.7,1500.0,15983.7
1000009414,20240930,2024-09-30 06:58:46,251,2,3,Santa Fe,5710.95,0.0,32905.95
1000009415,20250501,2025-05-01 07:01:49,233,2,2,Córdoba,8643.6,0.0,49803.6
1000009416,20250720,2025-07-20 19:25:06,937,1,2,Córdoba,10080.0,1200.0,59280.0
1000009417,20250514,2025-05-14 18:55:00,1094,1,4,Mendoza,2394.0,1200.0,14994.0
1000009418,20250926,2025-09-26 05:35:57,47,1,2,Córdoba,12348.0,900.0,72048.0
1000009419,20250214,2025-02-14 21:34:54,667,1,4,Mendoza,2992.5,900.0,18142.5
1000009420,20250329,2025-03-29 14:15:19,827,1,1,Buenos Aires,18389.7,1200.0,107159.7
1000009421,20240324,2024-03-24 03:15:52,143,1,4,Mendoza,7541.1,900.0,44351.1
1000009422,20250117,2025-01-17 10:06:07,797,1,1,Buenos Aires,2992.5,1200.0,18442.5
1000009423,20250129,2025-01-29 09:04:12,85,2,2,Córdoba,2469.6,0.0,14229.6
1000009424,20240326,2024-03-26 08:32:02,183,1,2,Córdoba,2716.56,900.0,16552.56
1000009425,20240803,2024-08-03 15:38:59,980,2,3,Santa Fe,9702.0,0.0,55902.0
1000009426,20250622,2025-06-22 19:24:17,576,2,3,Santa Fe,7484.4,0.0,43124.4
1000009427,20250409,2025-04-09 01:29:36,1319,1,1,Buenos Aires,6804.0,900.0,40104.0
1000009428,20250915,2025-09-15 14:26:51,474,2,1,Buenos Aires,10628.1,0.0,61238.1
1000009429,20250216,2025-02-16 15:36:36,809,1,1,Buenos Aires,5040.0,1500.0,30540.0
1000009430,20250129,2025-01-29 01:58:36,528,1,1,Buenos Aires,8505.0,900.0,49905.0
1000009431,20250619,2025-06-19 23:16:14,1268,1,1,Buenos Aires,16537.5,900.0,96187.5
1000009432,20241127,2024-11-27 04:25:14,1028,1,1,Buenos Aires,15498.0,1500.0,90798.0
1000009433,20240429,2024-04-29 05:26:22,1223,2,3,Santa Fe,6615.0,0.0,38115.0
1000009434,20250822,2025-08-22 18:49:01,138,1,1,Buenos Aires,2992.5,1200.0,18442.5
1000009435,20250128,2025-01-28 07:02:06,634,2,1,Buenos Aires,2976.75,0.0,17151.75
1000009436,20241003,2024-10-03 10:47:13,1461,2,4,Mendoza,8930.25,0.0,51455.25
1000009437,20241218,2024-12-18 00:18:23,621,2,4,Mendoza,8246.7,0.0,47516.7
1000009438,20250510,2025-05-10 06:20:02,375,1,3,Santa Fe,8977.5,1500.0,53227.5
1000009439,20250331,2025-03-31 03:22:25,147,1,4,Mendoza,11970.0,1500.0,70470.0
1000009440,20250831,2025-08-31 07:30:42,305,1,1,Buenos Aires,4536.0,1200.0,27336.0
1000009441,20240124,2024-01-24 20:33:48,562,1,1,Buenos Aires,9324.0,900.0,54624.0
1000009442,20240926,2024-09-26 23:38:25,1484,2,2,Córdoba,2268.0,0.0,13068.0
1000009443,20250114,2025-01-14 19:16:04,1022,1,1,Buenos Aires,2469.6,1500.0,15729.6
1000009444,20240129,2024-01-29 06:06:59,1082,2,4,Mendoza,3291.75,0.0,18966.75
1000009445,20240209,2024-02-09 07:25:07,1475,1,1,Buenos Aires,11869.2,900.0,69289.2
1000009446,20241103,2024-11-03 10:41:57,670,1,2,Córdoba,12600.0,1200.0,73800.0
1000009447,20250515,2025-05-15 02:34:56,836,2,1,Buenos Aires,4747.68,0.0,27355.68
1000009448,20240205,2024-02-05 01:17:26,1344,1,1,Buenos Aires,2394.0,900.0,14694.0
1000009449,20241204,2024-12-04 05:43:56,524,2,2,Córdoba,4939.2,0.0,28459.2
1000009450,20250318,2025-03-18 22:23:24,1207,2,4,Mendoza,4788.0,0.0,27588.0
1000009451,20240903,2024-09-03 20:46:08,985,2,4,Mendoza,7408.8,0.0,42688.8
1000009452,20250202,2025-02-02 01:35:15,90,2,1,Buenos Aires,2520.0,0.0,14520.0
1000009453,20240214,2024-02-14 13:44:39,1200,1,1,Buenos Aires,9450.0,900.0,55350.0
1000009454,20241214,2024-12-14 23:48:30,1376,1,1,Buenos Aires,2520.0,900.0,15420.0
1000009455,20250719,2025-07-19 14:56:46,752,1,2,Córdoba,5670.0,900.0,33570.0
1000009456,20250119,2025-01-19 11:11:35,1084,2,3,Santa Fe,8334.9,0.0,48024.9
1000009457,20250101,2025-01-01 10:36:46,439,1,1,Buenos Aires,4536.0,900.0,27036.0
1000009458,20250617,2025-06-17 03:08:05,1228,1,1,Buenos Aires,6615.0,1500.0,39615.0
1000009459,20240822,2024-08-22 09:24:11,1289,1,1,Buenos Aires,2778.3,0.0,16008.3
1000009460,20240420,2024-04-20 16:47:38,523,2,4,Mendoza,6615.0,0.0,38115.0
1000009461,20250305,2025-03-05 02:34:11,1377,2,1,Buenos Aires,7056.0,0.0,40656.0
1000009462,20250518,2025-05-18 15:08:31,184,2,3,Santa Fe,6300.0,0.0,36300.0
1000009463,20250515,2025-05-15 16:05:32,1168,2,1,Buenos Aires,3087.0,0.0,17787.0
1000009464,20240618,2024-06-18 14:28:09,1332,2,1,Buenos Aires,5512.5,0.0,31762.5
1000009465,20240527,2024-05-27 18:26:05,254,2,1,Buenos Aires,4775.4,0.0,27515.4
1000009466,20240920,2024-09-20 20:26:22,826,1,1,Buenos Aires,7182.0,1200.0,42582.0
1000009467,20250602,2025-06-02 09:15:00,166,2,2,Córdoba,19593.0,0.0,112893.0
1000009468,20240604,2024-06-04 10:14:48,397,1,1,Buenos Aires,17482.5,1200.0,101932.5
1000009469,20240727,2024-07-27 06:11:05,152,1,3,Santa Fe,15724.8,1500.0,92104.8
1000009470,20240331,2024-03-31 10:44:04,1374,2,3,Santa Fe,6300.0,0.0,36300.0
1000009471,20250909,2025-09-09 12:42:51,521,2,3,Santa Fe,4309.2,0.0,24829.2
1000009472,20250418,2025-04-18 07:26:12,1117,1,2,Córdoba,8977.5,0.0,51727.5
1000009473,20250225,2025-02-25 03:58:00,849,2,4,Mendoza,4536.0,0.0,26136.0
1000009474,20250903,2025-09-03 06:17:28,1182,1,1,Buenos Aires,2646.0,1200.0,16446.0
1000009475,20250119,2025-01-19 17:36:53,121,2,4,Mendoza,2646.0,0.0,15246.0
1000009476,20250428,2025-04-28 07:56:00,71,1,2,Córdoba,7560.0,900.0,44460.0
1000009477,20240915,2024-09-15 05:52:22,841,2,2,Córdoba,7560.0,0.0,43560.0
1000009478,20240321,2024-03-21 09:06:15,1224,1,2,Córdoba,9261.0,0.0,53361.0
1000009479,20250321,2025-03-21 06:04:04,719,1,4,Mendoza,2494.8,1200.0,15574.8
1000009480,20250830,2025-08-30 02:14:09,663,2,2,Córdoba,6284.25,0.0,36209.25
1000009481,20240109,2024-01-09 02:02:21,351,2,4,Mendoza,15233.4,0.0,87773.4
1000009482,20250729,2025-07-29 02:10:42,856,1,1,Buenos Aires,2394.0,900.0,14694.0
1000009483,20250304,2025-03-04 18:07:46,158,1,1,Buenos Aires,5985.0,1200.0,35685.0
1000009484,20250827,2025-08-27 16:52:19,321,1,2,Córdoba,2835.0,900.0,17235.0
1000009485,20241105,2024-11-05 20:45:20,1033,1,1,Buenos Aires,7779.24,900.0,45723.24
1000009486,20240812,2024-08-12 09:30:16,570,2,3,Santa Fe,9450.0,0.0,54450.0
1000009487,20240115,2024-01-15 02:25:41,1496,2,2,Córdoba,2520.0,0.0,14520.0
1000009488,20250626,2025-06-26 05:02:48,1464,2,1,Buenos Aires,8505.0,0.0,49005.0
1000009489,20240124,2024-01-24 22:05:22,300,2,2,Córdoba,4788.0,0.0,27588.0
1000009490,20250525,2025-05-25 09:58:44,238,2,4,Mendoza,6174.0,0.0,35574.0
1000009491,20250315,2025-03-15 19:23:13,659,1,1,Buenos Aires,2593.08,900.0,15841.08
1000009492,20240831,2024-08-31 15:31:10,1170,2,4,Mendoza,2494.8,0.0,14374.8
1000009493,20240115,2024-01-15 03:32:33,874,2,4,Mendoza,9922.5,0.0,57172.5
1000009494,20241119,2024-11-19 12:21:14,1202,2,3,Santa Fe,7560.0,0.0,43560.0
1000009495,20240402,2024-04-02 19:07:37,12,2,2,Córdoba,3150.0,0.0,18150.0
1000009496,20250410,2025-04-10 20:17:55,220,2,4,Mendoza,7144.2,0.0,41164.2
1000009497,20240422,2024-04-22 13:34:40,535,1,1,Buenos Aires,2633.4,1500.0,16673.4
1000009498,20240905,2024-09-05 20:59:52,1224,2,1,Buenos Aires,7182.0,0.0,41382.0
1000009499,20250820,2025-08-20 17:05:35,391,1,2,Córdoba,5985.0,1200.0,35685.0
1000009500,20240917,2024-09-17 17:00:48,22,1,2,Córdoba,5040.0,1500.0,30540.0
1000009501,20241107,2024-11-07 21:36:49,679,1,2,Córdoba,10332.0,1200.0,60732.0
1000009502,20241103,2024-11-03 00:02:22,906,1,1,Buenos Aires,7779.24,900.0,45723.24
1000009503,20240317,2024-03-17 06:36:00,705,1,2,Córdoba,2593.08,900.0,15841.08
1000009504,20240827,2024-08-27 19:03:40,281,2,3,Santa Fe,5985.0,0.0,34485.0
1000009505,20250323,2025-03-23 04:36:36,672,1,1,Buenos Aires,8505.0,900.0,49905.0
1000009506,20250829,2025-08-29 16:46:31,1239,1,1,Buenos Aires,4788.0,1200.0,28788.0
1000009507,20250722,2025-07-22 14:00:20,1058,2,1,Buenos Aires,2381.4,0.0,13721.4
1000009508,20240607,2024-06-07 20:00:18,371,1,1,Buenos Aires,9261.0,0.0,53361.0
1000009509,20240425,2024-04-25 13:33:34,1297,1,3,Santa Fe,4939.2,1500.0,29959.2
1000009510,20241124,2024-11-24 13:19:57,528,2,3,Santa Fe,8442.0,0.0,48642.0
1000009511,20241219,2024-12-19 19:01:03,1432,1,1,Buenos Aires,9261.0,900.0,54261.0
1000009512,20250628,2025-06-28 16:34:45,1293,2,2,Córdoba,6804.0,0.0,39204.0
1000009513,20241104,2024-11-04 07:16:36,985,1,4,Mendoza,8757.0,1200.0,51657.0
1000009514,20240131,2024-01-31 22:39:42,478,1,3,Santa Fe,4536.0,1500.0,27636.0
1000009515,20240106,2024-01-06 14:15:27,752,1,4,Mendoza,7182.0,900.0,42282.0
1000009516,20250806,2025-08-06 05:44:48,892,1,2,Córdoba,10080.0,900.0,58980.0
1000009517,20241005,2024-10-05 13:15:21,1308,1,1,Buenos Aires,6300.0,1200.0,37500.0
1000009518,20250423,2025-04-23 11:25:33,59,2,3,Santa Fe,9324.0,0.0,53724.0
1000009519,20240303,2024-03-03 23:00:48,643,1,3,Santa Fe,6058.08,900.0,35806.08
1000009520,20250710,2025-07-10 20:49:01,994,1,1,Buenos Aires,6300.0,900.0,37200.0
1000009521,20240329,2024-03-29 05:12:27,165,2,1,Buenos Aires,2835.0,0.0,16335.0
1000009522,20250806,2025-08-06 19:23:09,1275,1,1,Buenos Aires,5386.5,1500.0,32536.5
1000009523,20250915,2025-09-15 07:03:46,987,1,2,Córdoba,5670.0,1500.0,34170.0
1000009524,20240803,2024-08-03 16:16:11,117,1,2,Córdoba,6300.0,0.0,36300.0
1000009525,20240523,2024-05-23 23:48:52,1315,2,3,Santa Fe,7654.5,0.0,44104.5
1000009526,20250404,2025-04-04 08:03:31,517,1,1,Buenos Aires,20979.0,1200.0,122079.0
1000009527,20240526,2024-05-26 11:15:13,1256,2,3,Santa Fe,3395.7,0.0,19565.7
1000009528,20250314,2025-03-14 13:28:33,486,2,1,Buenos Aires,5386.5,0.0,31036.5
1000009529,20250107,2025-01-07 12:27:37,1132,1,1,Buenos Aires,7779.24,1500.0,46323.24
1000009530,20250505,2025-05-05 00:25:08,139,2,1,Buenos Aires,7182.0,0.0,41382.0
1000009531,20250821,2025-08-21 23:37:30,1330,1,1,Buenos Aires,8977.5,900.0,52627.5
1000009532,20250906,2025-09-06 11:21:46,1495,1,3,Santa Fe,13337.1,1500.0,78347.1
1000009533,20250802,2025-08-02 09:41:17,825,1,1,Buenos Aires,7900.2,1500.0,47020.2
1000009534,20240922,2024-09-22 11:07:55,538,2,1,Buenos Aires,5670.0,0.0,32670.0
1000009535,20240406,2024-04-06 00:48:03,264,2,1,Buenos Aires,2154.6,0.0,12414.6
1000009536,20250810,2025-08-10 15:13:04,216,1,1,Buenos Aires,9261.0,1200.0,54561.0
1000009537,20240325,2024-03-25 14:55:44,314,1,1,Buenos Aires,5670.0,0.0,32670.0
1000009538,20240825,2024-08-25 17:12:57,552,2,3,Santa Fe,7900.2,0.0,45520.2
1000009539,20240925,2024-09-25 17:55:37,1111,1,1,Buenos Aires,5985.0,1200.0,35685.0
1000009540,20241221,2024-12-21 05:08:58,11,1,2,Córdoba,6174.0,1500.0,37074.0
1000009541,20250117,2025-01-17 18:55:39,857,2,1,Buenos Aires,9426.38,0.0,54313.88
1000009542,20250708,2025-07-08 15:37:54,359,1,2,Córdoba,12196.8,900.0,71176.8
1000009543,20240411,2024-04-11 23:27:00,1207,2,3,Santa Fe,3150.0,0.0,18150.0
1000009544,20240608,2024-06-08 19:09:33,1341,1,1,Buenos Aires,18666.9,1200.0,108756.9
1000009545,20240721,2024-07-21 12:23:35,1297,1,1,Buenos Aires,6174.0,900.0,36474.0
1000009546,20250705,2025-07-05 00:57:56,1343,1,1,Buenos Aires,12549.6,900.0,73209.6
1000009547,20250329,2025-03-29 21:30:41,1391,1,1,Buenos Aires,3087.0,1200.0,18987.0
1000009548,20240912,2024-09-12 21:02:52,1491,2,4,Mendoza,5670.0,0.0,32670.0
1000009549,20240117,2024-01-17 18:09:35,1173,1,2,Córdoba,7408.8,1500.0,44188.8
1000009550,20240121,2024-01-21 04:15:54,299,1,2,Córdoba,4082.4,1500.0,25022.4
1000009551,20250102,2025-01-02 15:11:45,561,1,3,Santa Fe,16329.6,1200.0,95289.6
1000009552,20240714,2024-07-14 14:29:31,786,1,3,Santa Fe,2268.0,900.0,13968.0
1000009553,20250705,2025-07-05 12:36:30,1,1,3,Santa Fe,2551.5,1200.0,15901.5
1000009554,20250712,2025-07-12 07:25:53,712,1,2,Córdoba,3142.12,1500.0,19604.62
1000009555,20250309,2025-03-09 20:06:03,1172,1,1,Buenos Aires,6174.0,1200.0,36774.0
1000009556,20250503,2025-05-03 06:17:17,687,2,1,Buenos Aires,5953.5,0.0,34303.5
1000009557,20240105,2024-01-05 03:38:27,162,1,1,Buenos Aires,8505.0,1500.0,50505.0
1000009558,20250719,2025-07-19 15:57:46,493,1,1,Buenos Aires,6804.0,900.0,40104.0
1000009559,20241208,2024-12-08 20:16:38,1118,2,3,Santa Fe,11371.5,0.0,65521.5
1000009560,20240723,2024-07-23 22:23:22,795,1,1,Buenos Aires,7560.0,900.0,44460.0
1000009561,20241219,2024-12-19 09:19:21,1074,1,2,Córdoba,9450.0,900.0,55350.0
1000009562,20241106,2024-11-06 22:46:06,476,1,2,Córdoba,6930.0,1200.0,41130.0
1000009563,20240925,2024-09-25 08:19:55,1450,2,3,Santa Fe,2716.56,0.0,15652.56
1000009564,20250126,2025-01-26 22:32:29,104,1,4,Mendoza,11907.0,1200.0,69807.0
1000009565,20240807,2024-08-07 06:42:26,284,1,1,Buenos Aires,7182.0,1200.0,42582.0
1000009566,20250928,2025-09-28 09:28:00,1322,1,1,Buenos Aires,7560.0,1500.0,45060.0
1000009567,20240604,2024-06-04 17:20:09,445,2,4,Mendoza,7408.8,0.0,42688.8
1000009568,20240604,2024-06-04 08:16:47,1380,1,1,Buenos Aires,8149.68,0.0,46957.68
1000009569,20241119,2024-11-19 13:45:16,750,1,4,Mendoza,7938.0,1200.0,46938.0
1000009570,20250924,2025-09-24 16:20:07,241,1,2,Córdoba,5789.7,0.0,33359.7
1000009571,20250922,2025-09-22 16:30:27,513,2,1,Buenos Aires,5027.4,0.0,28967.4
1000009572,20240404,2024-04-04 09:55:48,1425,1,4,Mendoza,15120.0,1200.0,88320.0
1000009573,20250627,2025-06-27 08:47:42,1107,1,4,Mendoza,10111.5,1500.0,59761.5
1000009574,20240731,2024-07-31 19:31:34,423,1,3,Santa Fe,8026.2,900.0,47146.2
1000009575,20240904,2024-09-04 03:52:29,1465,2,1,Buenos Aires,11592.0,0.0,66792.0
1000009576,20250705,2025-07-05 17:41:03,674,2,1,Buenos Aires,8316.0,0.0,47916.0
1000009577,20250619,2025-06-19 13:31:07,128,2,3,Santa Fe,4939.2,0.0,28459.2
1000009578,20240411,2024-04-11 17:54:12,78,1,1,Buenos Aires,5670.0,1200.0,33870.0
1000009579,20240704,2024-07-04 23:14:12,216,1,4,Mendoza,8505.0,1200.0,50205.0
1000009580,20250731,2025-07-31 18:15:12,666,1,2,Córdoba,9226.35,0.0,53161.35
1000009581,20240708,2024-07-08 11:20:13,842,1,4,Mendoza,2268.0,900.0,13968.0
1000009582,20250410,2025-04-10 01:53:06,1154,2,1,Buenos Aires,4082.4,0.0,23522.4
1000009583,20240116,2024-01-16 00:17:19,548,2,2,Córdoba,10716.3,0.0,61746.3
1000009584,20240506,2024-05-06 02:43:44,1287,1,4,Mendoza,6237.0,900.0,36837.0
1000009585,20240325,2024-03-25 15:34:42,1322,1,3,Santa Fe,7779.24,1200.0,46023.24
1000009586,20240818,2024-08-18 14:12:54,487,2,4,Mendoza,6804.0,0.0,39204.0
1000009587,20240416,2024-04-16 03:11:31,1003,1,1,Buenos Aires,7182.0,900.0,42282.0
1000009588,20250729,2025-07-29 09:17:59,445,1,1,Buenos Aires,5040.0,900.0,29940.0
1000009589,20240504,2024-05-04 05:48:03,402,1,1,Buenos Aires,14968.8,900.0,87148.8
1000009590,20240606,2024-06-06 15:19:44,925,2,2,Córdoba,5040.0,0.0,29040.0
1000009591,20250710,2025-07-10 03:57:18,1308,2,4,Mendoza,8958.6,0.0,51618.6
1000009592,20250702,2025-07-02 21:06:03,995,2,2,Córdoba,2992.5,0.0,17242.5
1000009593,20250717,2025-07-17 22:41:21,539,2,4,Mendoza,7182.0,0.0,41382.0
1000009594,20250819,2025-08-19 21:50:21,1340,1,1,Buenos Aires,7182.0,1200.0,42582.0
1000009595,20250203,2025-02-03 09:49:43,1072,1,1,Buenos Aires,7814.52,900.0,45926.52
1000009596,20240409,2024-04-09 15:25:35,942,2,3,Santa Fe,8977.5,0.0,51727.5
1000009597,20240227,2024-02-27 07:58:19,1270,1,1,Buenos Aires,7087.5,900.0,41737.5
1000009598,20250102,2025-01-02 23:10:22,929,1,3,Santa Fe,7484.4,1200.0,44324.4
1000009599,20250306,2025-03-06 12:21:19,1487,2,1,Buenos Aires,7900.2,0.0,45520.2
1000009600,20240320,2024-03-20 23:39:50,437,2,1,Buenos Aires,8334.9,0.0,48024.9
1000009601,20241216,2024-12-16 16:11:21,554,1,1,Buenos Aires,4082.4,900.0,24422.4
1000009602,20240102,2024-01-02 16:25:54,948,1,3,Santa Fe,3150.0,1200.0,19350.0
1000009603,20240717,2024-07-17 05:41:51,397,1,2,Córdoba,8890.56,0.0,51226.56
1000009604,20240414,2024-04-14 11:54:09,988,2,4,Mendoza,4082.4,0.0,23522.4
1000009605,20250623,2025-06-23 21:07:24,1216,1,2,Córdoba,5985.0,1500.0,35985.0
1000009606,20250923,2025-09-23 05:45:21,503,2,3,Santa Fe,3241.35,0.0,18676.35
1000009607,20240420,2024-04-20 09:10:57,687,1,1,Buenos Aires,12587.4,1200.0,73727.4
1000009608,20240527,2024-05-27 01:19:16,1278,1,1,Buenos Aires,13938.12,1200.0,81510.12
1000009609,20240814,2024-08-14 02:13:36,114,2,2,Córdoba,2268.0,0.0,13068.0
1000009610,20240828,2024-08-28 03:26:03,1315,2,3,Santa Fe,8977.5,0.0,51727.5
1000009611,20240712,2024-07-12 06:41:42,436,1,1,Buenos Aires,9248.4,1200.0,54488.4
1000009612,20240103,2024-01-03 09:46:59,54,1,1,Buenos Aires,10730.16,1200.0,63026.16
1000009613,20250610,2025-06-10 04:02:46,887,1,2,Córdoba,9922.5,1200.0,58372.5
1000009614,20250821,2025-08-21 21:03:40,852,2,1,Buenos Aires,6174.0,0.0,35574.0
1000009615,20240601,2024-06-01 07:07:11,176,1,1,Buenos Aires,8505.0,1500.0,50505.0
1000009616,20241225,2024-12-25 20:37:23,996,2,1,Buenos Aires,19000.8,0.0,109480.8
1000009617,20240916,2024-09-16 15:45:22,942,1,3,Santa Fe,8079.75,900.0,47454.75
1000009618,20240708,2024-07-08 07:36:29,909,2,1,Buenos Aires,13962.38,0.0,80449.88
1000009619,20250507,2025-05-07 03:44:49,610,1,2,Córdoba,2778.3,0.0,16008.3
1000009620,20250612,2025-06-12 03:51:32,79,2,2,Córdoba,13765.5,0.0,79315.5
1000009621,20241006,2024-10-06 00:28:54,1003,1,1,Buenos Aires,9875.25,900.0,57800.25
1000009622,20250315,2025-03-15 18:51:33,1140,2,1,Buenos Aires,6174.0,0.0,35574.0
1000009623,20240102,2024-01-02 10:22:00,887,1,2,Córdoba,6583.5,0.0,37933.5
1000009624,20250410,2025-04-10 11:40:42,396,2,1,Buenos Aires,4762.8,0.0,27442.8
1000009625,20241011,2024-10-11 15:46:27,1193,1,1,Buenos Aires,17085.6,1200.0,99645.6
1000009626,20250908,2025-09-08 20:55:25,1010,1,3,Santa Fe,8316.0,1200.0,49116.0
1000009627,20240309,2024-03-09 18:03:49,327,1,2,Córdoba,5040.0,1500.0,30540.0
1000009628,20240712,2024-07-12 00:42:06,368,2,2,Córdoba,2716.56,0.0,15652.56
1000009629,20240721,2024-07-21 17:42:59,961,2,2,Córdoba,7408.8,0.0,42688.8
1000009630,20250127,2025-01-27 02:39:39,52,1,1,Buenos Aires,17529.75,1500.0,102504.75
1000009631,20241215,2024-12-15 14:34:23,1300,2,2,Córdoba,9875.25,0.0,56900.25
1000009632,20241020,2024-10-20 14:36:20,1079,1,4,Mendoza,4536.0,1500.0,27636.0
1000009633,20240322,2024-03-22 23:51:15,1168,2,1,Buenos Aires,9724.05,0.0,56029.05
1000009634,20250626,2025-06-26 01:49:09,1254,1,3,Santa Fe,9450.0,900.0,55350.0
1000009635,20240325,2024-03-25 02:32:50,277,1,3,Santa Fe,5040.0,900.0,29940.0
1000009636,20250815,2025-08-15 14:37:07,1252,2,2,Córdoba,6174.0,0.0,35574.0
1000009637,20240323,2024-03-23 02:50:05,999,1,1,Buenos Aires,2520.0,1500.0,16020.0
1000009638,20250727,2025-07-27 22:15:08,907,1,1,Buenos Aires,8505.0,1200.0,50205.0
1000009639,20241225,2024-12-25 01:52:05,812,1,1,Buenos Aires,6300.0,900.0,37200.0
1000009640,20241222,2024-12-22 10:55:26,240,1,1,Buenos Aires,7408.8,1200.0,43888.8
1000009641,20240223,2024-02-23 11:57:25,1146,1,1,Buenos Aires,9426.38,900.0,55213.88
1000009642,20250424,2025-04-24 14:30:44,1009,1,1,Buenos Aires,2633.4,900.0,16073.4
1000009643,20250126,2025-01-26 12:09:34,1059,2,3,Santa Fe,20279.7,0.0,116849.7
1000009644,20240409,2024-04-09 02:03:14,1176,2,1,Buenos Aires,11522.7,0.0,66392.7
1000009645,20240708,2024-07-08 06:18:39,637,1,1,Buenos Aires,7560.0,1500.0,45060.0
1000009646,20240522,2024-05-22 03:37:15,1455,1,2,Córdoba,8977.5,1200.0,52927.5
1000009647,20240425,2024-04-25 15:37:51,696,1,1,Buenos Aires,3087.0,0.0,17787.0
1000009648,20250305,2025-03-05 16:43:07,224,1,1,Buenos Aires,3395.7,1500.0,21065.7
1000009649,20250314,2025-03-14 01:22:27,1494,1,2,Córdoba,7686.0,900.0,45186.0
1000009650,20250906,2025-09-06 17:43:21,1022,1,3,Santa Fe,4490.64,1200.0,27074.64
1000009651,20250723,2025-07-23 11:47:42,1463,1,1,Buenos Aires,8694.0,900.0,50994.0
1000009652,20241111,2024-11-11 03:38:52,714,1,3,Santa Fe,8977.5,1200.0,52927.5
1000009653,20241217,2024-12-17 16:26:38,714,1,1,Buenos Aires,3150.0,1200.0,19350.0
1000009654,20250921,2025-09-21 18:45:10,1458,2,2,Córdoba,4445.28,0.0,25613.28
1000009655,20250303,2025-03-03 11:02:35,239,2,2,Córdoba,11447.1,0.0,65957.1
1000009656,20250926,2025-09-26 21:27:15,525,1,1,Buenos Aires,9450.0,1200.0,55650.0
1000009657,20240521,2024-05-21 10:57:43,647,1,1,Buenos Aires,6583.5,1500.0,39433.5
1000009658,20250219,2025-02-19 16:36:56,195,1,1,Buenos Aires,8533.35,1200.0,50368.35
1000009659,20240705,2024-07-05 04:59:13,558,2,4,Mendoza,6300.0,0.0,36300.0
1000009660,20250616,2025-06-16 04:20:41,1248,2,2,Córdoba,6955.2,0.0,40075.2
1000009661,20241206,2024-12-06 01:22:03,409,1,1,Buenos Aires,7408.8,900.0,43588.8
1000009662,20250520,2025-05-20 14:12:28,973,1,1,Buenos Aires,5027.4,900.0,29867.4
1000009663,20240515,2024-05-15 02:37:52,642,1,3,Santa Fe,5266.8,1500.0,31846.8
1000009664,20241109,2024-11-09 10:45:03,533,1,2,Córdoba,4788.0,900.0,28488.0
1000009665,20250815,2025-08-15 20:26:29,591,1,2,Córdoba,5040.0,1200.0,30240.0
1000009666,20240612,2024-06-12 02:26:02,919,1,2,Córdoba,13645.8,900.0,79525.8
1000009667,20240630,2024-06-30 22:08:46,578,1,4,Mendoza,4536.0,0.0,26136.0
1000009668,20241129,2024-11-29 12:43:27,1238,2,3,Santa Fe,6300.0,0.0,36300.0
1000009669,20241226,2024-12-26 00:27:09,614,1,2,Córdoba,16745.4,1500.0,97985.4
1000009670,20240919,2024-09-19 02:01:41,142,2,1,Buenos Aires,12594.96,0.0,72570.96
1000009671,20250503,2025-05-03 16:58:27,1046,2,4,Mendoza,3087.0,0.0,17787.0
1000009672,20240727,2024-07-27 11:29:40,127,1,1,Buenos Aires,8694.0,0.0,50094.0
1000009673,20240829,2024-08-29 17:21:08,1372,1,1,Buenos Aires,2394.0,900.0,14694.0
1000009674,20250722,2025-07-22 02:31:43,238,1,1,Buenos Aires,2268.0,1200.0,14268.0
1000009675,20250618,2025-06-18 10:32:54,1389,2,4,Mendoza,2992.5,0.0,17242.5
1000009676,20240402,2024-04-02 15:05:04,118,1,1,Buenos Aires,7779.24,900.0,45723.24
1000009677,20250123,2025-01-23 12:15:37,1047,2,3,Santa Fe,11970.0,0.0,68970.0
1000009678,20240722,2024-07-22 14:14:44,565,1,2,Córdoba,3087.0,1500.0,19287.0
1000009679,20250422,2025-04-22 08:56:49,499,1,2,Córdoba,5670.0,1200.0,33870.0
1000009680,20240712,2024-07-12 10:29:04,252,1,1,Buenos Aires,13419.0,1200.0,78519.0
1000009681,20250729,2025-07-29 16:22:33,1272,1,4,Mendoza,7182.0,1200.0,42582.0
1000009682,20241008,2024-10-08 07:53:35,1402,2,3,Santa Fe,7408.8,0.0,42688.8
1000009683,20241217,2024-12-17 12:09:12,410,2,4,Mendoza,7900.2,0.0,45520.2
1000009684,20240507,2024-05-07 20:21:36,165,1,1,Buenos Aires,15120.0,900.0,88020.0
1000009685,20240503,2024-05-03 12:40:39,1065,2,4,Mendoza,6667.92,0.0,38419.92
1000009686,20240624,2024-06-24 14:45:14,1296,2,2,Córdoba,5985.0,0.0,34485.0
1000009687,20250117,2025-01-17 08:55:44,855,1,3,Santa Fe,19744.2,1500.0,115264.2
1000009688,20240723,2024-07-23 13:18:57,1238,1,4,Mendoza,3087.0,1200.0,18987.0
1000009689,20250717,2025-07-17 07:15:01,912,1,1,Buenos Aires,16159.5,0.0,93109.5
1000009690,20241217,2024-12-17 01:31:30,1104,2,4,Mendoza,4536.0,0.0,26136.0
1000009691,20250224,2025-02-24 02:40:19,659,1,1,Buenos Aires,9450.0,1200.0,55650.0
1000009692,20240430,2024-04-30 08:02:43,220,2,3,Santa Fe,4939.2,0.0,28459.2
1000009693,20250830,2025-08-30 15:31:02,1198,1,2,Córdoba,14490.0,1500.0,84990.0
1000009694,20240120,2024-01-20 03:50:53,409,2,4,Mendoza,7654.5,0.0,44104.5
1000009695,20240624,2024-06-24 02:11:17,839,1,1,Buenos Aires,2222.64,900.0,13706.64
1000009696,20241020,2024-10-20 05:31:51,80,1,1,Buenos Aires,2992.5,900.0,18142.5
1000009697,20240408,2024-04-08 16:56:36,1330,1,1,Buenos Aires,5040.0,900.0,29940.0
1000009698,20240305,2024-03-05 02:09:05,1104,1,1,Buenos Aires,2381.4,1200.0,14921.4
1000009699,20250107,2025-01-07 08:10:26,749,1,1,Buenos Aires,5186.16,900.0,30782.16
1000009700,20250621,2025-06-21 13:04:27,719,1,1,Buenos Aires,4082.4,1200.0,24722.4
1000009701,20250517,2025-05-17 16:31:12,809,1,1,Buenos Aires,6041.7,900.0,35711.7
1000009702,20250722,2025-07-22 13:24:07,1284,1,1,Buenos Aires,2992.5,900.0,18142.5
1000009703,20240914,2024-09-14 08:49:57,1354,1,4,Mendoza,7182.0,900.0,42282.0
1000009704,20241001,2024-10-01 16:02:50,653,1,4,Mendoza,4082.4,1200.0,24722.4
1000009705,20250810,2025-08-10 01:50:18,351,1,1,Buenos Aires,11214.0,900.0,65514.0
1000009706,20250624,2025-06-24 05:53:40,199,1,3,Santa Fe,13608.0,1500.0,79908.0
1000009707,20240510,2024-05-10 15:18:38,619,1,2,Córdoba,6615.0,1200.0,39315.0
1000009708,20240915,2024-09-15 11:19:00,1413,2,1,Buenos Aires,4762.8,0.0,27442.8
1000009709,20240510,2024-05-10 00:21:43,467,2,4,Mendoza,2469.6,0.0,14229.6
1000009710,20240902,2024-09-02 05:09:35,338,2,4,Mendoza,5027.4,0.0,28967.4
1000009711,20250608,2025-06-08 22:24:11,415,2,1,Buenos Aires,7541.1,0.0,43451.1
1000009712,20240519,2024-05-19 15:06:16,1337,2,2,Córdoba,2268.0,0.0,13068.0
1000009713,20240313,2024-03-13 21:56:05,444,1,2,Córdoba,3087.0,0.0,17787.0
1000009714,20250906,2025-09-06 23:34:39,812,1,1,Buenos Aires,9324.0,0.0,53724.0
1000009715,20250403,2025-04-03 22:32:22,265,1,2,Córdoba,9456.3,1200.0,55686.3
1000009716,20250531,2025-05-31 04:35:09,748,2,1,Buenos Aires,4536.0,0.0,26136.0
1000009717,20240219,2024-02-19 23:32:44,945,1,1,Buenos Aires,2835.0,1200.0,17535.0
1000009718,20240301,2024-03-01 16:19:23,1347,2,2,Córdoba,2778.3,0.0,16008.3
1000009719,20240326,2024-03-26 06:40:25,744,1,1,Buenos Aires,6804.0,900.0,40104.0
1000009720,20240806,2024-08-06 00:35:00,1274,1,1,Buenos Aires,7422.03,900.0,43665.03
1000009721,20250201,2025-02-01 16:44:43,758,1,1,Buenos Aires,3150.0,900.0,19050.0
1000009722,20240804,2024-08-04 17:32:45,851,1,1,Buenos Aires,2469.6,900.0,15129.6
1000009723,20240801,2024-08-01 09:21:06,1026,2,4,Mendoza,4536.0,0.0,26136.0
1000009724,20241029,2024-10-29 09:58:42,1185,1,1,Buenos Aires,4788.0,900.0,28488.0
1000009725,20241206,2024-12-06 19:26:11,193,1,1,Buenos Aires,2835.0,900.0,17235.0
1000009726,20240824,2024-08-24 05:13:56,1322,1,1,Buenos Aires,6174.0,1200.0,36774.0
1000009727,20250710,2025-07-10 16:29:20,1405,1,1,Buenos Aires,4536.0,1200.0,27336.0
1000009728,20240103,2024-01-03 03:48:44,757,1,1,Buenos Aires,5985.0,1500.0,35985.0
1000009729,20250922,2025-09-22 09:52:13,1146,2,2,Córdoba,12171.6,0.0,70131.6
1000009730,20240630,2024-06-30 11:11:25,404,2,2,Córdoba,4939.2,0.0,28459.2
1000009731,20241130,2024-11-30 14:13:44,888,1,1,Buenos Aires,5985.0,1200.0,35685.0
1000009732,20250603,2025-06-03 21:49:19,841,2,4,Mendoza,7560.0,0.0,43560.0
1000009733,20250331,2025-03-31 16:17:11,159,1,4,Mendoza,7777.35,1200.0,46012.35
1000009734,20240601,2024-06-01 07:00:52,1376,2,1,Buenos Aires,5556.6,0.0,32016.6
1000009735,20250506,2025-05-06 07:39:48,1105,2,1,Buenos Aires,14124.6,0.0,81384.6
1000009736,20240226,2024-02-26 09:37:59,165,2,1,Buenos Aires,2154.6,0.0,12414.6
1000009737,20250602,2025-06-02 15:59:14,1356,1,2,Córdoba,4536.0,900.0,27036.0
1000009738,20240905,2024-09-05 21:12:02,692,2,1,Buenos Aires,2154.6,0.0,12414.6
1000009739,20240823,2024-08-23 13:33:33,661,1,1,Buenos Aires,4536.0,0.0,26136.0
1000009740,20240916,2024-09-16 02:05:17,1170,2,2,Córdoba,4445.28,0.0,25613.28
1000009741,20240529,2024-05-29 10:31:08,195,2,2,Córdoba,14931.0,0.0,86031.0
1000009742,20250919,2025-09-19 02:46:34,430,1,1,Buenos Aires,14462.28,1500.0,84830.28
1000009743,20250129,2025-01-29 01:36:47,1087,2,4,Mendoza,5953.5,0.0,34303.5
1000009744,20250327,2025-03-27 21:29:09,759,2,2,Córdoba,2513.7,0.0,14483.7
1000009745,20240120,2024-01-20 10:30:24,1419,1,2,Córdoba,9450.0,1200.0,55650.0
1000009746,20240112,2024-01-12 07:53:00,423,1,4,Mendoza,2520.0,900.0,15420.0
1000009747,20240720,2024-07-20 10:11:56,1181,1,1,Buenos Aires,7560.0,900.0,44460.0
1000009748,20240616,2024-06-16 02:10:51,1457,1,4,Mendoza,2268.0,900.0,13968.0
1000009749,20240730,2024-07-30 14:11:35,647,2,1,Buenos Aires,5027.4,0.0,28967.4
1000009750,20250519,2025-05-19 23:50:39,1451,1,2,Córdoba,2992.5,1200.0,18442.5
1000009751,20241111,2024-11-11 08:56:33,809,2,1,Buenos Aires,5304.6,0.0,30564.6
1000009752,20240625,2024-06-25 13:23:22,978,2,1,Buenos Aires,5186.16,0.0,29882.16
1000009753,20250420,2025-04-20 10:58:49,1199,1,1,Buenos Aires,5953.5,1200.0,35503.5
1000009754,20240430,2024-04-30 06:25:12,1053,1,2,Córdoba,2469.6,1500.0,15729.6
1000009755,20240223,2024-02-23 23:56:04,1348,2,3,Santa Fe,9922.5,0.0,57172.5
1000009756,20250318,2025-03-18 08:17:15,717,2,3,Santa Fe,2992.5,0.0,17242.5
1000009757,20240101,2024-01-01 23:36:04,88,1,1,Buenos Aires,6804.0,1200.0,40404.0
1000009758,20241030,2024-10-30 22:30:13,938,2,4,Mendoza,12048.12,0.0,69420.12
1000009759,20240907,2024-09-07 09:06:20,1148,2,4,Mendoza,7938.0,0.0,45738.0
1000009760,20241122,2024-11-22 20:44:11,63,2,2,Córdoba,9639.0,0.0,55539.0
1000009761,20250607,2025-06-07 02:07:23,835,1,2,Córdoba,9676.8,1500.0,57256.8
1000009762,20241118,2024-11-18 09:29:25,921,1,3,Santa Fe,13185.9,900.0,76875.9
1000009763,20240305,2024-03-05 15:25:31,658,1,3,Santa Fe,5292.0,900.0,31392.0
1000009764,20240514,2024-05-14 02:42:30,901,2,3,Santa Fe,12196.8,0.0,70276.8
1000009765,20250404,2025-04-04 16:23:27,1193,1,2,Córdoba,6583.5,1500.0,39433.5
1000009766,20250123,2025-01-23 00:23:03,324,2,4,Mendoza,10628.1,0.0,61238.1
1000009767,20240831,2024-08-31 18:52:28,17,1,3,Santa Fe,2469.6,1200.0,15429.6
1000009768,20241129,2024-11-29 05:42:50,239,1,3,Santa Fe,8505.0,1200.0,50205.0
1000009769,20240427,2024-04-27 10:13:59,490,1,2,Córdoba,5922.0,0.0,34122.0
1000009770,20241024,2024-10-24 05:09:02,1265,1,2,Córdoba,4536.0,1200.0,27336.0
1000009771,20250221,2025-02-21 02:36:55,509,2,3,Santa Fe,5027.4,0.0,28967.4
1000009772,20241206,2024-12-06 18:45:51,1037,1,2,Córdoba,2992.5,0.0,17242.5
1000009773,20240401,2024-04-01 15:16:18,547,1,4,Mendoza,5260.5,1200.0,31510.5
1000009774,20240820,2024-08-20 17:38:40,634,2,1,Buenos Aires,2222.64,0.0,12806.64
1000009775,20250105,2025-01-05 10:21:36,1422,1,3,Santa Fe,7182.0,900.0,42282.0
1000009776,20240605,2024-06-05 17:28:27,70,1,3,Santa Fe,7182.0,1500.0,42882.0
1000009777,20240409,2024-04-09 15:38:12,729,2,2,Córdoba,14663.25,0.0,84488.25
1000009778,20250907,2025-09-07 08:13:51,890,1,1,Buenos Aires,7182.0,1200.0,42582.0
1000009779,20240909,2024-09-09 21:45:43,955,1,1,Buenos Aires,7560.0,900.0,44460.0
1000009780,20241119,2024-11-19 00:08:36,1004,2,3,Santa Fe,8977.5,0.0,51727.5
1000009781,20240222,2024-02-22 09:30:08,727,1,2,Córdoba,23946.3,900.0,138876.3
1000009782,20240626,2024-06-26 07:07:23,1231,1,3,Santa Fe,9450.0,900.0,55350.0
1000009783,20240805,2024-08-05 23:15:53,861,1,4,Mendoza,9576.0,1200.0,56376.0
1000009784,20250815,2025-08-15 19:43:46,665,1,2,Córdoba,5040.0,900.0,29940.0
1000009785,20241102,2024-11-02 03:36:10,893,2,3,Santa Fe,8568.0,0.0,49368.0
1000009786,20240817,2024-08-17 13:38:00,501,1,3,Santa Fe,2835.0,900.0,17235.0
1000009787,20240128,2024-01-28 09:22:29,205,1,1,Buenos Aires,4788.0,0.0,27588.0
1000009788,20250201,2025-02-01 10:00:33,1213,1,1,Buenos Aires,5040.0,1500.0,30540.0
1000009789,20250917,2025-09-17 06:54:22,572,2,2,Córdoba,8139.6,0.0,46899.6
1000009790,20240121,2024-01-21 21:43:08,215,1,1,Buenos Aires,10773.0,1200.0,63273.0
1000009791,20240401,2024-04-01 08:22:55,968,1,1,Buenos Aires,6300.0,1500.0,37800.0
1000009792,20250809,2025-08-09 22:37:06,1489,2,2,Córdoba,2520.0,0.0,14520.0
1000009793,20250615,2025-06-15 02:42:10,1413,1,1,Buenos Aires,2778.3,1500.0,17508.3
1000009794,20240212,2024-02-12 00:11:01,1124,1,2,Córdoba,12584.25,1200.0,73709.25
1000009795,20240927,2024-09-27 04:59:56,830,1,1,Buenos Aires,2469.6,900.0,15129.6
1000009796,20240906,2024-09-06 01:30:14,210,2,1,Buenos Aires,4788.0,0.0,27588.0
1000009797,20240917,2024-09-17 17:08:13,427,1,3,Santa Fe,8064.0,1500.0,47964.0
1000009798,20240602,2024-06-02 17:09:16,31,2,4,Mendoza,5985.0,0.0,34485.0
1000009799,20240921,2024-09-21 15:50:22,280,2,1,Buenos Aires,8505.0,0.0,49005.0
1000009800,20241023,2024-10-23 03:23:34,867,2,3,Santa Fe,5985.0,0.0,34485.0
1000009801,20250528,2025-05-28 12:22:58,176,1,3,Santa Fe,5266.8,900.0,31246.8
1000009802,20240520,2024-05-20 22:20:51,761,2,3,Santa Fe,17955.0,0.0,103455.0
1000009803,20240831,2024-08-31 22:23:21,897,2,2,Córdoba,7560.0,0.0,43560.0
1000009804,20240901,2024-09-01 06:13:16,1315,1,1,Buenos Aires,13986.0,0.0,80586.0
1000009805,20240610,2024-06-10 10:38:48,606,1,4,Mendoza,12789.0,900.0,74589.0
1000009806,20250313,2025-03-13 04:36:06,1444,1,1,Buenos Aires,7182.0,0.0,41382.0
1000009807,20241110,2024-11-10 22:13:39,1320,2,3,Santa Fe,6804.0,0.0,39204.0
1000009808,20240309,2024-03-09 10:27:17,348,1,1,Buenos Aires,6463.8,900.0,38143.8
1000009809,20240806,2024-08-06 21:07:50,1226,2,2,Córdoba,6300.0,0.0,36300.0
1000009810,20240529,2024-05-29 07:31:36,1489,1,4,Mendoza,2394.0,900.0,14694.0
1000009811,20250131,2025-01-31 09:37:52,293,2,4,Mendoza,2394.0,0.0,13794.0
1000009812,20240323,2024-03-23 07:37:43,232,2,4,Mendoza,3465.0,0.0,19965.0
1000009813,20240910,2024-09-10 14:22:03,553,2,2,Córdoba,2154.6,0.0,12414.6
1000009814,20250108,2025-01-08 14:16:54,434,1,2,Córdoba,13104.0,1500.0,77004.0
1000009815,20240211,2024-02-11 05:08:13,184,2,4,Mendoza,14742.0,0.0,84942.0
1000009816,20240625,2024-06-25 06:18:31,1384,1,1,Buenos Aires,2513.7,1200.0,15683.7
1000009817,20241008,2024-10-08 03:27:34,428,2,2,Córdoba,4536.0,0.0,26136.0
1000009818,20240925,2024-09-25 12:23:00,1174,1,4,Mendoza,6804.0,1200.0,40404.0
1000009819,20250829,2025-08-29 00:59:48,1383,2,4,Mendoza,8505.0,0.0,49005.0
1000009820,20240428,2024-04-28 08:51:35,315,2,3,Santa Fe,2394.0,0.0,13794.0
1000009821,20240419,2024-04-19 23:55:56,1468,1,1,Buenos Aires,9355.5,0.0,53905.5
1000009822,20250226,2025-02-26 14:50:54,725,2,2,Córdoba,10602.9,0.0,61092.9
1000009823,20240706,2024-07-06 23:51:57,893,1,2,Córdoba,6300.0,1200.0,37500.0
1000009824,20240718,2024-07-18 14:12:49,945,1,3,Santa Fe,7900.2,1200.0,46720.2
1000009825,20240614,2024-06-14 05:58:42,1029,1,1,Buenos Aires,11458.12,1200.0,67220.62
1000009826,20240527,2024-05-27 21:30:13,897,2,1,Buenos Aires,2154.6,0.0,12414.6
1000009827,20241003,2024-10-03 12:45:46,459,1,4,Mendoza,11415.6,1200.0,66975.6
1000009828,20240205,2024-02-05 05:09:03,1409,1,1,Buenos Aires,5186.16,1500.0,31382.16
1000009829,20250429,2025-04-29 04:53:33,1062,1,3,Santa Fe,2835.0,900.0,17235.0
1000009830,20250609,2025-06-09 20:20:47,632,2,3,Santa Fe,6804.0,0.0,39204.0
1000009831,20240105,2024-01-05 16:30:11,644,2,2,Córdoba,11970.0,0.0,68970.0
1000009832,20240609,2024-06-09 06:57:15,150,2,4,Mendoza,4939.2,0.0,28459.2
1000009833,20241030,2024-10-30 12:39:51,769,1,1,Buenos Aires,2976.75,900.0,18051.75
1000009834,20240131,2024-01-31 03:59:52,415,2,3,Santa Fe,18225.9,0.0,105015.9
1000009835,20250430,2025-04-30 21:18:21,1003,2,1,Buenos Aires,8977.5,0.0,51727.5
1000009836,20240514,2024-05-14 17:37:52,1420,2,1,Buenos Aires,5985.0,0.0,34485.0
1000009837,20240909,2024-09-09 04:24:43,609,1,2,Córdoba,6174.0,0.0,35574.0
1000009838,20250327,2025-03-27 03:51:52,434,2,4,Mendoza,5355.0,0.0,30855.0
1000009839,20240426,2024-04-26 16:44:30,203,1,1,Buenos Aires,12795.3,0.0,73725.3
1000009840,20250331,2025-03-31 15:33:17,871,2,2,Córdoba,4788.0,0.0,27588.0
1000009841,20250201,2025-02-01 13:53:26,895,1,1,Buenos Aires,2268.0,900.0,13968.0
1000009842,20240210,2024-02-10 06:49:44,1427,2,4,Mendoza,3395.7,0.0,19565.7
1000009843,20241008,2024-10-08 14:11:54,318,1,2,Córdoba,16654.68,900.0,96862.68
1000009844,20250316,2025-03-16 21:58:50,143,1,1,Buenos Aires,12196.8,1200.0,71476.8
1000009845,20240718,2024-07-18 06:02:37,824,2,3,Santa Fe,10253.25,0.0,59078.25
1000009846,20241103,2024-11-03 14:03:27,828,1,2,Córdoba,2778.3,1500.0,17508.3
1000009847,20240813,2024-08-13 13:58:25,534,1,2,Córdoba,5040.0,900.0,29940.0
1000009848,20240523,2024-05-23 11:36:49,958,1,1,Buenos Aires,3395.7,900.0,20465.7
1000009849,20240917,2024-09-17 22:33:24,541,2,4,Mendoza,4536.0,0.0,26136.0
1000009850,20250411,2025-04-11 10:38:14,884,2,4,Mendoza,10332.0,0.0,59532.0
1000009851,20250715,2025-07-15 04:08:16,1020,2,4,Mendoza,16632.0,0.0,95832.0
1000009852,20240614,2024-06-14 09:14:20,603,1,4,Mendoza,10972.08,900.0,64120.08
1000009853,20240421,2024-04-21 15:21:39,1325,1,1,Buenos Aires,3465.0,0.0,19965.0
1000009854,20240102,2024-01-02 09:11:39,1287,1,2,Córdoba,4309.2,900.0,25729.2
1000009855,20241206,2024-12-06 05:21:29,1246,1,3,Santa Fe,4788.0,1200.0,28788.0
1000009856,20241118,2024-11-18 00:26:10,918,1,1,Buenos Aires,5292.0,900.0,31392.0
1000009857,20250505,2025-05-05 03:41:53,137,2,3,Santa Fe,13545.0,0.0,78045.0
1000009858,20250426,2025-04-26 06:03:26,1029,1,1,Buenos Aires,14742.0,900.0,85842.0
1000009859,20250605,2025-06-05 07:54:02,233,2,4,Mendoza,7182.0,0.0,41382.0
1000009860,20250102,2025-01-02 21:54:14,1379,1,1,Buenos Aires,15907.5,0.0,91657.5
1000009861,20250521,2025-05-21 19:20:29,218,2,4,Mendoza,15913.8,0.0,91693.8
1000009862,20250727,2025-07-27 08:35:25,1027,1,2,Córdoba,14961.24,1200.0,87405.24
1000009863,20241122,2024-11-22 20:42:39,1372,2,1,Buenos Aires,9261.0,0.0,53361.0
1000009864,20240203,2024-02-03 08:11:48,1214,1,1,Buenos Aires,5922.0,1200.0,35322.0
1000009865,20240715,2024-07-15 01:29:34,1405,2,4,Mendoza,6174.0,0.0,35574.0
1000009866,20240507,2024-05-07 12:19:19,1218,2,2,Córdoba,4536.0,0.0,26136.0
1000009867,20250703,2025-07-03 15:05:57,788,1,2,Córdoba,10332.0,900.0,60432.0
1000009868,20240601,2024-06-01 10:37:15,1274,2,2,Córdoba,6123.6,0.0,35283.6
1000009869,20241112,2024-11-12 22:39:41,553,1,1,Buenos Aires,9450.0,900.0,55350.0
1000009870,20250916,2025-09-16 09:41:43,1075,2,4,Mendoza,2154.6,0.0,12414.6
1000009871,20250507,2025-05-07 02:41:01,538,1,1,Buenos Aires,12499.2,900.0,72919.2
1000009872,20250303,2025-03-03 19:41:36,160,1,1,Buenos Aires,2268.0,0.0,13068.0
1000009873,20240429,2024-04-29 12:16:11,908,1,1,Buenos Aires,4536.0,1500.0,27636.0
1000009874,20250611,2025-06-11 10:00:56,750,1,1,Buenos Aires,5985.0,1200.0,35685.0
1000009875,20240913,2024-09-13 01:40:50,486,1,1,Buenos Aires,7484.4,1200.0,44324.4
1000009876,20250708,2025-07-08 17:11:40,171,2,2,Córdoba,12348.0,0.0,71148.0
1000009877,20240715,2024-07-15 01:33:10,22,1,1,Buenos Aires,5355.0,1200.0,32055.0
1000009878,20250318,2025-03-18 11:35:14,610,1,4,Mendoza,5985.0,900.0,35385.0
1000009879,20240611,2024-06-11 03:52:35,1465,1,1,Buenos Aires,7408.8,900.0,43588.8
1000009880,20240309,2024-03-09 23:40:18,1288,2,4,Mendoza,11113.2,0.0,64033.2
1000009881,20250601,2025-06-01 08:39:57,613,1,1,Buenos Aires,5670.0,900.0,33570.0
1000009882,20250624,2025-06-24 18:54:21,342,2,2,Córdoba,2646.0,0.0,15246.0
1000009883,20240615,2024-06-15 18:56:10,743,2,2,Córdoba,11746.35,0.0,67681.35
1000009884,20250401,2025-04-01 23:02:54,14,2,2,Córdoba,2976.75,0.0,17151.75
1000009885,20240315,2024-03-15 11:54:13,1047,2,4,Mendoza,9261.0,0.0,53361.0
1000009886,20250313,2025-03-13 11:38:09,1464,1,3,Santa Fe,7654.5,0.0,44104.5
1000009887,20240421,2024-04-21 14:13:24,1263,1,1,Buenos Aires,5103.0,1200.0,30603.0
1000009888,20250504,2025-05-04 07:45:08,1384,1,2,Córdoba,2992.5,0.0,17242.5
1000009889,20250322,2025-03-22 23:09:40,564,1,1,Buenos Aires,4788.0,1200.0,28788.0
1000009890,20241204,2024-12-04 09:41:11,1405,1,1,Buenos Aires,6174.0,1200.0,36774.0
1000009891,20250211,2025-02-11 06:46:10,188,1,1,Buenos Aires,8341.2,1200.0,49261.2
1000009892,20241024,2024-10-24 05:50:58,1496,2,3,Santa Fe,8334.9,0.0,48024.9
1000009893,20241006,2024-10-06 06:12:51,1360,2,1,Buenos Aires,11203.92,0.0,64555.92
1000009894,20240119,2024-01-19 22:35:20,622,2,4,Mendoza,8505.0,0.0,49005.0
1000009895,20240826,2024-08-26 13:14:20,386,1,1,Buenos Aires,5556.6,0.0,32016.6
1000009896,20250201,2025-02-01 12:01:19,214,2,3,Santa Fe,17734.5,0.0,102184.5
1000009897,20240125,2024-01-25 00:31:32,895,1,4,Mendoza,2268.0,900.0,13968.0
1000009898,20250516,2025-05-16 15:38:10,837,2,3,Santa Fe,7182.0,0.0,41382.0
1000009899,20250912,2025-09-12 10:42:07,829,2,1,Buenos Aires,4939.2,0.0,28459.2
1000009900,20250521,2025-05-21 20:54:32,1037,1,1,Buenos Aires,11566.8,1200.0,67846.8
1000009901,20250316,2025-03-16 22:41:10,1059,2,1,Buenos Aires,6804.0,0.0,39204.0
1000009902,20250214,2025-02-14 18:16:50,66,1,4,Mendoza,3087.0,0.0,17787.0
1000009903,20240606,2024-06-06 03:04:09,939,2,2,Córdoba,2222.64,0.0,12806.64
1000009904,20250514,2025-05-14 21:32:52,489,2,3,Santa Fe,14628.6,0.0,84288.6
1000009905,20240115,2024-01-15 14:04:38,1208,2,1,Buenos Aires,5985.0,0.0,34485.0
1000009906,20250627,2025-06-27 20:31:45,1172,2,4,Mendoza,3291.75,0.0,18966.75
1000009907,20240117,2024-01-17 15:10:07,75,2,4,Mendoza,3087.0,0.0,17787.0
1000009908,20250725,2025-07-25 12:03:44,573,2,4,Mendoza,2394.0,0.0,13794.0
1000009909,20240920,2024-09-20 05:22:27,612,1,2,Córdoba,9426.38,1500.0,55813.88
1000009910,20241027,2024-10-27 05:51:43,1184,2,4,Mendoza,4309.2,0.0,24829.2
1000009911,20241221,2024-12-21 10:35:22,119,2,4,Mendoza,5670.0,0.0,32670.0
1000009912,20240528,2024-05-28 13:40:08,21,2,4,Mendoza,13608.0,0.0,78408.0
1000009913,20241108,2024-11-08 20:28:16,1179,2,2,Córdoba,7560.0,0.0,43560.0
1000009914,20240809,2024-08-09 12:14:09,1259,1,2,Córdoba,9426.38,1200.0,55513.88
1000009915,20240904,2024-09-04 10:19:03,234,2,3,Santa Fe,9576.0,0.0,55176.0
1000009916,20250728,2025-07-28 10:09:25,354,1,1,Buenos Aires,7856.1,1500.0,46766.1
1000009917,20240130,2024-01-30 06:26:30,1395,1,1,Buenos Aires,6300.0,0.0,36300.0
1000009918,20240127,2024-01-27 11:34:15,368,2,1,Buenos Aires,4939.2,0.0,28459.2
1000009919,20250420,2025-04-20 22:42:53,1436,1,2,Córdoba,5670.0,0.0,32670.0
1000009920,20240407,2024-04-07 16:23:28,224,2,2,Córdoba,5764.5,0.0,33214.5
1000009921,20250116,2025-01-16 06:13:44,447,2,1,Buenos Aires,6174.0,0.0,35574.0
1000009922,20241112,2024-11-12 16:34:14,1116,1,1,Buenos Aires,7182.0,1500.0,42882.0
1000009923,20250802,2025-08-02 00:28:27,2,1,1,Buenos Aires,3150.0,0.0,18150.0
1000009924,20250512,2025-05-12 21:32:52,1070,2,4,Mendoza,9450.0,0.0,54450.0
1000009925,20240128,2024-01-28 10:37:09,540,1,1,Buenos Aires,15907.5,1200.0,92857.5
1000009926,20241221,2024-12-21 00:43:05,296,1,1,Buenos Aires,14915.25,0.0,85940.25
1000009927,20240503,2024-05-03 05:39:29,1258,2,4,Mendoza,4989.6,0.0,28749.6
1000009928,20250111,2025-01-11 12:01:56,694,2,3,Santa Fe,6482.7,0.0,37352.7
1000009929,20250618,2025-06-18 11:23:28,548,1,1,Buenos Aires,5670.0,1200.0,33870.0
1000009930,20240630,2024-06-30 05:14:53,725,1,2,Córdoba,6123.6,1200.0,36483.6
1000009931,20250803,2025-08-03 19:53:18,843,2,4,Mendoza,8977.5,0.0,51727.5
1000009932,20241104,2024-11-04 19:34:14,181,1,1,Buenos Aires,6463.8,1200.0,38443.8
1000009933,20250331,2025-03-31 12:24:56,881,2,1,Buenos Aires,6930.0,0.0,39930.0
1000009934,20241201,2024-12-01 11:14:33,813,1,2,Córdoba,6174.0,900.0,36474.0
1000009935,20241013,2024-10-13 08:04:43,1245,1,2,Córdoba,2268.0,1500.0,14568.0
1000009936,20250822,2025-08-22 06:10:15,183,1,2,Córdoba,7560.0,1200.0,44760.0
1000009937,20240623,2024-06-23 03:15:17,1266,1,1,Buenos Aires,2041.2,900.0,12661.2
1000009938,20240314,2024-03-14 04:41:14,1287,1,1,Buenos Aires,9828.0,1200.0,57828.0
1000009939,20241013,2024-10-13 17:14:08,773,1,3,Santa Fe,8505.0,900.0,49905.0
1000009940,20250730,2025-07-30 21:49:49,829,2,2,Córdoba,2835.0,0.0,16335.0
1000009941,20250118,2025-01-18 05:42:51,666,2,4,Mendoza,5386.5,0.0,31036.5
1000009942,20241121,2024-11-21 15:32:04,331,1,2,Córdoba,9724.05,900.0,56929.05
1000009943,20240321,2024-03-21 00:27:42,1457,2,2,Córdoba,5433.12,0.0,31305.12
1000009944,20250102,2025-01-02 04:14:37,763,1,1,Buenos Aires,4536.0,1200.0,27336.0
1000009945,20250823,2025-08-23 06:16:43,149,2,3,Santa Fe,3087.0,0.0,17787.0
1000009946,20250928,2025-09-28 20:33:14,1003,1,1,Buenos Aires,7560.0,1500.0,45060.0
1000009947,20250529,2025-05-29 22:46:44,1039,2,1,Buenos Aires,5985.0,0.0,34485.0
1000009948,20240107,2024-01-07 03:29:56,1415,1,1,Buenos Aires,7408.8,900.0,43588.8
1000009949,20240604,2024-06-04 20:35:37,292,1,3,Santa Fe,9922.5,1200.0,58372.5
1000009950,20250108,2025-01-08 19:18:52,405,1,2,Córdoba,6463.8,0.0,37243.8
1000009951,20241113,2024-11-13 09:53:10,157,2,1,Buenos Aires,7560.0,0.0,43560.0
1000009952,20250523,2025-05-23 05:22:07,236,1,2,Córdoba,10395.0,900.0,60795.0
1000009953,20240403,2024-04-03 12:03:39,1178,2,4,Mendoza,2268.0,0.0,13068.0
1000009954,20250316,2025-03-16 09:12:55,819,2,3,Santa Fe,8334.9,0.0,48024.9
1000009955,20240915,2024-09-15 23:46:08,550,1,1,Buenos Aires,7560.0,900.0,44460.0
1000009956,20250522,2025-05-22 01:16:16,1430,1,2,Córdoba,9796.5,1200.0,57646.5
1000009957,20250318,2025-03-18 04:26:38,1356,1,1,Buenos Aires,6804.0,1200.0,40404.0
1000009958,20250112,2025-01-12 18:31:49,868,1,1,Buenos Aires,12594.96,1200.0,73770.96
1000009959,20250525,2025-05-25 01:08:36,586,1,1,Buenos Aires,3465.0,1200.0,21165.0
1000009960,20240308,2024-03-08 11:02:33,401,1,3,Santa Fe,2469.6,1500.0,15729.6
1000009961,20250713,2025-07-13 03:05:56,1161,1,2,Córdoba,3241.35,1500.0,20176.35
1000009962,20240614,2024-06-14 16:00:44,1077,1,3,Santa Fe,8079.75,900.0,47454.75
1000009963,20240912,2024-09-12 23:45:40,1145,2,4,Mendoza,8505.0,0.0,49005.0
1000009964,20250812,2025-08-12 17:23:27,971,2,4,Mendoza,4939.2,0.0,28459.2
1000009965,20240114,2024-01-14 04:04:06,473,1,1,Buenos Aires,2976.75,1200.0,18351.75
1000009966,20241008,2024-10-08 10:26:13,749,1,1,Buenos Aires,3150.0,0.0,18150.0
1000009967,20250423,2025-04-23 23:04:32,1261,2,2,Córdoba,2394.0,0.0,13794.0
1000009968,20250130,2025-01-30 09:10:12,1074,1,1,Buenos Aires,13406.4,1200.0,78446.4
1000009969,20240831,2024-08-31 01:37:58,998,1,1,Buenos Aires,5186.16,900.0,30782.16
1000009970,20240503,2024-05-03 13:12:00,861,1,2,Córdoba,9040.5,1200.0,53290.5
1000009971,20240819,2024-08-19 03:59:32,597,1,1,Buenos Aires,15006.6,0.0,86466.6
1000009972,20250423,2025-04-23 08:10:19,558,1,1,Buenos Aires,6174.0,1200.0,36774.0
1000009973,20240309,2024-03-09 07:37:53,651,1,1,Buenos Aires,5670.0,1200.0,33870.0
1000009974,20240911,2024-09-11 01:09:36,839,2,4,Mendoza,5040.0,0.0,29040.0
1000009975,20241212,2024-12-12 00:04:09,1361,2,2,Córdoba,7182.0,0.0,41382.0
1000009976,20240706,2024-07-06 06:13:53,1048,1,1,Buenos Aires,13417.74,0.0,77311.74
1000009977,20240423,2024-04-23 09:07:42,420,1,1,Buenos Aires,12852.0,900.0,74952.0
1000009978,20240129,2024-01-29 21:50:30,1136,2,1,Buenos Aires,6300.0,0.0,36300.0
1000009979,20240130,2024-01-30 14:54:07,665,2,1,Buenos Aires,6300.0,0.0,36300.0
1000009980,20241017,2024-10-17 18:57:01,1244,1,1,Buenos Aires,7408.8,1200.0,43888.8
1000009981,20240630,2024-06-30 23:04:19,413,1,3,Santa Fe,2469.6,1200.0,15429.6
1000009982,20250113,2025-01-13 22:28:58,61,1,1,Buenos Aires,5027.4,0.0,28967.4
1000009983,20250904,2025-09-04 11:21:26,995,1,3,Santa Fe,2513.7,1500.0,15983.7
1000009984,20241202,2024-12-02 08:30:10,566,2,3,Santa Fe,15813.0,0.0,91113.0
1000009985,20240829,2024-08-29 17:40:01,739,1,1,Buenos Aires,3142.12,1500.0,19604.62
1000009986,20241007,2024-10-07 16:30:56,400,2,3,Santa Fe,8079.75,0.0,46554.75
1000009987,20240322,2024-03-22 15:26:08,613,2,1,Buenos Aires,2513.7,0.0,14483.7
1000009988,20240617,2024-06-17 18:48:37,632,1,1,Buenos Aires,9450.0,1200.0,55650.0
1000009989,20240213,2024-02-13 23:25:24,233,1,1,Buenos Aires,18427.5,1500.0,107677.5
1000009990,20240221,2024-02-21 07:45:43,1104,1,1,Buenos Aires,6463.8,900.0,38143.8
1000009991,20250628,2025-06-28 06:47:41,101,1,1,Buenos Aires,21325.5,1200.0,124075.5
1000009992,20240605,2024-06-05 12:51:51,1025,1,1,Buenos Aires,4939.2,900.0,29359.2
1000009993,20250327,2025-03-27 22:51:35,1467,1,2,Córdoba,14238.0,1500.0,83538.0
1000009994,20240607,2024-06-07 11:26:40,946,1,2,Córdoba,4989.6,900.0,29649.6
1000009995,20250109,2025-01-09 18:15:15,1229,2,3,Santa Fe,7408.8,0.0,42688.8
1000009996,20250313,2025-03-13 02:01:05,1477,2,4,Mendoza,6463.8,0.0,37243.8
1000009997,20250517,2025-05-17 15:38:46,341,1,1,Buenos Aires,7853.58,900.0,46151.58
1000009998,20250303,2025-03-03 01:05:05,1392,1,2,Córdoba,3465.0,1200.0,21165.0
1000009999,20240604,2024-06-04 06:10:43,1500,1,1,Buenos Aires,16821.0,1500.0,98421.0
1000010000,20250211,2025-02-11 22:05:09,564,2,4,Mendoza,6804.0,0.0,39204.0
1000010001,20240219,2024-02-19 08:17:29,595,1,1,Buenos Aires,8423.1,1500.0,50033.1
1000010002,20241004,2024-10-04 18:36:29,893,1,1,Buenos Aires,15384.6,900.0,89544.6
1000010003,20240320,2024-03-20 09:10:20,760,2,2,Córdoba,3150.0,0.0,18150.0
1000010004,20240603,2024-06-03 21:26:52,1223,1,1,Buenos Aires,2469.6,0.0,14229.6
1000010005,20240809,2024-08-09 00:07:58,981,2,1,Buenos Aires,4989.6,0.0,28749.6
1000010006,20241125,2024-11-25 20:57:54,392,2,3,Santa Fe,6123.6,0.0,35283.6
1000010007,20240714,2024-07-14 23:36:34,624,1,1,Buenos Aires,7182.0,1200.0,42582.0
1000010008,20250204,2025-02-04 06:44:44,375,1,1,Buenos Aires,6615.0,0.0,38115.0
1000010009,20240213,2024-02-13 03:02:56,514,1,1,Buenos Aires,8977.5,900.0,52627.5
1000010010,20240702,2024-07-02 10:27:40,295,2,3,Santa Fe,8149.68,0.0,46957.68
1000010011,20240115,2024-01-15 04:18:53,1173,1,2,Córdoba,6667.92,1200.0,39619.92
1000010012,20240609,2024-06-09 06:30:31,1493,2,3,Santa Fe,4082.4,0.0,23522.4
1000010013,20250302,2025-03-02 06:47:21,712,1,3,Santa Fe,5701.5,0.0,32851.5
1000010014,20240909,2024-09-09 23:19:27,1455,1,2,Córdoba,2551.5,900.0,15601.5
1000010015,20250201,2025-02-01 08:26:46,691,1,1,Buenos Aires,6615.0,900.0,39015.0
1000010016,20240828,2024-08-28 16:46:16,1445,2,2,Córdoba,13419.0,0.0,77319.0
1000010017,20240629,2024-06-29 19:34:43,1451,2,3,Santa Fe,5040.0,0.0,29040.0
1000010018,20250323,2025-03-23 15:57:16,236,1,1,Buenos Aires,5103.0,1200.0,30603.0
1000010019,20250716,2025-07-16 16:28:12,49,1,2,Córdoba,6300.0,1200.0,37500.0
1000010020,20240812,2024-08-12 03:24:22,935,1,4,Mendoza,2154.6,900.0,13314.6
1000010021,20240303,2024-03-03 12:55:27,1364,1,2,Córdoba,9426.38,1200.0,55513.88
1000010022,20240714,2024-07-14 20:38:24,903,1,2,Córdoba,2394.0,0.0,13794.0
1000010023,20250405,2025-04-05 23:01:38,966,1,1,Buenos Aires,6300.0,0.0,36300.0
1000010024,20241231,2024-12-31 11:24:25,433,1,1,Buenos Aires,9450.0,0.0,54450.0
1000010025,20250911,2025-09-11 14:39:31,1248,2,3,Santa Fe,2992.5,0.0,17242.5
1000010026,20250508,2025-05-08 10:25:56,519,2,3,Santa Fe,2835.0,0.0,16335.0
1000010027,20240219,2024-02-19 01:49:34,286,2,4,Mendoza,8505.0,0.0,49005.0
1000010028,20240514,2024-05-14 20:59:17,391,2,2,Córdoba,7005.6,0.0,40365.6
1000010029,20240415,2024-04-15 14:42:01,1445,2,2,Córdoba,6463.8,0.0,37243.8
1000010030,20240609,2024-06-09 22:53:16,547,1,4,Mendoza,2268.0,900.0,13968.0
1000010031,20250705,2025-07-05 01:07:48,1093,2,3,Santa Fe,9072.0,0.0,52272.0
1000010032,20250818,2025-08-18 20:43:28,1482,1,1,Buenos Aires,2268.0,900.0,13968.0
1000010033,20241216,2024-12-16 08:04:43,1395,1,1,Buenos Aires,4309.2,1200.0,26029.2
1000010034,20250921,2025-09-21 01:55:33,912,2,2,Córdoba,4939.2,0.0,28459.2
1000010035,20240415,2024-04-15 13:29:47,311,1,3,Santa Fe,10710.0,900.0,62610.0
1000010036,20250913,2025-09-13 11:18:42,516,1,1,Buenos Aires,5186.16,1200.0,31082.16
1000010037,20240630,2024-06-30 08:52:43,164,1,4,Mendoza,2381.4,1500.0,15221.4
1000010038,20240112,2024-01-12 06:36:38,918,2,3,Santa Fe,2835.0,0.0,16335.0
1000010039,20241214,2024-12-14 00:00:30,893,2,2,Córdoba,2992.5,0.0,17242.5
1000010040,20250529,2025-05-29 04:00:04,797,1,2,Córdoba,2268.0,1200.0,14268.0
1000010041,20250316,2025-03-16 14:28:37,1046,2,4,Mendoza,4536.0,0.0,26136.0
1000010042,20250526,2025-05-26 19:20:03,618,1,1,Buenos Aires,5670.0,1200.0,33870.0
1000010043,20240701,2024-07-01 01:47:11,995,2,4,Mendoza,6482.7,0.0,37352.7
1000010044,20250419,2025-04-19 04:44:30,400,1,1,Buenos Aires,3142.12,1200.0,19304.62
1000010045,20250330,2025-03-30 06:03:46,920,1,1,Buenos Aires,14376.6,900.0,83736.6
1000010046,20250723,2025-07-23 06:45:12,58,2,1,Buenos Aires,14716.8,0.0,84796.8
1000010047,20240114,2024-01-14 04:32:08,1275,1,1,Buenos Aires,3291.75,1500.0,20466.75
1000010048,20250107,2025-01-07 09:27:38,1362,1,1,Buenos Aires,10836.0,1200.0,63636.0
1000010049,20240208,2024-02-08 20:42:21,1,1,1,Buenos Aires,5040.0,1200.0,30240.0
1000010050,20240905,2024-09-05 02:37:18,795,1,1,Buenos Aires,2520.0,1200.0,15720.0
1000010051,20240209,2024-02-09 07:20:13,1306,2,3,Santa Fe,7938.0,0.0,45738.0
1000010052,20250429,2025-04-29 07:14:00,681,1,3,Santa Fe,6300.0,900.0,37200.0
1000010053,20250805,2025-08-05 13:51:24,1162,2,2,Córdoba,7818.3,0.0,45048.3
1000010054,20240706,2024-07-06 14:22:39,1204,2,4,Mendoza,2268.0,0.0,13068.0
1000010055,20240422,2024-04-22 10:11:30,1442,2,1,Buenos Aires,5386.5,0.0,31036.5
1000010056,20250309,2025-03-09 13:29:20,1216,2,3,Santa Fe,4939.2,0.0,28459.2
1000010057,20240501,2024-05-01 03:23:17,1400,2,1,Buenos Aires,4788.0,0.0,27588.0
1000010058,20250415,2025-04-15 07:15:14,61,1,1,Buenos Aires,3087.0,900.0,18687.0
1000010059,20250615,2025-06-15 04:09:31,298,1,1,Buenos Aires,21101.85,1200.0,122786.85
1000010060,20250125,2025-01-25 21:52:21,903,2,1,Buenos Aires,5481.0,0.0,31581.0
1000010061,20250723,2025-07-23 15:06:22,739,1,2,Córdoba,7547.4,0.0,43487.4
1000010062,20250227,2025-02-27 10:40:08,1339,2,2,Córdoba,8057.7,0.0,46427.7
1000010063,20240802,2024-08-02 00:19:39,615,1,1,Buenos Aires,5670.0,1200.0,33870.0
1000010064,20241117,2024-11-17 11:34:15,1192,1,1,Buenos Aires,12789.0,1500.0,75189.0
1000010065,20240205,2024-02-05 11:30:18,1291,1,3,Santa Fe,4445.28,900.0,26513.28
1000010066,20250311,2025-03-11 22:27:13,1459,1,3,Santa Fe,4939.2,900.0,29359.2
1000010067,20241128,2024-11-28 22:17:38,541,1,4,Mendoza,10168.2,1500.0,60088.2
1000010068,20241227,2024-12-27 13:23:54,797,1,3,Santa Fe,7560.0,0.0,43560.0
1000010069,20240220,2024-02-20 17:16:56,537,2,2,Córdoba,2394.0,0.0,13794.0
1000010070,20250214,2025-02-14 09:35:19,1396,1,1,Buenos Aires,7408.8,900.0,43588.8
1000010071,20250223,2025-02-23 04:51:35,1160,1,1,Buenos Aires,2520.0,0.0,14520.0
1000010072,20250516,2025-05-16 23:20:41,884,1,1,Buenos Aires,7560.0,1200.0,44760.0
1000010073,20250419,2025-04-19 06:18:26,1209,2,4,Mendoza,11746.35,0.0,67681.35
1000010074,20240518,2024-05-18 03:12:28,1174,1,4,Mendoza,18333.0,1500.0,107133.0
1000010075,20240721,2024-07-21 13:48:58,1159,2,1,Buenos Aires,9724.05,0.0,56029.05
1000010076,20240712,2024-07-12 14:47:15,889,1,4,Mendoza,6174.0,1200.0,36774.0
1000010077,20241204,2024-12-04 20:51:40,667,1,1,Buenos Aires,3150.0,1500.0,19650.0
1000010078,20250413,2025-04-13 08:37:27,1314,2,2,Córdoba,5027.4,0.0,28967.4
1000010079,20250106,2025-01-06 21:12:13,1133,1,3,Santa Fe,6804.0,0.0,39204.0
1000010080,20240829,2024-08-29 14:41:29,1348,1,1,Buenos Aires,3307.5,1200.0,20257.5
1000010081,20240222,2024-02-22 00:02:07,1016,1,3,Santa Fe,2394.0,900.0,14694.0
1000010082,20250424,2025-04-24 05:59:58,53,2,3,Santa Fe,2268.0,0.0,13068.0
1000010083,20241129,2024-11-29 17:36:19,229,1,1,Buenos Aires,2593.08,1200.0,16141.08
1000010084,20240319,2024-03-19 11:39:59,794,1,1,Buenos Aires,2469.6,1200.0,15429.6
1000010085,20240105,2024-01-05 08:34:14,462,2,1,Buenos Aires,6300.0,0.0,36300.0
1000010086,20240219,2024-02-19 18:17:28,1240,1,1,Buenos Aires,5040.0,900.0,29940.0
1000010087,20250909,2025-09-09 11:45:26,681,2,1,Buenos Aires,2469.6,0.0,14229.6
1000010088,20240731,2024-07-31 05:31:51,522,1,1,Buenos Aires,6804.0,900.0,40104.0
1000010089,20250826,2025-08-26 00:23:54,262,1,3,Santa Fe,2268.0,1200.0,14268.0
1000010090,20240825,2024-08-25 12:45:28,543,1,1,Buenos Aires,7144.2,0.0,41164.2
1000010091,20250105,2025-01-05 16:48:06,451,1,3,Santa Fe,3087.0,0.0,17787.0
1000010092,20240925,2024-09-25 12:54:43,905,1,1,Buenos Aires,4788.0,1200.0,28788.0
1000010093,20240403,2024-04-03 00:32:19,360,1,4,Mendoza,2469.6,1200.0,15429.6
1000010094,20250818,2025-08-18 08:22:52,956,2,2,Córdoba,7182.0,0.0,41382.0
1000010095,20250330,2025-03-30 02:33:06,295,1,2,Córdoba,5040.0,1200.0,30240.0
1000010096,20250303,2025-03-03 21:03:53,129,1,2,Córdoba,2520.0,900.0,15420.0
1000010097,20250531,2025-05-31 00:03:32,412,2,4,Mendoza,6123.6,0.0,35283.6
1000010098,20250306,2025-03-06 22:16:45,5,1,1,Buenos Aires,10619.28,1200.0,62387.28
1000010099,20250415,2025-04-15 18:57:24,1252,2,4,Mendoza,3150.0,0.0,18150.0
1000010100,20241020,2024-10-20 19:13:45,968,2,1,Buenos Aires,5040.0,0.0,29040.0
1000010101,20240626,2024-06-26 10:16:20,313,1,2,Córdoba,10974.6,900.0,64134.6
1000010102,20250110,2025-01-10 23:55:51,967,1,4,Mendoza,8505.0,900.0,49905.0
1000010103,20250128,2025-01-28 18:18:30,805,2,1,Buenos Aires,2268.0,0.0,13068.0
1000010104,20240922,2024-09-22 13:50:58,1271,1,1,Buenos Aires,14849.1,900.0,86459.1
1000010105,20240422,2024-04-22 10:11:05,1040,2,1,Buenos Aires,6174.0,0.0,35574.0
1000010106,20240406,2024-04-06 17:57:02,1118,2,3,Santa Fe,12751.2,0.0,73471.2
1000010107,20241025,2024-10-25 03:51:28,135,2,1,Buenos Aires,12931.38,0.0,74509.38
1000010108,20250829,2025-08-29 21:42:15,138,1,2,Córdoba,2520.0,1500.0,16020.0
1000010109,20250405,2025-04-05 05:13:23,1163,1,4,Mendoza,3465.0,1500.0,21465.0
1000010110,20240713,2024-07-13 18:56:55,1318,1,2,Córdoba,5040.0,1200.0,30240.0
1000010111,20250329,2025-03-29 10:13:44,1332,1,1,Buenos Aires,5985.0,1200.0,35685.0
1000010112,20250904,2025-09-04 19:36:44,424,1,1,Buenos Aires,9150.75,900.0,53625.75
1000010113,20250823,2025-08-23 17:23:35,350,2,3,Santa Fe,4536.0,0.0,26136.0
1000010114,20250903,2025-09-03 08:58:47,731,1,1,Buenos Aires,12952.8,900.0,75532.8
1000010115,20240603,2024-06-03 15:07:25,557,2,2,Córdoba,24475.5,0.0,141025.5
1000010116,20250417,2025-04-17 13:01:43,1174,2,1,Buenos Aires,5186.16,0.0,29882.16
1000010117,20250104,2025-01-04 13:16:12,745,1,2,Córdoba,11714.85,900.0,68399.85
1000010118,20250616,2025-06-16 02:41:44,492,1,1,Buenos Aires,6804.0,1500.0,40704.0
1000010119,20240513,2024-05-13 14:17:05,835,2,4,Mendoza,5777.1,0.0,33287.1
1000010120,20240708,2024-07-08 14:27:23,196,1,1,Buenos Aires,7408.8,1200.0,43888.8
1000010121,20240623,2024-06-23 12:39:35,1468,2,2,Córdoba,7938.0,0.0,45738.0
1000010122,20240513,2024-05-13 01:36:06,19,2,2,Córdoba,8026.2,0.0,46246.2
1000010123,20250206,2025-02-06 14:09:58,1042,1,2,Córdoba,6804.0,1500.0,40704.0
1000010124,20250116,2025-01-16 12:30:22,495,1,4,Mendoza,3150.0,900.0,19050.0
1000010125,20250121,2025-01-21 17:06:47,743,2,1,Buenos Aires,5670.0,0.0,32670.0
1000010126,20240107,2024-01-07 04:42:41,505,2,2,Córdoba,17331.3,0.0,99861.3
1000010127,20240502,2024-05-02 09:47:47,474,1,1,Buenos Aires,7560.0,900.0,44460.0
1000010128,20240816,2024-08-16 02:40:09,51,1,1,Buenos Aires,7654.5,900.0,45004.5
1000010129,20241004,2024-10-04 12:49:44,882,1,2,Córdoba,7182.0,1200.0,42582.0
1000010130,20250123,2025-01-23 03:02:07,77,2,1,Buenos Aires,10747.8,0.0,61927.8
1000010131,20240828,2024-08-28 20:52:06,348,2,4,Mendoza,13267.8,0.0,76447.8
1000010132,20240601,2024-06-01 04:10:08,1381,1,2,Córdoba,17488.8,900.0,101668.8
1000010133,20240604,2024-06-04 02:03:39,552,1,2,Córdoba,2593.08,1200.0,16141.08
1000010134,20250813,2025-08-13 09:49:03,1184,1,1,Buenos Aires,5544.0,1500.0,33444.0
1000010135,20240504,2024-05-04 22:48:54,873,1,2,Córdoba,7182.0,1200.0,42582.0
1000010136,20240407,2024-04-07 11:10:16,744,1,2,Córdoba,5670.0,0.0,32670.0
1000010137,20240730,2024-07-30 21:33:40,284,2,4,Mendoza,7182.0,0.0,41382.0
1000010138,20240718,2024-07-18 21:32:35,858,2,4,Mendoza,13718.25,0.0,79043.25
1000010139,20250401,2025-04-01 17:03:25,462,1,1,Buenos Aires,4939.2,900.0,29359.2
1000010140,20250323,2025-03-23 21:03:03,1489,2,4,Mendoza,7182.0,0.0,41382.0
1000010141,20240502,2024-05-02 06:01:05,954,2,4,Mendoza,7182.0,0.0,41382.0
1000010142,20241126,2024-11-26 17:58:32,897,2,2,Córdoba,16821.0,0.0,96921.0
1000010143,20240327,2024-03-27 01:26:24,715,1,1,Buenos Aires,20125.35,1500.0,117460.35
1000010144,20240411,2024-04-11 07:20:02,498,1,4,Mendoza,7408.8,1500.0,44188.8
1000010145,20250701,2025-07-01 21:46:55,971,1,1,Buenos Aires,9016.56,0.0,51952.56
1000010146,20240701,2024-07-01 20:31:42,878,2,4,Mendoza,10395.0,0.0,59895.0
1000010147,20250505,2025-05-05 10:44:17,16,2,3,Santa Fe,2520.0,0.0,14520.0
1000010148,20240430,2024-04-30 23:05:49,1491,2,2,Córdoba,14238.0,0.0,82038.0
1000010149,20250507,2025-05-07 01:33:49,404,2,1,Buenos Aires,5953.5,0.0,34303.5
1000010150,20250710,2025-07-10 05:56:34,177,1,1,Buenos Aires,9261.0,1500.0,54861.0
1000010151,20240827,2024-08-27 01:14:42,1445,1,3,Santa Fe,4536.0,900.0,27036.0
1000010152,20240331,2024-03-31 18:36:32,409,1,1,Buenos Aires,8977.5,900.0,52627.5
1000010153,20240329,2024-03-29 12:58:00,1073,2,4,Mendoza,2835.0,0.0,16335.0
1000010154,20240603,2024-06-03 02:17:26,692,2,4,Mendoza,4536.0,0.0,26136.0
1000010155,20240605,2024-06-05 06:10:55,1230,1,1,Buenos Aires,2693.25,1200.0,16718.25
1000010156,20241001,2024-10-01 16:39:39,1488,1,1,Buenos Aires,6829.2,900.0,40249.2
1000010157,20250222,2025-02-22 10:57:10,1203,1,4,Mendoza,12171.6,900.0,71031.6
1000010158,20250509,2025-05-09 03:59:00,46,1,1,Buenos Aires,2268.0,900.0,13968.0
1000010159,20250913,2025-09-13 12:50:30,757,1,2,Córdoba,9450.0,900.0,55350.0
1000010160,20240202,2024-02-02 04:45:45,248,1,2,Córdoba,2268.0,1200.0,14268.0
1000010161,20250222,2025-02-22 09:53:39,1107,2,3,Santa Fe,2551.5,0.0,14701.5
1000010162,20240810,2024-08-10 04:54:56,1158,2,3,Santa Fe,2381.4,0.0,13721.4
1000010163,20250217,2025-02-17 11:52:40,102,1,1,Buenos Aires,7774.2,900.0,45694.2
1000010164,20250605,2025-06-05 09:18:21,1250,1,1,Buenos Aires,4762.8,1500.0,28942.8
1000010165,20240103,2024-01-03 10:01:39,100,2,4,Mendoza,2520.0,0.0,14520.0
1000010166,20240415,2024-04-15 12:38:35,40,1,2,Córdoba,12927.6,900.0,75387.6
1000010167,20250320,2025-03-20 16:48:41,956,1,2,Córdoba,8505.0,1200.0,50205.0
1000010168,20250212,2025-02-12 13:06:41,1463,1,1,Buenos Aires,9426.38,1200.0,55513.88
1000010169,20250326,2025-03-26 20:09:32,1247,2,2,Córdoba,2469.6,0.0,14229.6
1000010170,20250618,2025-06-18 22:13:03,356,1,3,Santa Fe,6123.6,1200.0,36483.6
1000010171,20240505,2024-05-05 02:16:40,69,1,2,Córdoba,2976.75,1200.0,18351.75
1000010172,20240815,2024-08-15 07:09:01,1428,2,2,Córdoba,5433.12,0.0,31305.12
1000010173,20240330,2024-03-30 11:40:51,1015,1,3,Santa Fe,12789.0,900.0,74589.0
1000010174,20250214,2025-02-14 15:27:25,57,1,1,Buenos Aires,9355.5,900.0,54805.5
1000010175,20250830,2025-08-30 07:48:37,864,1,2,Córdoba,12272.4,1500.0,72212.4
1000010176,20240217,2024-02-17 13:56:29,1175,1,1,Buenos Aires,2494.8,900.0,15274.8
1000010177,20250805,2025-08-05 06:29:10,981,1,1,Buenos Aires,9954.0,1200.0,58554.0
1000010178,20240427,2024-04-27 04:14:00,585,1,1,Buenos Aires,2520.0,1500.0,16020.0
1000010179,20240622,2024-06-22 04:03:06,1317,1,1,Buenos Aires,5292.0,0.0,30492.0
1000010180,20240820,2024-08-20 09:11:13,798,2,4,Mendoza,11694.38,0.0,67381.88
1000010181,20240820,2024-08-20 10:54:37,149,1,1,Buenos Aires,2268.0,1200.0,14268.0
1000010182,20250610,2025-06-10 13:42:43,690,1,1,Buenos Aires,4788.0,900.0,28488.0
1000010183,20240724,2024-07-24 00:17:20,1384,1,4,Mendoza,7541.1,1200.0,44651.1
1000010184,20241206,2024-12-06 16:20:47,750,2,1,Buenos Aires,12562.2,0.0,72382.2
1000010185,20250605,2025-06-05 03:45:28,874,2,3,Santa Fe,9261.0,0.0,53361.0
1000010186,20250228,2025-02-28 13:08:51,282,1,2,Córdoba,7144.2,900.0,42064.2
1000010187,20250714,2025-07-14 17:38:35,75,2,1,Buenos Aires,4989.6,0.0,28749.6
1000010188,20240302,2024-03-02 21:25:13,994,1,3,Santa Fe,4536.0,1200.0,27336.0
1000010189,20240329,2024-03-29 05:10:53,634,1,1,Buenos Aires,2268.0,900.0,13968.0
1000010190,20250421,2025-04-21 23:31:04,748,1,3,Santa Fe,8505.0,900.0,49905.0
1000010191,20240308,2024-03-08 22:02:26,835,2,2,Córdoba,5103.0,0.0,29403.0
1000010192,20241102,2024-11-02 03:11:28,11,1,3,Santa Fe,4762.8,900.0,28342.8
1000010193,20240510,2024-05-10 23:39:57,688,1,1,Buenos Aires,7144.2,1200.0,42364.2
1000010194,20250928,2025-09-28 10:40:29,1460,1,1,Buenos Aires,9450.0,900.0,55350.0
1000010195,20250903,2025-09-03 14:57:29,1406,1,1,Buenos Aires,7779.24,1200.0,46023.24
1000010196,20240712,2024-07-12 13:02:50,334,2,1,Buenos Aires,4445.28,0.0,25613.28
1000010197,20240917,2024-09-17 06:31:39,880,1,4,Mendoza,4309.2,1500.0,26329.2
1000010198,20240115,2024-01-15 07:59:28,814,2,4,Mendoza,10187.1,0.0,58697.1
1000010199,20240402,2024-04-02 11:33:31,1162,1,3,Santa Fe,5670.0,1200.0,33870.0
1000010200,20250122,2025-01-22 15:40:38,867,2,3,Santa Fe,12474.0,0.0,71874.0
1000010201,20240206,2024-02-06 10:38:15,682,2,1,Buenos Aires,5985.0,0.0,34485.0
1000010202,20240325,2024-03-25 21:38:14,294,1,4,Mendoza,15419.25,0.0,88844.25
1000010203,20250507,2025-05-07 00:45:21,1061,2,4,Mendoza,3395.7,0.0,19565.7
1000010204,20250905,2025-09-05 15:03:42,601,2,4,Mendoza,5027.4,0.0,28967.4
1000010205,20240407,2024-04-07 22:28:53,676,1,4,Mendoza,2268.0,1200.0,14268.0
1000010206,20240906,2024-09-06 22:35:04,232,1,1,Buenos Aires,20742.75,1200.0,120717.75
1000010207,20240108,2024-01-08 04:12:41,417,1,2,Córdoba,4939.2,900.0,29359.2
1000010208,20241101,2024-11-01 21:46:14,393,1,3,Santa Fe,7182.0,1200.0,42582.0
1000010209,20250108,2025-01-08 13:56:27,556,2,4,Mendoza,7408.8,0.0,42688.8
1000010210,20241004,2024-10-04 12:42:44,1029,2,4,Mendoza,6615.0,0.0,38115.0
1000010211,20250712,2025-07-12 06:01:33,588,1,1,Buenos Aires,2469.6,1500.0,15729.6
1000010212,20240728,2024-07-28 10:57:17,980,2,2,Córdoba,4536.0,0.0,26136.0
1000010213,20241128,2024-11-28 05:46:56,118,1,4,Mendoza,6583.5,1500.0,39433.5
1000010214,20250217,2025-02-17 17:35:31,677,1,1,Buenos Aires,7144.2,900.0,42064.2
1000010215,20250218,2025-02-18 17:30:08,26,1,1,Buenos Aires,4536.0,0.0,26136.0
1000010216,20250818,2025-08-18 06:55:14,315,1,2,Córdoba,14943.6,1200.0,87303.6
1000010217,20250630,2025-06-30 05:14:01,867,1,1,Buenos Aires,9922.5,1500.0,58672.5
1000010218,20250321,2025-03-21 16:24:57,147,2,1,Buenos Aires,8149.68,0.0,46957.68
1000010219,20250222,2025-02-22 14:07:34,169,2,3,Santa Fe,9450.0,0.0,54450.0
1000010220,20250417,2025-04-17 02:06:17,148,2,3,Santa Fe,3087.0,0.0,17787.0
1000010221,20240831,2024-08-31 16:02:53,1485,1,2,Córdoba,10804.5,0.0,62254.5
1000010222,20250706,2025-07-06 08:17:48,986,1,1,Buenos Aires,15479.1,900.0,90089.1
1000010223,20240720,2024-07-20 13:09:37,1300,2,2,Córdoba,10124.1,0.0,58334.1
1000010224,20250403,2025-04-03 09:35:44,904,1,3,Santa Fe,2992.5,1200.0,18442.5
1000010225,20250211,2025-02-11 09:58:29,714,1,1,Buenos Aires,11025.0,900.0,64425.0
1000010226,20240708,2024-07-08 15:57:37,864,1,1,Buenos Aires,4082.4,1200.0,24722.4
1000010227,20250305,2025-03-05 16:19:25,1413,1,3,Santa Fe,4536.0,1200.0,27336.0
1000010228,20250916,2025-09-16 08:18:26,496,1,1,Buenos Aires,7938.0,1500.0,47238.0
1000010229,20240801,2024-08-01 21:49:41,1175,1,1,Buenos Aires,9292.5,0.0,53542.5
1000010230,20250620,2025-06-20 16:19:03,1353,2,4,Mendoza,8079.75,0.0,46554.75
1000010231,20250910,2025-09-10 20:40:25,1207,1,1,Buenos Aires,3307.5,1200.0,20257.5
1000010232,20250519,2025-05-19 12:21:52,76,1,1,Buenos Aires,8505.0,0.0,49005.0
1000010233,20240208,2024-02-08 15:04:07,1245,1,2,Córdoba,7408.8,0.0,42688.8
1000010234,20240302,2024-03-02 17:33:00,1446,1,1,Buenos Aires,13765.5,0.0,79315.5
1000010235,20240416,2024-04-16 06:04:28,389,2,2,Córdoba,6583.5,0.0,37933.5
1000010236,20240912,2024-09-12 09:07:48,480,2,3,Santa Fe,8643.6,0.0,49803.6
1000010237,20241129,2024-11-29 09:31:50,1096,2,3,Santa Fe,5733.0,0.0,33033.0
1000010238,20240528,2024-05-28 14:49:46,46,1,3,Santa Fe,8505.0,900.0,49905.0
1000010239,20250325,2025-03-25 19:22:33,924,2,3,Santa Fe,14742.0,0.0,84942.0
1000010240,20250222,2025-02-22 01:27:13,168,1,1,Buenos Aires,9261.0,0.0,53361.0
1000010241,20240220,2024-02-20 04:07:46,1117,2,3,Santa Fe,11566.8,0.0,66646.8
1000010242,20241007,2024-10-07 23:50:07,658,1,1,Buenos Aires,4536.0,0.0,26136.0
1000010243,20240506,2024-05-06 18:10:16,98,1,3,Santa Fe,2394.0,1200.0,14994.0
1000010244,20240322,2024-03-22 21:00:22,942,1,1,Buenos Aires,6548.85,0.0,37733.85
1000010245,20240712,2024-07-12 07:18:55,376,1,1,Buenos Aires,2992.5,900.0,18142.5
1000010246,20240920,2024-09-20 19:47:10,401,1,1,Buenos Aires,8505.0,900.0,49905.0
1000010247,20241124,2024-11-24 16:14:44,1477,1,2,Córdoba,9875.25,1200.0,58100.25
1000010248,20240609,2024-06-09 00:17:34,1124,1,3,Santa Fe,7182.0,900.0,42282.0
1000010249,20250210,2025-02-10 00:09:23,446,1,3,Santa Fe,2976.75,1200.0,18351.75
1000010250,20240422,2024-04-22 03:34:08,1106,2,2,Córdoba,2268.0,0.0,13068.0
1000010251,20240317,2024-03-17 15:52:09,1182,2,3,Santa Fe,4939.2,0.0,28459.2
1000010252,20250108,2025-01-08 10:42:18,1433,1,2,Córdoba,5670.0,0.0,32670.0
1000010253,20240616,2024-06-16 23:03:58,298,2,3,Santa Fe,11032.56,0.0,63568.56
1000010254,20250629,2025-06-29 02:20:54,580,2,2,Córdoba,4536.0,0.0,26136.0
1000010255,20240922,2024-09-22 08:51:04,878,2,2,Córdoba,5506.2,0.0,31726.2
1000010256,20240227,2024-02-27 08:48:44,671,1,3,Santa Fe,3150.0,1200.0,19350.0
1000010257,20250627,2025-06-27 08:50:02,542,2,3,Santa Fe,2835.0,0.0,16335.0
1000010258,20240408,2024-04-08 17:10:50,215,1,1,Buenos Aires,2520.0,900.0,15420.0
1000010259,20240223,2024-02-23 20:49:16,69,1,3,Santa Fe,3465.0,900.0,20865.0
1000010260,20250401,2025-04-01 16:36:07,1414,2,3,Santa Fe,11340.0,0.0,65340.0
1000010261,20240519,2024-05-19 03:26:16,335,1,3,Santa Fe,2992.5,1500.0,18742.5
1000010262,20250312,2025-03-12 05:04:58,436,2,4,Mendoza,7182.0,0.0,41382.0
1000010263,20240307,2024-03-07 00:23:55,1309,1,1,Buenos Aires,9261.0,900.0,54261.0
1000010264,20250908,2025-09-08 04:26:38,1085,2,4,Mendoza,6482.7,0.0,37352.7
1000010265,20241130,2024-11-30 10:30:19,504,1,1,Buenos Aires,5985.0,900.0,35385.0
1000010266,20250317,2025-03-17 16:02:48,12,1,1,Buenos Aires,8505.0,1200.0,50205.0
1000010267,20250927,2025-09-27 21:43:27,545,2,1,Buenos Aires,8149.68,0.0,46957.68
1000010268,20240602,2024-06-02 14:07:23,162,1,1,Buenos Aires,2633.4,900.0,16073.4
1000010269,20250311,2025-03-11 14:37:50,1399,1,3,Santa Fe,11421.9,1200.0,67011.9
1000010270,20241101,2024-11-01 15:18:50,1309,1,1,Buenos Aires,4788.0,0.0,27588.0
1000010271,20240825,2024-08-25 14:40:03,1381,1,4,Mendoza,8505.0,900.0,49905.0
1000010272,20240429,2024-04-29 07:29:52,662,1,2,Córdoba,7774.2,900.0,45694.2
1000010273,20240414,2024-04-14 15:32:13,799,1,1,Buenos Aires,6300.0,900.0,37200.0
1000010274,20250114,2025-01-14 08:12:03,737,1,1,Buenos Aires,8643.6,1500.0,51303.6
1000010275,20240725,2024-07-25 04:54:58,1124,1,1,Buenos Aires,5544.0,900.0,32844.0
1000010276,20250511,2025-05-11 04:20:28,452,1,2,Córdoba,4536.0,900.0,27036.0
1000010277,20250904,2025-09-04 16:25:16,599,1,2,Córdoba,7408.8,1500.0,44188.8
1000010278,20240113,2024-01-13 07:35:51,1122,1,1,Buenos Aires,2154.6,900.0,13314.6
1000010279,20240122,2024-01-22 19:28:24,94,2,3,Santa Fe,11655.0,0.0,67155.0
1000010280,20250221,2025-02-21 01:43:36,1368,2,3,Santa Fe,3291.75,0.0,18966.75
1000010281,20240929,2024-09-29 22:53:41,1247,1,4,Mendoza,7938.0,0.0,45738.0
1000010282,20250409,2025-04-09 15:14:55,65,2,4,Mendoza,3087.0,0.0,17787.0
1000010283,20241110,2024-11-10 10:00:47,1182,2,1,Buenos Aires,4989.6,0.0,28749.6
1000010284,20250613,2025-06-13 09:55:50,833,1,2,Córdoba,9954.0,1200.0,58554.0
1000010285,20240309,2024-03-09 06:59:22,41,1,3,Santa Fe,5040.0,0.0,29040.0
1000010286,20240115,2024-01-15 06:40:23,217,2,3,Santa Fe,10372.32,0.0,59764.32
1000010287,20240126,2024-01-26 18:10:22,479,2,3,Santa Fe,4939.2,0.0,28459.2
1000010288,20250428,2025-04-28 05:04:25,1295,2,1,Buenos Aires,7560.0,0.0,43560.0
1000010289,20241012,2024-10-12 09:27:30,644,2,4,Mendoza,6930.0,0.0,39930.0
1000010290,20240330,2024-03-30 15:44:43,1355,1,3,Santa Fe,3150.0,1500.0,19650.0
1000010291,20240322,2024-03-22 13:54:50,1193,2,4,Mendoza,3395.7,0.0,19565.7
1000010292,20240127,2024-01-27 18:58:20,324,1,1,Buenos Aires,4309.2,0.0,24829.2
1000010293,20241125,2024-11-25 14:41:37,503,1,3,Santa Fe,3087.0,0.0,17787.0
1000010294,20250718,2025-07-18 00:32:01,455,1,2,Córdoba,10909.08,1200.0,64057.08
1000010295,20250317,2025-03-17 00:03:29,1072,1,3,Santa Fe,12600.0,1200.0,73800.0
1000010296,20241125,2024-11-25 05:31:27,351,1,3,Santa Fe,2394.0,1200.0,14994.0
1000010297,20250621,2025-06-21 19:55:50,175,1,1,Buenos Aires,6300.0,0.0,36300.0
1000010298,20241216,2024-12-16 01:54:36,1174,1,2,Córdoba,4989.6,1200.0,29949.6
1000010299,20250630,2025-06-30 03:55:43,1182,1,1,Buenos Aires,7654.5,1500.0,45604.5
1000010300,20240103,2024-01-03 09:55:08,75,2,3,Santa Fe,18711.0,0.0,107811.0
1000010301,20240914,2024-09-14 11:39:40,846,2,4,Mendoza,6804.0,0.0,39204.0
1000010302,20250920,2025-09-20 11:05:05,855,2,1,Buenos Aires,14112.0,0.0,81312.0
1000010303,20250220,2025-02-20 12:54:50,1424,1,3,Santa Fe,7408.8,1200.0,43888.8
1000010304,20240512,2024-05-12 15:04:57,18,2,4,Mendoza,8845.2,0.0,50965.2
1000010305,20240329,2024-03-29 04:00:36,797,1,1,Buenos Aires,3291.75,1500.0,20466.75
1000010306,20250110,2025-01-10 12:11:13,234,1,4,Mendoza,9576.0,0.0,55176.0
1000010307,20250905,2025-09-05 22:28:57,921,2,4,Mendoza,7371.0,0.0,42471.0
1000010308,20241103,2024-11-03 10:10:34,1293,1,1,Buenos Aires,4309.2,900.0,25729.2
1000010309,20250502,2025-05-02 18:38:37,78,1,3,Santa Fe,6123.6,900.0,36183.6
1000010310,20241213,2024-12-13 20:14:36,970,2,2,Córdoba,2041.2,0.0,11761.2
1000010311,20241214,2024-12-14 14:50:59,27,2,1,Buenos Aires,5953.5,0.0,34303.5
1000010312,20250518,2025-05-18 11:07:18,965,1,2,Córdoba,7541.1,1200.0,44651.1
1000010313,20240317,2024-03-17 09:33:42,1463,1,1,Buenos Aires,11623.5,1200.0,68173.5
1000010314,20250122,2025-01-22 16:15:20,330,1,3,Santa Fe,11403.0,900.0,66603.0
1000010315,20250323,2025-03-23 12:42:20,57,2,4,Mendoza,16279.2,0.0,93799.2
1000010316,20250803,2025-08-03 14:38:13,538,1,2,Córdoba,11214.0,900.0,65514.0
1000010317,20240204,2024-02-04 20:30:54,695,2,1,Buenos Aires,2268.0,0.0,13068.0
1000010318,20250506,2025-05-06 17:23:32,948,1,1,Buenos Aires,10659.6,900.0,62319.6
1000010319,20240801,2024-08-01 06:13:12,39,2,3,Santa Fe,5040.0,0.0,29040.0
1000010320,20240323,2024-03-23 10:10:20,472,1,1,Buenos Aires,5985.0,1200.0,35685.0
1000010321,20240417,2024-04-17 00:21:47,1347,2,3,Santa Fe,10344.6,0.0,59604.6
1000010322,20250923,2025-09-23 10:36:40,582,2,2,Córdoba,4536.0,0.0,26136.0
1000010323,20241018,2024-10-18 17:35:35,271,1,1,Buenos Aires,7560.0,0.0,43560.0
1000010324,20240211,2024-02-11 10:43:55,87,1,1,Buenos Aires,11854.08,900.0,69202.08
1000010325,20250726,2025-07-26 17:41:32,1150,1,2,Córdoba,7144.2,900.0,42064.2
1000010326,20241211,2024-12-11 01:56:53,1298,2,1,Buenos Aires,3150.0,0.0,18150.0
1000010327,20240717,2024-07-17 19:30:08,115,1,2,Córdoba,2992.5,900.0,18142.5
1000010328,20250430,2025-04-30 00:29:32,672,1,4,Mendoza,6300.0,1500.0,37800.0
1000010329,20250630,2025-06-30 06:08:41,1379,1,3,Santa Fe,12368.16,1200.0,72464.16
1000010330,20250327,2025-03-27 13:41:55,956,1,1,Buenos Aires,13517.28,1500.0,79385.28
1000010331,20240514,2024-05-14 04:38:45,1177,2,1,Buenos Aires,2469.6,0.0,14229.6
1000010332,20250909,2025-09-09 02:53:45,476,2,4,Mendoza,9450.0,0.0,54450.0
1000010333,20241025,2024-10-25 04:21:11,1393,1,1,Buenos Aires,6174.0,1500.0,37074.0
1000010334,20240605,2024-06-05 07:21:00,311,2,1,Buenos Aires,6482.7,0.0,37352.7
1000010335,20250616,2025-06-16 12:34:23,546,2,1,Buenos Aires,18333.0,0.0,105633.0
1000010336,20240703,2024-07-03 19:18:14,187,1,2,Córdoba,12600.0,1200.0,73800.0
1000010337,20250223,2025-02-23 15:34:05,515,2,4,Mendoza,4939.2,0.0,28459.2
1000010338,20250729,2025-07-29 07:44:24,641,2,4,Mendoza,2394.0,0.0,13794.0
1000010339,20250525,2025-05-25 18:06:29,1169,1,1,Buenos Aires,5186.16,900.0,30782.16
1000010340,20240424,2024-04-24 09:16:29,459,2,4,Mendoza,5040.0,0.0,29040.0
1000010341,20250511,2025-05-11 01:51:41,190,1,3,Santa Fe,7560.0,1200.0,44760.0
1000010342,20250612,2025-06-12 06:11:07,781,1,3,Santa Fe,4536.0,1500.0,27636.0
1000010343,20250813,2025-08-13 21:14:43,581,2,1,Buenos Aires,13608.0,0.0,78408.0
1000010344,20241021,2024-10-21 12:01:51,1105,1,1,Buenos Aires,25363.8,900.0,147043.8
1000010345,20250418,2025-04-18 22:18:42,1144,1,2,Córdoba,8977.5,900.0,52627.5
1000010346,20240918,2024-09-18 09:41:13,359,1,3,Santa Fe,6174.0,900.0,36474.0
1000010347,20240320,2024-03-20 05:24:12,517,1,1,Buenos Aires,10344.6,1200.0,60804.6
1000010348,20240528,2024-05-28 19:17:29,589,1,2,Córdoba,2976.75,1200.0,18351.75
1000010349,20241015,2024-10-15 18:55:39,777,2,3,Santa Fe,5040.0,0.0,29040.0
1000010350,20250517,2025-05-17 17:41:07,67,1,2,Córdoba,13715.1,0.0,79025.1
1000010351,20240616,2024-06-16 21:47:59,1268,2,1,Buenos Aires,2381.4,0.0,13721.4
1000010352,20240612,2024-06-12 04:28:30,121,2,4,Mendoza,7560.0,0.0,43560.0
1000010353,20250314,2025-03-14 22:57:16,140,1,3,Santa Fe,8316.0,900.0,48816.0
1000010354,20240326,2024-03-26 12:04:19,1453,1,1,Buenos Aires,10647.0,900.0,62247.0
1000010355,20240418,2024-04-18 20:38:52,1337,2,1,Buenos Aires,14212.8,0.0,81892.8
1000010356,20240426,2024-04-26 02:55:25,1223,2,4,Mendoza,5670.0,0.0,32670.0
1000010357,20240116,2024-01-16 19:47:07,897,1,1,Buenos Aires,7408.8,900.0,43588.8
1000010358,20240310,2024-03-10 10:18:29,1098,1,2,Córdoba,6804.0,0.0,39204.0
1000010359,20250314,2025-03-14 07:09:10,1134,2,3,Santa Fe,14490.0,0.0,83490.0
1000010360,20250518,2025-05-18 15:54:44,679,2,4,Mendoza,2551.5,0.0,14701.5
1000010361,20250908,2025-09-08 07:33:40,672,1,1,Buenos Aires,7938.0,900.0,46638.0
1000010362,20250922,2025-09-22 14:03:16,1405,1,1,Buenos Aires,4762.8,900.0,28342.8
1000010363,20240201,2024-02-01 19:53:41,922,2,3,Santa Fe,9724.05,0.0,56029.05
1000010364,20240615,2024-06-15 16:14:33,33,1,1,Buenos Aires,5985.0,900.0,35385.0
1000010365,20250213,2025-02-13 01:22:23,109,2,4,Mendoza,9261.0,0.0,53361.0
1000010366,20250713,2025-07-13 02:12:59,423,1,1,Buenos Aires,12530.7,1200.0,73400.7
1000010367,20250225,2025-02-25 16:12:39,1254,1,1,Buenos Aires,17073.0,1200.0,99573.0
1000010368,20250923,2025-09-23 16:17:25,895,1,2,Córdoba,11251.8,900.0,65731.8
1000010369,20240304,2024-03-04 01:46:26,745,2,4,Mendoza,7560.0,0.0,43560.0
1000010370,20240513,2024-05-13 14:26:28,363,2,4,Mendoza,8930.25,0.0,51455.25
1000010371,20240524,2024-05-24 06:35:05,700,2,1,Buenos Aires,5544.0,0.0,31944.0
1000010372,20240125,2024-01-25 16:28:37,126,1,1,Buenos Aires,6615.0,1200.0,39315.0
1000010373,20240628,2024-06-28 13:53:51,296,2,4,Mendoza,9875.25,0.0,56900.25
1000010374,20240208,2024-02-08 02:09:24,185,2,3,Santa Fe,2381.4,0.0,13721.4
1000010375,20250702,2025-07-02 12:37:54,492,1,1,Buenos Aires,11730.6,1500.0,69090.6
1000010376,20241227,2024-12-27 02:49:24,745,1,1,Buenos Aires,6300.0,1200.0,37500.0
1000010377,20250606,2025-06-06 03:32:17,581,2,3,Santa Fe,3150.0,0.0,18150.0
1000010378,20250627,2025-06-27 07:44:26,553,2,3,Santa Fe,7408.8,0.0,42688.8
1000010379,20240425,2024-04-25 06:08:49,386,2,4,Mendoza,4309.2,0.0,24829.2
1000010380,20250123,2025-01-23 23:50:39,838,1,1,Buenos Aires,11340.0,0.0,65340.0
1000010381,20240605,2024-06-05 04:40:07,126,2,2,Córdoba,5600.7,0.0,32270.7
1000010382,20241205,2024-12-05 15:26:49,866,1,1,Buenos Aires,7182.0,900.0,42282.0
1000010383,20250320,2025-03-20 03:13:30,1010,1,2,Córdoba,15561.0,900.0,90561.0
1000010384,20241025,2024-10-25 01:03:30,224,1,1,Buenos Aires,9450.0,900.0,55350.0
1000010385,20241115,2024-11-15 15:53:58,1263,2,3,Santa Fe,2520.0,0.0,14520.0
1000010386,20250224,2025-02-24 11:52:08,570,1,1,Buenos Aires,7779.24,900.0,45723.24
1000010387,20240704,2024-07-04 03:30:01,650,2,4,Mendoza,4939.2,0.0,28459.2
1000010388,20250217,2025-02-17 02:44:58,1348,1,1,Buenos Aires,2394.0,1500.0,15294.0
1000010389,20250117,2025-01-17 11:00:09,72,2,2,Córdoba,2593.08,0.0,14941.08
1000010390,20250317,2025-03-17 14:57:45,238,1,2,Córdoba,5764.5,1200.0,34414.5
1000010391,20240303,2024-03-03 05:33:16,809,1,4,Mendoza,12502.35,1200.0,73237.35
1000010392,20250821,2025-08-21 01:13:08,542,1,2,Córdoba,5040.0,900.0,29940.0
1000010393,20250813,2025-08-13 09:09:16,1471,2,1,Buenos Aires,10395.0,0.0,59895.0
1000010394,20250419,2025-04-19 10:43:52,18,2,4,Mendoza,3150.0,0.0,18150.0
1000010395,20241217,2024-12-17 17:12:41,93,1,1,Buenos Aires,3150.0,900.0,19050.0
1000010396,20250804,2025-08-04 10:54:29,666,1,3,Santa Fe,8977.5,1500.0,53227.5
1000010397,20240209,2024-02-09 22:10:45,147,2,2,Córdoba,9450.0,0.0,54450.0
1000010398,20250822,2025-08-22 10:55:34,168,1,2,Córdoba,25137.0,1200.0,146037.0
1000010399,20250721,2025-07-21 21:11:20,305,1,1,Buenos Aires,6804.0,1500.0,40704.0
1000010400,20240519,2024-05-19 03:48:22,816,1,1,Buenos Aires,7509.6,900.0,44169.6
1000010401,20241108,2024-11-08 19:04:57,1173,2,4,Mendoza,2469.6,0.0,14229.6
1000010402,20240917,2024-09-17 04:17:52,524,2,2,Córdoba,14704.2,0.0,84724.2
1000010403,20250627,2025-06-27 13:43:03,688,1,1,Buenos Aires,10483.2,1200.0,61603.2
1000010404,20250826,2025-08-26 14:10:53,245,1,1,Buenos Aires,5922.0,900.0,35022.0
1000010405,20240805,2024-08-05 12:23:18,422,2,1,Buenos Aires,4309.2,0.0,24829.2
1000010406,20250928,2025-09-28 15:42:58,716,2,4,Mendoza,9802.8,0.0,56482.8
1000010407,20250627,2025-06-27 05:10:08,744,2,3,Santa Fe,5985.0,0.0,34485.0
1000010408,20240920,2024-09-20 03:10:51,614,2,1,Buenos Aires,4939.2,0.0,28459.2
1000010409,20241117,2024-11-17 18:09:07,716,1,1,Buenos Aires,4989.6,1200.0,29949.6
1000010410,20250607,2025-06-07 12:51:04,258,2,4,Mendoza,2041.2,0.0,11761.2
1000010411,20240325,2024-03-25 00:08:12,1139,2,4,Mendoza,5386.5,0.0,31036.5
1000010412,20250729,2025-07-29 12:52:04,171,1,1,Buenos Aires,4536.0,1200.0,27336.0
1000010413,20250202,2025-02-02 03:10:24,896,1,3,Santa Fe,2469.6,1200.0,15429.6
1000010414,20250721,2025-07-21 20:13:41,1332,1,1,Buenos Aires,3150.0,900.0,19050.0
1000010415,20241017,2024-10-17 06:06:05,682,1,2,Córdoba,10187.1,0.0,58697.1
1000010416,20250924,2025-09-24 12:27:45,1265,2,1,Buenos Aires,7408.8,0.0,42688.8
1000010417,20240217,2024-02-17 08:23:41,234,1,4,Mendoza,2394.0,900.0,14694.0
1000010418,20240209,2024-02-09 06:08:07,1145,1,2,Córdoba,7408.8,1500.0,44188.8
1000010419,20250327,2025-03-27 18:53:04,965,1,1,Buenos Aires,2992.5,0.0,17242.5
1000010420,20250504,2025-05-04 14:34:54,47,1,1,Buenos Aires,4536.0,900.0,27036.0
1000010421,20250524,2025-05-24 22:40:43,501,1,1,Buenos Aires,5040.0,1500.0,30540.0
1000010422,20250514,2025-05-14 01:15:21,716,1,2,Córdoba,7560.0,1200.0,44760.0
1000010423,20240927,2024-09-27 04:04:59,848,1,2,Córdoba,2772.0,1200.0,17172.0
1000010424,20250428,2025-04-28 20:57:46,574,2,2,Córdoba,10395.0,0.0,59895.0
1000010425,20250919,2025-09-19 06:19:38,361,1,1,Buenos Aires,2520.0,900.0,15420.0
1000010426,20240110,2024-01-10 20:26:34,565,2,2,Córdoba,15082.2,0.0,86902.2
1000010427,20240914,2024-09-14 16:51:34,1233,1,4,Mendoza,6237.0,0.0,35937.0
1000010428,20240829,2024-08-29 04:50:49,433,2,2,Córdoba,6300.0,0.0,36300.0
1000010429,20250128,2025-01-28 08:46:02,66,1,2,Córdoba,4939.2,900.0,29359.2
1000010430,20250302,2025-03-02 20:41:51,898,2,1,Buenos Aires,6804.0,0.0,39204.0
1000010431,20250818,2025-08-18 10:49:38,1130,1,1,Buenos Aires,11970.0,900.0,69870.0
1000010432,20240622,2024-06-22 08:27:59,892,1,1,Buenos Aires,14080.5,900.0,82030.5
1000010433,20240319,2024-03-19 15:41:57,972,2,1,Buenos Aires,2778.3,0.0,16008.3
1000010434,20240831,2024-08-31 15:34:54,486,1,1,Buenos Aires,16789.5,1200.0,97939.5
1000010435,20250820,2025-08-20 02:29:41,173,1,1,Buenos Aires,9261.0,1200.0,54561.0
1000010436,20240618,2024-06-18 03:02:56,238,2,4,Mendoza,2222.64,0.0,12806.64
1000010437,20250918,2025-09-18 10:45:08,992,1,2,Córdoba,6804.0,0.0,39204.0
1000010438,20250128,2025-01-28 17:08:33,341,1,1,Buenos Aires,13740.3,1200.0,80370.3
1000010439,20250424,2025-04-24 16:23:24,1321,2,3,Santa Fe,10531.08,0.0,60679.08
1000010440,20240903,2024-09-03 19:14:08,1334,2,2,Córdoba,3087.0,0.0,17787.0
1000010441,20240415,2024-04-15 03:31:25,315,2,1,Buenos Aires,18433.8,0.0,106213.8
1000010442,20240426,2024-04-26 23:50:00,839,1,1,Buenos Aires,9355.5,900.0,54805.5
1000010443,20240411,2024-04-11 01:47:39,643,1,3,Santa Fe,11501.28,1200.0,67469.28
1000010444,20240520,2024-05-20 03:30:57,196,2,2,Córdoba,4082.4,0.0,23522.4
1000010445,20240325,2024-03-25 02:38:34,1194,2,2,Córdoba,6917.4,0.0,39857.4
1000010446,20240925,2024-09-25 18:51:27,1331,2,2,Córdoba,6615.0,0.0,38115.0
1000010447,20241014,2024-10-14 07:56:36,1253,2,1,Buenos Aires,2268.0,0.0,13068.0
1000010448,20240822,2024-08-22 03:07:10,878,1,1,Buenos Aires,4536.0,900.0,27036.0
1000010449,20250219,2025-02-19 22:56:45,862,1,1,Buenos Aires,7560.0,1500.0,45060.0
1000010450,20240717,2024-07-17 05:35:00,714,2,4,Mendoza,5103.0,0.0,29403.0
1000010451,20240705,2024-07-05 01:33:24,534,2,4,Mendoza,14836.5,0.0,85486.5
1000010452,20240514,2024-05-14 14:01:38,1062,2,3,Santa Fe,5953.5,0.0,34303.5
1000010453,20250330,2025-03-30 04:11:28,1234,2,2,Córdoba,7875.0,0.0,45375.0
1000010454,20240820,2024-08-20 05:27:19,947,1,1,Buenos Aires,9261.0,900.0,54261.0
1000010455,20250422,2025-04-22 02:22:39,880,2,4,Mendoza,2835.0,0.0,16335.0
1000010456,20250116,2025-01-16 09:20:56,1195,1,1,Buenos Aires,9103.5,1200.0,53653.5
1000010457,20241104,2024-11-04 19:09:40,862,1,4,Mendoza,2268.0,1200.0,14268.0
1000010458,20250912,2025-09-12 09:43:20,897,1,1,Buenos Aires,6804.0,1500.0,40704.0
1000010459,20240406,2024-04-06 20:50:22,594,1,1,Buenos Aires,3118.5,1500.0,19468.5
1000010460,20240131,2024-01-31 03:29:30,1234,1,1,Buenos Aires,7560.0,0.0,43560.0
1000010461,20241130,2024-11-30 10:18:26,952,2,1,Buenos Aires,5386.5,0.0,31036.5
1000010462,20250809,2025-08-09 13:28:08,410,2,3,Santa Fe,3241.35,0.0,18676.35
1000010463,20250424,2025-04-24 04:41:22,951,2,2,Córdoba,7144.2,0.0,41164.2
1000010464,20250726,2025-07-26 13:57:01,71,2,2,Córdoba,6284.25,0.0,36209.25
1000010465,20240731,2024-07-31 22:30:52,1245,1,2,Córdoba,17255.7,0.0,99425.7
1000010466,20240408,2024-04-08 23:28:51,244,2,3,Santa Fe,6667.92,0.0,38419.92
1000010467,20240405,2024-04-05 19:24:13,776,2,1,Buenos Aires,9261.0,0.0,53361.0
1000010468,20250602,2025-06-02 06:43:38,1245,2,3,Santa Fe,9875.25,0.0,56900.25
1000010469,20250723,2025-07-23 11:17:33,822,2,4,Mendoza,6804.0,0.0,39204.0
1000010470,20240205,2024-02-05 08:15:02,602,2,4,Mendoza,2268.0,0.0,13068.0
1000010471,20250131,2025-01-31 14:42:07,803,1,2,Córdoba,10332.0,1200.0,60732.0
1000010472,20250307,2025-03-07 16:51:24,1309,2,1,Buenos Aires,8505.0,0.0,49005.0
1000010473,20250909,2025-09-09 18:52:59,204,1,3,Santa Fe,2469.6,1200.0,15429.6
1000010474,20240622,2024-06-22 10:08:52,1489,1,1,Buenos Aires,2976.75,900.0,18051.75
1000010475,20250708,2025-07-08 04:38:00,8,1,1,Buenos Aires,8505.0,1200.0,50205.0
1000010476,20250727,2025-07-27 23:14:19,196,1,2,Córdoba,2551.5,1200.0,15901.5
1000010477,20240516,2024-05-16 07:00:07,479,1,4,Mendoza,9891.0,0.0,56991.0
1000010478,20240911,2024-09-11 11:25:39,1107,1,1,Buenos Aires,4876.2,900.0,28996.2
1000010479,20241224,2024-12-24 08:17:20,384,2,4,Mendoza,4536.0,0.0,26136.0
1000010480,20250401,2025-04-01 04:52:43,206,1,1,Buenos Aires,16490.25,1200.0,96215.25
1000010481,20240215,2024-02-15 16:06:40,928,2,1,Buenos Aires,2633.4,0.0,15173.4
1000010482,20250919,2025-09-19 08:47:47,672,1,1,Buenos Aires,2646.0,900.0,16146.0
1000010483,20240713,2024-07-13 06:31:21,876,2,2,Córdoba,5292.0,0.0,30492.0
1000010484,20241209,2024-12-09 00:54:41,980,1,3,Santa Fe,8675.1,1200.0,51185.1
1000010485,20241201,2024-12-01 20:54:32,471,1,1,Buenos Aires,15334.2,1200.0,89554.2
1000010486,20240122,2024-01-22 02:42:02,32,2,4,Mendoza,20088.81,0.0,115749.81
1000010487,20240911,2024-09-11 06:20:18,714,1,1,Buenos Aires,3150.0,1500.0,19650.0
1000010488,20241027,2024-10-27 21:09:50,53,2,2,Córdoba,9261.0,0.0,53361.0
1000010489,20240816,2024-08-16 05:03:04,140,2,1,Buenos Aires,8162.91,0.0,47033.91
1000010490,20240530,2024-05-30 15:30:56,986,1,1,Buenos Aires,20758.5,1200.0,120808.5
1000010491,20250913,2025-09-13 22:15:41,1103,1,1,Buenos Aires,9576.0,900.0,56076.0
1000010492,20250813,2025-08-13 01:53:11,1034,2,2,Córdoba,5040.0,0.0,29040.0
1000010493,20250105,2025-01-05 20:02:50,275,2,4,Mendoza,17369.1,0.0,100079.1
1000010494,20250221,2025-02-21 08:23:58,263,2,4,Mendoza,7900.2,0.0,45520.2
1000010495,20250423,2025-04-23 01:46:58,922,2,4,Mendoza,11655.0,0.0,67155.0
1000010496,20241008,2024-10-08 18:24:01,1068,2,3,Santa Fe,2835.0,0.0,16335.0
1000010497,20250330,2025-03-30 04:40:22,1316,1,2,Córdoba,2835.0,1200.0,17535.0
1000010498,20240329,2024-03-29 22:16:07,506,1,3,Santa Fe,6142.5,1200.0,36592.5
1000010499,20250706,2025-07-06 13:34:57,1258,1,4,Mendoza,4788.0,1200.0,28788.0
1000010500,20250313,2025-03-13 13:56:47,349,1,1,Buenos Aires,5556.6,1200.0,33216.6
1000010501,20240425,2024-04-25 13:05:16,476,2,2,Córdoba,12048.12,0.0,69420.12
1000010502,20250804,2025-08-04 10:07:39,1468,1,2,Córdoba,3307.5,900.0,19957.5
1000010503,20250930,2025-09-30 21:18:27,885,1,3,Santa Fe,15006.6,900.0,87366.6
1000010504,20241201,2024-12-01 03:53:58,1288,2,1,Buenos Aires,5292.0,0.0,30492.0
1000010505,20241111,2024-11-11 03:08:44,1439,2,4,Mendoza,5292.0,0.0,30492.0
1000010506,20240726,2024-07-26 06:25:42,730,2,2,Córdoba,7779.24,0.0,44823.24
1000010507,20240227,2024-02-27 21:44:08,194,2,4,Mendoza,18726.75,0.0,107901.75
1000010508,20250612,2025-06-12 20:49:41,163,1,2,Córdoba,4536.0,1500.0,27636.0
1000010509,20250703,2025-07-03 21:30:45,286,2,2,Córdoba,8079.75,0.0,46554.75
1000010510,20240216,2024-02-16 00:49:53,107,1,2,Córdoba,12499.2,1200.0,73219.2
1000010511,20250528,2025-05-28 10:49:09,1039,1,3,Santa Fe,13274.1,900.0,77384.1
1000010512,20250726,2025-07-26 16:47:44,411,1,2,Córdoba,2469.6,1200.0,15429.6
1000010513,20240812,2024-08-12 18:50:42,385,1,1,Buenos Aires,2222.64,900.0,13706.64
1000010514,20250404,2025-04-04 04:08:17,713,1,1,Buenos Aires,2992.5,1500.0,18742.5
1000010515,20241010,2024-10-10 16:56:55,819,1,1,Buenos Aires,9450.0,1500.0,55950.0
1000010516,20250311,2025-03-11 15:18:21,315,2,2,Córdoba,2633.4,0.0,15173.4
1000010517,20250624,2025-06-24 01:26:27,130,1,1,Buenos Aires,4989.6,1200.0,29949.6
1000010518,20240709,2024-07-09 10:44:30,895,2,1,Buenos Aires,3087.0,0.0,17787.0
1000010519,20240719,2024-07-19 08:29:59,1337,1,1,Buenos Aires,13444.2,1200.0,78664.2
1000010520,20250816,2025-08-16 11:20:21,919,2,2,Córdoba,9724.05,0.0,56029.05
1000010521,20250702,2025-07-02 00:28:31,318,2,4,Mendoza,4536.0,0.0,26136.0
1000010522,20240625,2024-06-25 15:48:54,354,1,1,Buenos Aires,6583.5,1200.0,39133.5
1000010523,20240210,2024-02-10 11:47:30,906,2,3,Santa Fe,10080.0,0.0,58080.0
1000010524,20240505,2024-05-05 19:32:25,963,2,2,Córdoba,6300.0,0.0,36300.0
1000010525,20250828,2025-08-28 03:21:31,913,1,1,Buenos Aires,8505.0,1200.0,50205.0
1000010526,20241123,2024-11-23 07:43:27,1382,2,2,Córdoba,5969.25,0.0,34394.25
1000010527,20240119,2024-01-19 00:41:13,1044,1,4,Mendoza,4987.08,900.0,29635.08
1000010528,20250118,2025-01-18 00:50:13,431,1,3,Santa Fe,16455.6,900.0,95715.6
1000010529,20250707,2025-07-07 15:58:08,2,1,2,Córdoba,2835.0,1200.0,17535.0
1000010530,20240929,2024-09-29 11:21:13,983,2,1,Buenos Aires,7560.0,0.0,43560.0
1000010531,20240628,2024-06-28 11:38:47,669,1,2,Córdoba,4788.0,1200.0,28788.0
1000010532,20250915,2025-09-15 21:07:10,436,2,2,Córdoba,2520.0,0.0,14520.0
1000010533,20240617,2024-06-17 10:15:19,27,1,2,Córdoba,17010.0,1200.0,99210.0
1000010534,20240728,2024-07-28 14:55:13,96,1,1,Buenos Aires,9450.0,900.0,55350.0
1000010535,20241229,2024-12-29 19:54:40,827,2,3,Santa Fe,9475.2,0.0,54595.2
1000010536,20240603,2024-06-03 12:31:55,375,2,1,Buenos Aires,5953.5,0.0,34303.5
1000010537,20240516,2024-05-16 00:11:26,1236,1,4,Mendoza,2992.5,900.0,18142.5
1000010538,20240710,2024-07-10 05:56:47,1232,2,3,Santa Fe,4788.0,0.0,27588.0
1000010539,20240125,2024-01-25 09:39:31,731,1,1,Buenos Aires,15337.35,1200.0,89572.35
1000010540,20241012,2024-10-12 06:53:47,898,1,1,Buenos Aires,5040.0,1200.0,30240.0
1000010541,20240628,2024-06-28 22:08:42,1169,2,4,Mendoza,3087.0,0.0,17787.0
1000010542,20240426,2024-04-26 19:11:35,826,1,1,Buenos Aires,5103.0,900.0,30303.0
1000010543,20250725,2025-07-25 06:14:15,593,1,2,Córdoba,2646.0,900.0,16146.0
1000010544,20240914,2024-09-14 04:26:58,751,1,2,Córdoba,5040.0,1200.0,30240.0
1000010545,20250922,2025-09-22 22:54:33,1316,2,2,Córdoba,9261.0,0.0,53361.0
1000010546,20240706,2024-07-06 17:53:58,907,2,3,Santa Fe,6300.0,0.0,36300.0
1000010547,20241228,2024-12-28 02:09:01,1110,1,1,Buenos Aires,6583.5,900.0,38833.5
1000010548,20240116,2024-01-16 05:56:18,855,2,4,Mendoza,6300.0,0.0,36300.0
1000010549,20241111,2024-11-11 07:03:40,1244,1,1,Buenos Aires,7408.8,1500.0,44188.8
1000010550,20250117,2025-01-17 11:57:32,722,1,1,Buenos Aires,5670.0,0.0,32670.0
1000010551,20240210,2024-02-10 02:25:07,119,1,2,Córdoba,4788.0,0.0,27588.0
1000010552,20250422,2025-04-22 05:51:14,228,1,1,Buenos Aires,6300.0,900.0,37200.0
1000010553,20250220,2025-02-20 16:00:00,166,2,2,Córdoba,4662.0,0.0,26862.0
1000010554,20250923,2025-09-23 13:49:40,460,2,1,Buenos Aires,8977.5,0.0,51727.5
1000010555,20250531,2025-05-31 20:26:37,1371,1,2,Córdoba,6804.0,1500.0,40704.0
1000010556,20240309,2024-03-09 05:07:46,301,2,4,Mendoza,8505.0,0.0,49005.0
1000010557,20240706,2024-07-06 02:02:40,1280,1,4,Mendoza,8977.5,1200.0,52927.5
1000010558,20250521,2025-05-21 01:16:31,793,1,4,Mendoza,2154.6,900.0,13314.6
1000010559,20241008,2024-10-08 21:52:01,906,1,1,Buenos Aires,2469.6,1200.0,15429.6
1000010560,20250908,2025-09-08 23:52:26,68,1,1,Buenos Aires,5040.0,1200.0,30240.0
1000010561,20250815,2025-08-15 00:51:17,585,1,2,Córdoba,9137.52,1200.0,53849.52
1000010562,20241030,2024-10-30 05:14:37,367,1,2,Córdoba,4939.2,1200.0,29659.2
1000010563,20240328,2024-03-28 18:14:40,624,1,3,Santa Fe,15188.04,1500.0,89012.04
1000010564,20250115,2025-01-15 05:47:13,1411,1,1,Buenos Aires,8066.52,0.0,46478.52
1000010565,20240624,2024-06-24 05:07:58,1102,1,3,Santa Fe,3291.75,900.0,19866.75
1000010566,20250505,2025-05-05 12:24:04,1345,1,1,Buenos Aires,12025.44,1200.0,70489.44
1000010567,20250412,2025-04-12 10:13:12,302,2,4,Mendoza,5985.0,0.0,34485.0
1000010568,20240529,2024-05-29 19:26:58,792,2,1,Buenos Aires,5040.0,0.0,29040.0
1000010569,20240609,2024-06-09 10:42:22,1375,2,1,Buenos Aires,11655.0,0.0,67155.0
1000010570,20240122,2024-01-22 12:51:39,1012,2,3,Santa Fe,14553.0,0.0,83853.0
1000010571,20240314,2024-03-14 15:30:54,620,1,1,Buenos Aires,2992.5,1200.0,18442.5
1000010572,20250420,2025-04-20 13:30:30,414,1,2,Córdoba,2976.75,900.0,18051.75
1000010573,20250905,2025-09-05 06:57:11,905,2,3,Santa Fe,2520.0,0.0,14520.0
1000010574,20240211,2024-02-11 23:25:26,1104,1,3,Santa Fe,9450.0,1200.0,55650.0
1000010575,20240211,2024-02-11 03:46:27,213,2,4,Mendoza,2268.0,0.0,13068.0
1000010576,20240508,2024-05-08 04:25:32,669,1,1,Buenos Aires,3150.0,900.0,19050.0
1000010577,20240604,2024-06-04 05:50:01,1201,1,4,Mendoza,11743.2,1500.0,69163.2
1000010578,20240901,2024-09-01 10:18:56,1177,2,4,Mendoza,7686.0,0.0,44286.0
1000010579,20250326,2025-03-26 08:13:01,584,1,3,Santa Fe,5670.0,900.0,33570.0
1000010580,20241116,2024-11-16 07:12:57,929,1,1,Buenos Aires,6804.0,900.0,40104.0
1000010581,20240410,2024-04-10 12:00:49,554,1,4,Mendoza,7779.24,1200.0,46023.24
1000010582,20240903,2024-09-03 10:05:18,1093,2,4,Mendoza,6284.25,0.0,36209.25
1000010583,20250606,2025-06-06 12:33:03,1326,1,3,Santa Fe,5663.7,900.0,33533.7
1000010584,20250929,2025-09-29 04:41:24,612,1,3,Santa Fe,6482.7,0.0,37352.7
1000010585,20240521,2024-05-21 18:31:20,271,1,1,Buenos Aires,8505.0,0.0,49005.0
1000010586,20250501,2025-05-01 12:08:04,832,1,1,Buenos Aires,5922.0,0.0,34122.0
1000010587,20240522,2024-05-22 02:00:59,609,1,1,Buenos Aires,4939.2,900.0,29359.2
1000010588,20240614,2024-06-14 12:38:38,331,2,4,Mendoza,3142.12,0.0,18104.62
1000010589,20240506,2024-05-06 16:15:22,405,1,1,Buenos Aires,5229.0,900.0,31029.0
1000010590,20240416,2024-04-16 08:39:27,987,1,2,Córdoba,4536.0,1200.0,27336.0
1000010591,20240405,2024-04-05 01:18:01,262,1,4,Mendoza,9450.0,1200.0,55650.0
1000010592,20241212,2024-12-12 19:37:10,148,1,3,Santa Fe,5292.0,0.0,30492.0
1000010593,20250723,2025-07-23 13:20:17,839,2,4,Mendoza,2268.0,0.0,13068.0
1000010594,20240729,2024-07-29 13:17:06,1281,2,2,Córdoba,4536.0,0.0,26136.0
1000010595,20241119,2024-11-19 12:30:19,1042,1,1,Buenos Aires,4082.4,1200.0,24722.4
1000010596,20240319,2024-03-19 08:58:34,924,1,3,Santa Fe,11946.69,1200.0,70035.69
1000010597,20240320,2024-03-20 05:03:13,583,2,1,Buenos Aires,4939.2,0.0,28459.2
1000010598,20240818,2024-08-18 22:51:39,1086,1,3,Santa Fe,4445.28,900.0,26513.28
1000010599,20250611,2025-06-11 19:29:51,779,1,1,Buenos Aires,12411.0,900.0,72411.0
1000010600,20250304,2025-03-04 06:30:50,85,1,1,Buenos Aires,2394.0,1200.0,14994.0
1000010601,20241111,2024-11-11 20:57:59,18,1,3,Santa Fe,3150.0,1500.0,19650.0
1000010602,20240813,2024-08-13 09:37:47,310,2,3,Santa Fe,9450.0,0.0,54450.0
1000010603,20241109,2024-11-09 07:41:18,477,1,1,Buenos Aires,2992.5,1200.0,18442.5
1000010604,20240412,2024-04-12 14:16:32,1266,1,1,Buenos Aires,9450.0,900.0,55350.0
1000010605,20250424,2025-04-24 12:02:13,1173,1,1,Buenos Aires,2041.2,900.0,12661.2
1000010606,20241011,2024-10-11 09:38:34,13,2,1,Buenos Aires,3307.5,0.0,19057.5
1000010607,20250421,2025-04-21 11:47:43,1193,1,3,Santa Fe,7938.0,1200.0,46938.0
1000010608,20241005,2024-10-05 02:44:55,1231,1,2,Córdoba,4082.4,1500.0,25022.4
1000010609,20250114,2025-01-14 05:39:31,467,2,3,Santa Fe,9922.5,0.0,57172.5
1000010610,20240530,2024-05-30 14:25:13,995,1,1,Buenos Aires,4788.0,900.0,28488.0
1000010611,20240907,2024-09-07 09:24:35,1108,1,1,Buenos Aires,12285.0,0.0,70785.0
1000010612,20250630,2025-06-30 07:28:32,268,1,1,Buenos Aires,13437.9,900.0,78327.9
1000010613,20250430,2025-04-30 14:45:16,1496,1,1,Buenos Aires,2835.0,0.0,16335.0
1000010614,20240110,2024-01-10 14:51:49,1022,2,3,Santa Fe,16619.4,0.0,95759.4
1000010615,20250719,2025-07-19 08:50:41,1479,1,1,Buenos Aires,11655.0,1200.0,68355.0
1000010616,20250118,2025-01-18 15:54:01,20,1,2,Córdoba,13923.0,0.0,80223.0
1000010617,20250204,2025-02-04 20:29:18,335,2,1,Buenos Aires,2992.5,0.0,17242.5
1000010618,20250606,2025-06-06 14:30:29,1310,1,1,Buenos Aires,7560.0,900.0,44460.0
1000010619,20250323,2025-03-23 20:00:55,289,2,2,Córdoba,9072.0,0.0,52272.0
1000010620,20240330,2024-03-30 23:56:17,926,1,1,Buenos Aires,6804.0,900.0,40104.0
1000010621,20250711,2025-07-11 01:16:05,126,1,1,Buenos Aires,4536.0,0.0,26136.0
1000010622,20250108,2025-01-08 15:17:48,252,2,1,Buenos Aires,13853.7,0.0,79823.7
1000010623,20250831,2025-08-31 07:32:10,1070,1,1,Buenos Aires,8505.0,1200.0,50205.0
1000010624,20250117,2025-01-17 13:20:21,971,1,3,Santa Fe,13708.8,900.0,79888.8
1000010625,20250926,2025-09-26 10:40:08,1178,1,1,Buenos Aires,9724.05,900.0,56929.05
1000010626,20250415,2025-04-15 20:56:20,717,2,1,Buenos Aires,2154.6,0.0,12414.6
1000010627,20241212,2024-12-12 18:21:56,1217,1,2,Córdoba,14175.0,900.0,82575.0
1000010628,20250728,2025-07-28 02:16:29,513,1,2,Córdoba,2593.08,1200.0,16141.08
1000010629,20241025,2024-10-25 20:36:32,512,1,1,Buenos Aires,4939.2,1500.0,29959.2
1000010630,20241018,2024-10-18 13:35:09,316,1,3,Santa Fe,9922.5,900.0,58072.5
1000010631,20240720,2024-07-20 19:51:22,1141,2,4,Mendoza,3150.0,0.0,18150.0
1000010632,20250513,2025-05-13 09:29:00,1062,1,2,Córdoba,2268.0,1200.0,14268.0
1000010633,20241117,2024-11-17 22:28:53,216,1,1,Buenos Aires,7182.0,1200.0,42582.0
1000010634,20240827,2024-08-27 08:27:32,1452,1,1,Buenos Aires,12663.0,900.0,73863.0
1000010635,20240116,2024-01-16 18:23:22,981,1,1,Buenos Aires,9975.42,900.0,58377.42
1000010636,20240425,2024-04-25 16:29:12,193,2,2,Córdoba,7408.8,0.0,42688.8
1000010637,20240701,2024-07-01 10:47:37,529,2,4,Mendoza,2520.0,0.0,14520.0
1000010638,20250507,2025-05-07 09:01:27,1418,1,2,Córdoba,7484.4,1200.0,44324.4
1000010639,20250208,2025-02-08 15:59:14,1343,1,3,Santa Fe,25382.7,1500.0,147752.7
1000010640,20240820,2024-08-20 21:08:58,703,1,3,Santa Fe,4536.0,0.0,26136.0
1000010641,20240523,2024-05-23 15:52:08,76,2,1,Buenos Aires,6804.0,0.0,39204.0
1000010642,20250706,2025-07-06 19:26:26,357,2,2,Córdoba,2772.0,0.0,15972.0
1000010643,20250325,2025-03-25 09:59:06,1007,2,1,Buenos Aires,5040.0,0.0,29040.0
1000010644,20250604,2025-06-04 12:19:00,1439,1,3,Santa Fe,2222.64,0.0,12806.64
1000010645,20240802,2024-08-02 00:50:34,470,2,4,Mendoza,14004.9,0.0,80694.9
1000010646,20250120,2025-01-20 17:03:02,890,1,2,Córdoba,9875.25,900.0,57800.25
1000010647,20250603,2025-06-03 05:40:42,276,2,4,Mendoza,8845.2,0.0,50965.2
1000010648,20240113,2024-01-13 07:50:13,145,1,1,Buenos Aires,5040.0,1200.0,30240.0
1000010649,20250306,2025-03-06 10:37:47,1063,2,4,Mendoza,16537.5,0.0,95287.5
1000010650,20240228,2024-02-28 22:49:36,594,1,1,Buenos Aires,13286.7,900.0,77456.7
1000010651,20240327,2024-03-27 09:43:04,1420,1,1,Buenos Aires,7257.6,1500.0,43317.6
1000010652,20250830,2025-08-30 15:44:40,812,1,2,Córdoba,2593.08,1500.0,16441.08
1000010653,20240602,2024-06-02 10:21:37,1394,2,3,Santa Fe,2268.0,0.0,13068.0
1000010654,20241201,2024-12-01 13:44:28,196,1,2,Córdoba,9450.0,900.0,55350.0
1000010655,20240828,2024-08-28 03:22:45,145,2,2,Córdoba,15932.7,0.0,91802.7
1000010656,20250723,2025-07-23 16:43:52,832,1,2,Córdoba,5040.0,0.0,29040.0
1000010657,20241006,2024-10-06 20:12:29,1239,2,3,Santa Fe,9724.05,0.0,56029.05
1000010658,20250205,2025-02-05 08:52:24,805,2,3,Santa Fe,7560.0,0.0,43560.0
1000010659,20250720,2025-07-20 08:39:58,889,1,1,Buenos Aires,6804.0,1500.0,40704.0
1000010660,20240901,2024-09-01 14:46:36,944,2,2,Córdoba,2992.5,0.0,17242.5
1000010661,20240321,2024-03-21 01:36:44,1233,2,3,Santa Fe,7560.0,0.0,43560.0
1000010662,20240510,2024-05-10 23:12:13,142,1,2,Córdoba,2268.0,0.0,13068.0
1000010663,20240126,2024-01-26 19:26:30,932,1,1,Buenos Aires,7484.4,1200.0,44324.4
1000010664,20250511,2025-05-11 11:04:53,46,2,2,Córdoba,4939.2,0.0,28459.2
1000010665,20241221,2024-12-21 17:33:23,518,1,4,Mendoza,2469.6,1200.0,15429.6
1000010666,20240521,2024-05-21 06:20:30,442,1,3,Santa Fe,2394.0,900.0,14694.0
1000010667,20240802,2024-08-02 05:05:29,366,1,1,Buenos Aires,7056.0,900.0,41556.0
1000010668,20250715,2025-07-15 19:31:29,908,2,2,Córdoba,6583.5,0.0,37933.5
1000010669,20240502,2024-05-02 15:08:21,1157,1,1,Buenos Aires,7408.8,0.0,42688.8
1000010670,20250809,2025-08-09 14:19:20,763,1,1,Buenos Aires,9639.0,900.0,56439.0
1000010671,20240309,2024-03-09 08:03:40,1057,1,1,Buenos Aires,10773.0,1500.0,63573.0
1000010672,20240302,2024-03-02 23:29:43,1474,2,4,Mendoza,2394.0,0.0,13794.0
1000010673,20250123,2025-01-23 02:15:45,332,1,3,Santa Fe,6300.0,1200.0,37500.0
1000010674,20240803,2024-08-03 02:26:53,1439,2,2,Córdoba,6123.6,0.0,35283.6
1000010675,20240721,2024-07-21 18:39:14,1004,2,4,Mendoza,11647.12,0.0,67109.62
1000010676,20250813,2025-08-13 10:43:31,538,1,1,Buenos Aires,3087.0,1200.0,18987.0
1000010677,20241205,2024-12-05 01:45:49,1039,2,1,Buenos Aires,5985.0,0.0,34485.0
1000010678,20240506,2024-05-06 14:17:46,1145,1,1,Buenos Aires,7560.0,900.0,44460.0
1000010679,20241218,2024-12-18 01:04:59,943,2,4,Mendoza,9898.56,0.0,57034.56
1000010680,20240127,2024-01-27 16:38:41,1170,2,4,Mendoza,4309.2,0.0,24829.2
1000010681,20250614,2025-06-14 15:44:45,1020,1,1,Buenos Aires,2520.0,900.0,15420.0
1000010682,20250903,2025-09-03 06:19:00,1400,2,1,Buenos Aires,6300.0,0.0,36300.0
1000010683,20241125,2024-11-25 17:24:22,506,2,2,Córdoba,6930.0,0.0,39930.0
1000010684,20250601,2025-06-01 02:48:50,261,1,1,Buenos Aires,2992.5,0.0,17242.5
1000010685,20240628,2024-06-28 02:13:34,1437,1,1,Buenos Aires,7182.0,900.0,42282.0
1000010686,20240825,2024-08-25 08:54:55,612,2,3,Santa Fe,5040.0,0.0,29040.0
1000010687,20240516,2024-05-16 09:44:37,558,1,1,Buenos Aires,4788.0,0.0,27588.0
1000010688,20241227,2024-12-27 22:52:04,1040,2,2,Córdoba,2268.0,0.0,13068.0
1000010689,20241010,2024-10-10 12:58:58,487,1,4,Mendoza,3150.0,1200.0,19350.0
1000010690,20241219,2024-12-19 06:02:00,834,1,1,Buenos Aires,4939.2,0.0,28459.2
1000010691,20250908,2025-09-08 12:10:03,1188,2,3,Santa Fe,2693.25,0.0,15518.25
1000010692,20240911,2024-09-11 07:59:14,1291,1,4,Mendoza,9828.0,1500.0,58128.0
1000010693,20250624,2025-06-24 21:22:03,310,1,3,Santa Fe,2268.0,900.0,13968.0
1000010694,20250220,2025-02-20 18:37:13,982,1,1,Buenos Aires,9355.5,900.0,54805.5
1000010695,20240629,2024-06-29 08:44:42,743,2,4,Mendoza,4445.28,0.0,25613.28
1000010696,20250821,2025-08-21 12:13:48,224,2,3,Santa Fe,4788.0,0.0,27588.0
1000010697,20250818,2025-08-18 23:46:58,1068,1,1,Buenos Aires,15435.0,1200.0,90135.0
1000010698,20241209,2024-12-09 00:23:42,113,1,3,Santa Fe,4788.0,900.0,28488.0
1000010699,20240928,2024-09-28 01:11:49,1090,1,1,Buenos Aires,13293.0,1500.0,78093.0
1000010700,20240921,2024-09-21 01:10:53,1033,1,1,Buenos Aires,5027.4,1200.0,30167.4
1000010701,20241221,2024-12-21 22:25:53,1132,1,2,Córdoba,12411.0,900.0,72411.0
1000010702,20250926,2025-09-26 06:04:26,292,2,3,Santa Fe,8190.0,0.0,47190.0
1000010703,20240421,2024-04-21 12:57:46,556,2,4,Mendoza,5670.0,0.0,32670.0
1000010704,20250424,2025-04-24 09:54:04,519,1,3,Santa Fe,17284.05,1200.0,100789.05
1000010705,20250522,2025-05-22 15:36:39,491,2,1,Buenos Aires,11954.25,0.0,68879.25
1000010706,20250530,2025-05-30 19:46:53,811,1,1,Buenos Aires,7779.24,900.0,45723.24
1000010707,20241212,2024-12-12 00:12:21,687,2,1,Buenos Aires,9261.0,0.0,53361.0
1000010708,20250718,2025-07-18 06:01:12,921,2,1,Buenos Aires,5027.4,0.0,28967.4
1000010709,20250103,2025-01-03 16:01:28,622,2,4,Mendoza,5103.0,0.0,29403.0
1000010710,20241218,2024-12-18 22:27:44,789,2,1,Buenos Aires,2778.3,0.0,16008.3
1000010711,20250124,2025-01-24 19:49:36,126,2,1,Buenos Aires,6804.0,0.0,39204.0
1000010712,20250524,2025-05-24 13:10:21,1176,2,2,Córdoba,7827.75,0.0,45102.75
1000010713,20240623,2024-06-23 18:29:38,282,1,2,Córdoba,21231.0,900.0,123231.0
1000010714,20240204,2024-02-04 23:16:09,1132,1,3,Santa Fe,10395.0,1200.0,61095.0
1000010715,20250106,2025-01-06 14:16:41,284,2,1,Buenos Aires,8977.5,0.0,51727.5
1000010716,20240105,2024-01-05 00:31:08,174,1,1,Buenos Aires,2394.0,0.0,13794.0
1000010717,20250816,2025-08-16 01:12:37,1331,2,3,Santa Fe,12442.5,0.0,71692.5
1000010718,20250913,2025-09-13 11:07:27,1216,1,2,Córdoba,6284.25,900.0,37109.25
1000010719,20240525,2024-05-25 13:16:36,1194,2,1,Buenos Aires,2394.0,0.0,13794.0
1000010720,20240812,2024-08-12 02:37:50,982,1,3,Santa Fe,4939.2,0.0,28459.2
1000010721,20250623,2025-06-23 15:10:53,545,1,3,Santa Fe,3087.0,900.0,18687.0
1000010722,20240925,2024-09-25 14:40:32,325,1,3,Santa Fe,2394.0,1500.0,15294.0
1000010723,20250808,2025-08-08 02:18:05,867,1,3,Santa Fe,8505.0,1200.0,50205.0
1000010724,20250908,2025-09-08 18:39:19,1059,1,1,Buenos Aires,10187.1,900.0,59597.1
1000010725,20241217,2024-12-17 04:38:21,775,1,1,Buenos Aires,8423.1,900.0,49433.1
1000010726,20240109,2024-01-09 04:03:29,354,2,2,Córdoba,9261.0,0.0,53361.0
1000010727,20250620,2025-06-20 04:36:13,168,1,4,Mendoza,2222.64,900.0,13706.64
1000010728,20250523,2025-05-23 16:04:03,638,2,2,Córdoba,2041.2,0.0,11761.2
1000010729,20241001,2024-10-01 09:38:46,710,2,2,Córdoba,5670.0,0.0,32670.0
1000010730,20240202,2024-02-02 10:05:49,963,1,1,Buenos Aires,5027.4,1200.0,30167.4
1000010731,20250908,2025-09-08 06:01:05,1415,2,3,Santa Fe,2520.0,0.0,14520.0
1000010732,20250315,2025-03-15 10:56:50,599,2,1,Buenos Aires,3118.5,0.0,17968.5
1000010733,20250106,2025-01-06 05:47:53,200,1,1,Buenos Aires,9450.0,900.0,55350.0
1000010734,20240602,2024-06-02 01:15:40,1122,2,3,Santa Fe,2154.6,0.0,12414.6
1000010735,20240421,2024-04-21 16:15:01,317,2,2,Córdoba,2041.2,0.0,11761.2
1000010736,20240301,2024-03-01 18:10:16,1158,2,2,Córdoba,7938.0,0.0,45738.0
1000010737,20250329,2025-03-29 13:31:32,723,1,3,Santa Fe,7560.0,0.0,43560.0
1000010738,20241019,2024-10-19 00:54:16,1083,1,2,Córdoba,8977.5,1200.0,52927.5
1000010739,20241126,2024-11-26 07:50:24,352,1,4,Mendoza,6615.0,0.0,38115.0
1000010740,20240619,2024-06-19 14:15:19,394,1,1,Buenos Aires,8079.75,900.0,47454.75
1000010741,20250703,2025-07-03 04:29:27,740,1,1,Buenos Aires,2992.5,0.0,17242.5
1000010742,20240606,2024-06-06 22:52:21,1418,2,1,Buenos Aires,8788.5,0.0,50638.5
1000010743,20240807,2024-08-07 03:45:10,530,1,2,Córdoba,19845.0,0.0,114345.0
1000010744,20250423,2025-04-23 11:26:44,239,1,4,Mendoza,8578.08,1200.0,50626.08
1000010745,20241009,2024-10-09 07:12:57,296,1,4,Mendoza,16002.0,1200.0,93402.0
1000010746,20240109,2024-01-09 23:49:12,854,2,2,Córdoba,10773.0,0.0,62073.0
1000010747,20250323,2025-03-23 09:24:59,1221,2,3,Santa Fe,2778.3,0.0,16008.3
1000010748,20250113,2025-01-13 18:01:22,229,1,2,Córdoba,6463.8,1200.0,38443.8
1000010749,20250323,2025-03-23 17:40:37,1048,1,1,Buenos Aires,6174.0,1200.0,36774.0
1000010750,20250305,2025-03-05 00:19:41,698,1,2,Córdoba,5953.5,1500.0,35803.5
1000010751,20240316,2024-03-16 12:44:27,869,2,4,Mendoza,2778.3,0.0,16008.3
1000010752,20240626,2024-06-26 14:47:16,463,1,3,Santa Fe,9450.0,900.0,55350.0
1000010753,20240123,2024-01-23 14:21:23,268,1,1,Buenos Aires,14116.41,1200.0,82537.41
1000010754,20250121,2025-01-21 05:42:34,62,1,1,Buenos Aires,4082.4,900.0,24422.4
1000010755,20240420,2024-04-20 14:40:11,1242,1,1,Buenos Aires,2992.5,1200.0,18442.5
1000010756,20250204,2025-02-04 18:29:46,181,1,4,Mendoza,5985.0,0.0,34485.0
1000010757,20240529,2024-05-29 12:49:26,1484,2,2,Córdoba,4775.4,0.0,27515.4
1000010758,20250430,2025-04-30 11:34:31,41,1,3,Santa Fe,10395.0,1200.0,61095.0
1000010759,20250204,2025-02-04 08:29:12,497,1,2,Córdoba,7484.4,1500.0,44624.4
1000010760,20250207,2025-02-07 22:24:55,389,1,3,Santa Fe,7182.0,1200.0,42582.0
1000010761,20250214,2025-02-14 09:58:48,150,1,1,Buenos Aires,21130.2,1200.0,122950.2
1000010762,20250712,2025-07-12 15:37:17,1170,1,1,Buenos Aires,11642.4,1200.0,68282.4
1000010763,20240423,2024-04-23 02:36:14,1462,2,1,Buenos Aires,6284.25,0.0,36209.25
1000010764,20250110,2025-01-10 09:55:01,1296,2,2,Córdoba,4309.2,0.0,24829.2
1000010765,20240801,2024-08-01 12:34:13,830,1,2,Córdoba,8334.9,1200.0,49224.9
1000010766,20240613,2024-06-13 18:00:16,847,1,3,Santa Fe,14742.0,900.0,85842.0
1000010767,20240306,2024-03-06 16:43:44,981,2,3,Santa Fe,2551.5,0.0,14701.5
1000010768,20250106,2025-01-06 06:24:37,771,2,1,Buenos Aires,10962.0,0.0,63162.0
1000010769,20250401,2025-04-01 17:09:31,91,2,4,Mendoza,8454.6,0.0,48714.6
1000010770,20250123,2025-01-23 02:06:22,1173,1,2,Córdoba,2394.0,1200.0,14994.0
1000010771,20250128,2025-01-28 05:47:24,1317,2,2,Córdoba,9355.5,0.0,53905.5
1000010772,20240811,2024-08-11 13:25:05,1202,1,1,Buenos Aires,6300.0,1200.0,37500.0
1000010773,20240202,2024-02-02 13:26:18,422,2,2,Córdoba,8079.75,0.0,46554.75
1000010774,20240430,2024-04-30 13:30:40,847,2,3,Santa Fe,9317.7,0.0,53687.7
1000010775,20240215,2024-02-15 02:48:47,573,1,4,Mendoza,3465.0,1200.0,21165.0
1000010776,20241027,2024-10-27 05:59:54,1285,2,4,Mendoza,10332.0,0.0,59532.0
1000010777,20250928,2025-09-28 15:07:10,183,1,2,Córdoba,2520.0,900.0,15420.0
1000010778,20240216,2024-02-16 07:42:48,663,1,2,Córdoba,9261.0,900.0,54261.0
1000010779,20240922,2024-09-22 23:43:37,675,1,1,Buenos Aires,2154.6,1200.0,13614.6
1000010780,20240912,2024-09-12 12:28:23,306,1,2,Córdoba,5040.0,1200.0,30240.0
1000010781,20250831,2025-08-31 02:52:31,476,2,1,Buenos Aires,2469.6,0.0,14229.6
1000010782,20241220,2024-12-20 14:58:34,77,1,2,Córdoba,2772.0,900.0,16872.0
1000010783,20250426,2025-04-26 03:15:52,956,1,1,Buenos Aires,14212.8,900.0,82792.8
1000010784,20250302,2025-03-02 17:46:44,668,2,3,Santa Fe,5985.0,0.0,34485.0
1000010785,20250731,2025-07-31 01:27:16,439,1,2,Córdoba,10231.2,0.0,58951.2
1000010786,20241016,2024-10-16 01:01:22,1457,1,1,Buenos Aires,4939.2,1500.0,29959.2
1000010787,20240829,2024-08-29 13:08:44,725,2,4,Mendoza,7560.0,0.0,43560.0
1000010788,20250619,2025-06-19 22:15:09,1457,1,2,Córdoba,4762.8,1200.0,28642.8
1000010789,20240922,2024-09-22 08:12:57,507,2,4,Mendoza,2469.6,0.0,14229.6
1000010790,20250301,2025-03-01 11:49:57,129,2,4,Mendoza,22918.14,0.0,132052.14
1000010791,20241019,2024-10-19 00:15:13,1407,1,2,Córdoba,2268.0,1200.0,14268.0
1000010792,20250618,2025-06-18 10:16:44,775,2,2,Córdoba,6284.25,0.0,36209.25
1000010793,20240404,2024-04-04 16:17:16,661,1,3,Santa Fe,8977.5,1200.0,52927.5
1000010794,20250811,2025-08-11 19:42:56,1084,2,3,Santa Fe,5386.5,0.0,31036.5
1000010795,20241030,2024-10-30 19:36:25,711,1,1,Buenos Aires,2041.2,1200.0,12961.2
1000010796,20250223,2025-02-23 10:16:36,658,1,2,Córdoba,5670.0,900.0,33570.0
1000010797,20240722,2024-07-22 01:18:54,820,1,2,Córdoba,5186.16,1500.0,31382.16
1000010798,20240522,2024-05-22 15:19:06,1139,1,2,Córdoba,21546.0,0.0,124146.0
1000010799,20240528,2024-05-28 07:30:00,1020,2,4,Mendoza,3395.7,0.0,19565.7
1000010800,20240212,2024-02-12 13:54:28,650,2,4,Mendoza,5670.0,0.0,32670.0
1000010801,20240222,2024-02-22 21:22:36,1067,1,1,Buenos Aires,4762.8,0.0,27442.8
1000010802,20241231,2024-12-31 23:59:26,676,1,1,Buenos Aires,5985.0,900.0,35385.0
1000010803,20240820,2024-08-20 02:26:57,1416,1,1,Buenos Aires,6174.0,900.0,36474.0
1000010804,20240128,2024-01-28 22:14:46,908,1,1,Buenos Aires,12600.0,1200.0,73800.0
1000010805,20240617,2024-06-17 19:12:34,1486,1,4,Mendoza,2835.0,900.0,17235.0
1000010806,20240530,2024-05-30 03:58:38,1064,1,1,Buenos Aires,6804.0,900.0,40104.0
1000010807,20240602,2024-06-02 04:31:52,529,1,1,Buenos Aires,7931.7,1500.0,47201.7
1000010808,20241105,2024-11-05 07:13:25,805,1,2,Córdoba,14628.6,900.0,85188.6
1000010809,20240126,2024-01-26 09:43:25,927,1,2,Córdoba,7408.8,1500.0,44188.8
1000010810,20250714,2025-07-14 10:23:10,1062,2,4,Mendoza,3150.0,0.0,18150.0
1000010811,20240315,2024-03-15 17:05:51,288,1,1,Buenos Aires,7408.8,1200.0,43888.8
1000010812,20250103,2025-01-03 10:28:33,412,2,4,Mendoza,4989.6,0.0,28749.6
1000010813,20240625,2024-06-25 08:04:29,4,1,3,Santa Fe,2469.6,1200.0,15429.6
1000010814,20241227,2024-12-27 08:00:23,595,2,2,Córdoba,3087.0,0.0,17787.0
1000010815,20250510,2025-05-10 11:57:26,992,2,4,Mendoza,2976.75,0.0,17151.75
1000010816,20250412,2025-04-12 21:55:48,1202,2,1,Buenos Aires,13494.6,0.0,77754.6
1000010817,20250417,2025-04-17 22:40:43,278,2,3,Santa Fe,7320.6,0.0,42180.6
1000010818,20250216,2025-02-16 07:29:58,767,2,4,Mendoza,2992.5,0.0,17242.5
1000010819,20250508,2025-05-08 03:54:17,672,2,4,Mendoza,4989.6,0.0,28749.6
1000010820,20250117,2025-01-17 18:40:18,425,2,1,Buenos Aires,14214.38,0.0,81901.88
1000010821,20250923,2025-09-23 15:32:48,673,1,4,Mendoza,5186.16,1200.0,31082.16
1000010822,20240401,2024-04-01 06:36:13,491,1,2,Córdoba,2041.2,1200.0,12961.2
1000010823,20250814,2025-08-14 13:59:29,1114,2,2,Córdoba,7982.1,0.0,45992.1
1000010824,20250904,2025-09-04 06:16:01,712,1,2,Córdoba,2778.3,1200.0,17208.3
1000010825,20250409,2025-04-09 05:45:46,472,1,2,Córdoba,7182.0,1200.0,42582.0
1000010826,20250516,2025-05-16 23:03:16,440,2,3,Santa Fe,6804.0,0.0,39204.0
1000010827,20240228,2024-02-28 10:15:05,844,2,3,Santa Fe,15910.65,0.0,91675.65
1000010828,20250402,2025-04-02 09:42:31,1041,1,1,Buenos Aires,6300.0,900.0,37200.0
1000010829,20241215,2024-12-15 06:25:53,58,2,1,Buenos Aires,2268.0,0.0,13068.0
1000010830,20240228,2024-02-28 01:11:45,129,1,1,Buenos Aires,12403.12,1200.0,72665.62
1000010831,20250321,2025-03-21 12:46:53,1359,2,3,Santa Fe,5670.0,0.0,32670.0
1000010832,20240111,2024-01-11 17:16:43,584,1,1,Buenos Aires,6804.0,900.0,40104.0
1000010833,20250423,2025-04-23 20:04:15,672,2,1,Buenos Aires,16255.58,0.0,93663.08
1000010834,20250128,2025-01-28 14:27:43,942,1,2,Córdoba,5266.8,900.0,31246.8
1000010835,20250730,2025-07-30 01:39:13,577,2,2,Córdoba,7938.0,0.0,45738.0
1000010836,20250113,2025-01-13 05:07:01,227,1,1,Buenos Aires,2716.56,1200.0,16852.56
1000010837,20250217,2025-02-17 18:58:58,242,2,1,Buenos Aires,2551.5,0.0,14701.5
1000010838,20241205,2024-12-05 00:43:55,1468,2,3,Santa Fe,4309.2,0.0,24829.2
1000010839,20250530,2025-05-30 10:57:17,1092,1,1,Buenos Aires,2381.4,1500.0,15221.4
1000010840,20240215,2024-02-15 11:02:46,1096,1,1,Buenos Aires,6174.0,900.0,36474.0
1000010841,20240527,2024-05-27 08:55:17,871,2,2,Córdoba,5386.5,0.0,31036.5
1000010842,20250307,2025-03-07 14:00:40,200,2,1,Buenos Aires,4939.2,0.0,28459.2
1000010843,20240607,2024-06-07 00:14:56,1056,1,4,Mendoza,2835.0,1200.0,17535.0
1000010844,20240318,2024-03-18 09:14:25,341,1,1,Buenos Aires,3087.0,900.0,18687.0
1000010845,20250616,2025-06-16 22:13:20,905,1,1,Buenos Aires,5985.0,1200.0,35685.0
1000010846,20250819,2025-08-19 01:02:22,124,1,4,Mendoza,6482.7,900.0,38252.7
1000010847,20240226,2024-02-26 00:16:09,420,1,3,Santa Fe,9261.0,1200.0,54561.0
1000010848,20240928,2024-09-28 03:57:35,698,2,1,Buenos Aires,11718.0,0.0,67518.0
1000010849,20240729,2024-07-29 15:00:09,27,1,3,Santa Fe,5544.0,900.0,32844.0
1000010850,20241006,2024-10-06 04:54:06,989,1,1,Buenos Aires,3087.0,1200.0,18987.0
1000010851,20240102,2024-01-02 03:21:38,361,1,1,Buenos Aires,11844.0,900.0,69144.0
1000010852,20250925,2025-09-25 16:35:30,1355,1,1,Buenos Aires,2520.0,1500.0,16020.0
1000010853,20241201,2024-12-01 21:16:09,250,1,1,Buenos Aires,2520.0,900.0,15420.0
1000010854,20240123,2024-01-23 19:26:07,298,1,1,Buenos Aires,7484.4,0.0,43124.4
1000010855,20250823,2025-08-23 10:59:18,365,2,4,Mendoza,2646.0,0.0,15246.0
1000010856,20250521,2025-05-21 02:29:13,427,1,2,Córdoba,8977.5,1200.0,52927.5
1000010857,20250521,2025-05-21 18:05:31,876,1,1,Buenos Aires,8505.0,900.0,49905.0
1000010858,20250624,2025-06-24 23:12:58,509,2,2,Córdoba,2154.6,0.0,12414.6
1000010859,20250716,2025-07-16 18:01:12,959,2,2,Córdoba,8079.75,0.0,46554.75
1000010860,20240526,2024-05-26 04:04:17,1450,2,1,Buenos Aires,8190.0,0.0,47190.0
1000010861,20250119,2025-01-19 11:06:48,261,1,1,Buenos Aires,9450.0,1200.0,55650.0
1000010862,20240701,2024-07-01 10:35:46,541,1,3,Santa Fe,11623.5,1500.0,68473.5
1000010863,20250713,2025-07-13 03:40:39,398,1,1,Buenos Aires,5481.0,900.0,32481.0
1000010864,20250504,2025-05-04 01:01:33,1286,1,1,Buenos Aires,2778.3,900.0,16908.3
1000010865,20240802,2024-08-02 16:28:24,826,2,1,Buenos Aires,8505.0,0.0,49005.0
1000010866,20250621,2025-06-21 16:18:44,395,1,3,Santa Fe,8701.56,900.0,51037.56
1000010867,20250313,2025-03-13 18:31:09,752,2,1,Buenos Aires,9261.0,0.0,53361.0
1000010868,20240925,2024-09-25 17:17:54,975,1,3,Santa Fe,7779.24,1500.0,46323.24
1000010869,20241212,2024-12-12 00:43:18,899,1,3,Santa Fe,10962.0,900.0,64062.0
1000010870,20250704,2025-07-04 13:59:10,28,1,1,Buenos Aires,9355.5,1200.0,55105.5
1000010871,20240709,2024-07-09 18:44:15,208,2,1,Buenos Aires,2394.0,0.0,13794.0
1000010872,20250119,2025-01-19 09:40:22,1165,2,2,Córdoba,2469.6,0.0,14229.6
1000010873,20250118,2025-01-18 00:00:12,1212,1,1,Buenos Aires,7885.08,0.0,45433.08
1000010874,20250914,2025-09-14 11:36:45,1124,1,2,Córdoba,9875.25,1200.0,58100.25
1000010875,20250702,2025-07-02 17:47:12,1422,2,3,Santa Fe,6804.0,0.0,39204.0
1000010876,20241118,2024-11-18 10:34:40,489,1,3,Santa Fe,16065.0,1200.0,93765.0
1000010877,20240307,2024-03-07 16:20:22,109,1,1,Buenos Aires,4536.0,900.0,27036.0
1000010878,20250726,2025-07-26 20:09:09,361,2,2,Córdoba,7314.3,0.0,42144.3
1000010879,20250908,2025-09-08 15:13:54,578,1,1,Buenos Aires,15516.9,0.0,89406.9
1000010880,20240609,2024-06-09 17:29:46,1067,1,2,Córdoba,3395.7,900.0,20465.7
1000010881,20250625,2025-06-25 00:59:20,212,2,3,Santa Fe,13154.4,0.0,75794.4
1000010882,20241125,2024-11-25 12:16:31,1100,2,3,Santa Fe,4788.0,0.0,27588.0
1000010883,20250705,2025-07-05 23:14:17,24,1,1,Buenos Aires,8631.0,900.0,50631.0
1000010884,20250411,2025-04-11 04:17:03,1226,1,3,Santa Fe,6482.7,1500.0,38852.7
1000010885,20250930,2025-09-30 14:34:34,341,1,1,Buenos Aires,6300.0,1200.0,37500.0
1000010886,20250122,2025-01-22 06:13:31,928,1,1,Buenos Aires,6667.92,1500.0,39919.92
1000010887,20250109,2025-01-09 13:06:25,12,2,2,Córdoba,7560.0,0.0,43560.0
1000010888,20240615,2024-06-15 21:31:51,45,2,4,Mendoza,6174.0,0.0,35574.0
1000010889,20240229,2024-02-29 07:56:27,1211,1,2,Córdoba,10962.0,1200.0,64362.0
1000010890,20250415,2025-04-15 01:33:37,501,1,4,Mendoza,11455.92,1200.0,67207.92
1000010891,20241213,2024-12-13 13:17:32,504,2,4,Mendoza,6804.0,0.0,39204.0
1000010892,20240411,2024-04-11 05:36:10,708,1,3,Santa Fe,10369.8,0.0,59749.8
1000010893,20250623,2025-06-23 07:09:22,1295,2,3,Santa Fe,4536.0,0.0,26136.0
1000010894,20240911,2024-09-11 04:19:29,1144,2,2,Córdoba,3087.0,0.0,17787.0
1000010895,20240102,2024-01-02 06:54:24,6,1,3,Santa Fe,8977.5,900.0,52627.5
1000010896,20250217,2025-02-17 05:58:38,851,1,1,Buenos Aires,2716.56,0.0,15652.56
1000010897,20240404,2024-04-04 17:41:32,256,1,2,Córdoba,8079.75,900.0,47454.75
1000010898,20250810,2025-08-10 12:54:35,322,2,3,Santa Fe,2835.0,0.0,16335.0
1000010899,20250416,2025-04-16 09:37:14,952,1,1,Buenos Aires,3142.12,900.0,19004.62
1000010900,20250119,2025-01-19 20:16:49,409,2,3,Santa Fe,4939.2,0.0,28459.2
1000010901,20240503,2024-05-03 11:14:58,723,1,1,Buenos Aires,8505.0,1500.0,50505.0
1000010902,20240117,2024-01-17 18:49:28,797,1,2,Córdoba,7560.0,900.0,44460.0
1000010903,20240211,2024-02-11 04:06:01,645,2,3,Santa Fe,10160.64,0.0,58544.64
1000010904,20250703,2025-07-03 08:39:30,812,1,1,Buenos Aires,2268.0,900.0,13968.0
1000010905,20240101,2024-01-01 21:43:48,1290,1,3,Santa Fe,5670.0,1200.0,33870.0
1000010906,20240706,2024-07-06 22:33:30,1404,2,2,Córdoba,5556.6,0.0,32016.6
1000010907,20250202,2025-02-02 20:43:30,657,1,1,Buenos Aires,11340.0,1200.0,66540.0
1000010908,20240509,2024-05-09 13:33:28,858,2,1,Buenos Aires,2268.0,0.0,13068.0
1000010909,20241228,2024-12-28 12:25:30,866,2,1,Buenos Aires,11403.0,0.0,65703.0
1000010910,20250617,2025-06-17 02:47:23,300,1,2,Córdoba,13962.38,900.0,81349.88
1000010911,20250703,2025-07-03 03:23:34,386,2,1,Buenos Aires,5304.6,0.0,30564.6
1000010912,20240610,2024-06-10 23:04:45,450,1,2,Córdoba,14064.75,1200.0,82239.75
1000010913,20240624,2024-06-24 11:57:31,128,1,2,Córdoba,5071.5,900.0,30121.5
1000010914,20240827,2024-08-27 08:42:39,1298,2,3,Santa Fe,4536.0,0.0,26136.0
1000010915,20240914,2024-09-14 13:23:22,1288,1,1,Buenos Aires,6791.4,900.0,40031.4
1000010916,20240522,2024-05-22 11:22:45,681,1,4,Mendoza,14490.0,1200.0,84690.0
1000010917,20240127,2024-01-27 02:22:22,689,1,1,Buenos Aires,2268.0,0.0,13068.0
1000010918,20240531,2024-05-31 23:14:32,40,1,1,Buenos Aires,5556.6,1200.0,33216.6
1000010919,20240607,2024-06-07 14:50:54,780,1,3,Santa Fe,17435.25,0.0,100460.25
1000010920,20240609,2024-06-09 05:24:51,1498,1,2,Córdoba,9922.5,900.0,58072.5
1000010921,20250515,2025-05-15 19:42:12,1398,1,1,Buenos Aires,8977.5,1200.0,52927.5
1000010922,20250904,2025-09-04 16:43:25,1164,2,2,Córdoba,9198.0,0.0,52998.0
1000010923,20240826,2024-08-26 10:09:22,394,1,1,Buenos Aires,5040.0,1200.0,30240.0
1000010924,20240421,2024-04-21 16:02:26,1077,2,2,Córdoba,5103.0,0.0,29403.0
1000010925,20240515,2024-05-15 08:35:30,1339,1,1,Buenos Aires,5985.0,900.0,35385.0
1000010926,20250227,2025-02-27 15:23:06,983,2,2,Córdoba,7182.0,0.0,41382.0
1000010927,20240313,2024-03-13 10:08:26,541,2,3,Santa Fe,5670.0,0.0,32670.0
1000010928,20241028,2024-10-28 08:08:29,967,1,1,Buenos Aires,3395.7,900.0,20465.7
1000010929,20250522,2025-05-22 11:03:20,1405,2,2,Córdoba,18874.8,0.0,108754.8
1000010930,20250918,2025-09-18 14:41:02,147,1,1,Buenos Aires,5670.0,1200.0,33870.0
1000010931,20250821,2025-08-21 16:15:26,1093,2,3,Santa Fe,6615.0,0.0,38115.0
1000010932,20241219,2024-12-19 14:57:17,1452,1,1,Buenos Aires,6930.0,900.0,40830.0
1000010933,20240111,2024-01-11 23:29:51,1409,2,2,Córdoba,2551.5,0.0,14701.5
1000010934,20250328,2025-03-28 08:43:52,900,1,1,Buenos Aires,2633.4,900.0,16073.4
1000010935,20250630,2025-06-30 14:37:44,948,1,1,Buenos Aires,6667.92,1500.0,39919.92
1000010936,20250119,2025-01-19 02:04:18,1160,1,2,Córdoba,16632.0,900.0,96732.0
1000010937,20241021,2024-10-21 01:54:43,330,2,4,Mendoza,16608.38,0.0,95695.88
1000010938,20250408,2025-04-08 17:44:58,1194,2,4,Mendoza,2835.0,0.0,16335.0
1000010939,20240226,2024-02-26 14:31:58,428,1,1,Buenos Aires,22152.38,1200.0,128839.88
1000010940,20240325,2024-03-25 06:03:54,445,1,3,Santa Fe,2469.6,900.0,15129.6
1000010941,20241106,2024-11-06 06:50:50,1264,1,3,Santa Fe,2154.6,0.0,12414.6
1000010942,20241025,2024-10-25 20:04:26,801,1,4,Mendoza,12388.95,1500.0,72883.95
1000010943,20240722,2024-07-22 16:28:07,1032,2,4,Mendoza,2268.0,0.0,13068.0
1000010944,20250316,2025-03-16 07:26:07,274,2,4,Mendoza,7686.0,0.0,44286.0
1000010945,20250517,2025-05-17 22:21:39,1151,1,1,Buenos Aires,6300.0,0.0,36300.0
1000010946,20241112,2024-11-12 06:37:59,1125,1,1,Buenos Aires,4536.0,900.0,27036.0
1000010947,20240429,2024-04-29 15:42:26,989,2,3,Santa Fe,15860.25,0.0,91385.25
1000010948,20240831,2024-08-31 05:41:44,1130,2,1,Buenos Aires,7654.5,0.0,44104.5
1000010949,20241204,2024-12-04 04:32:22,1466,2,1,Buenos Aires,4082.4,0.0,23522.4
1000010950,20250919,2025-09-19 09:02:01,662,1,2,Córdoba,6300.0,1200.0,37500.0
1000010951,20250327,2025-03-27 08:00:22,1166,1,1,Buenos Aires,4309.2,1500.0,26329.2
1000010952,20250911,2025-09-11 07:45:17,847,1,1,Buenos Aires,13047.3,900.0,76077.3
1000010953,20250630,2025-06-30 10:30:14,503,2,1,Buenos Aires,15781.5,0.0,90931.5
1000010954,20240217,2024-02-17 12:12:20,732,2,1,Buenos Aires,5229.0,0.0,30129.0
1000010955,20250912,2025-09-12 16:53:04,1107,1,2,Córdoba,3087.0,900.0,18687.0
1000010956,20250326,2025-03-26 03:19:20,308,1,3,Santa Fe,10755.99,1200.0,63174.99
1000010957,20240315,2024-03-15 18:59:24,438,2,4,Mendoza,4788.0,0.0,27588.0
1000010958,20241015,2024-10-15 09:48:01,503,2,2,Córdoba,2778.3,0.0,16008.3
1000010959,20241027,2024-10-27 01:16:48,1453,1,1,Buenos Aires,7900.2,0.0,45520.2
1000010960,20241104,2024-11-04 22:32:06,751,1,1,Buenos Aires,5040.0,0.0,29040.0
1000010961,20250119,2025-01-19 03:46:03,1000,2,4,Mendoza,7484.4,0.0,43124.4
1000010962,20250713,2025-07-13 20:31:05,354,1,1,Buenos Aires,5607.0,1200.0,33507.0
1000010963,20250723,2025-07-23 00:42:21,885,1,1,Buenos Aires,7408.8,900.0,43588.8
1000010964,20250613,2025-06-13 10:35:25,1233,1,4,Mendoza,6300.0,900.0,37200.0
1000010965,20250107,2025-01-07 02:06:40,325,2,1,Buenos Aires,6123.6,0.0,35283.6
1000010966,20250728,2025-07-28 04:05:41,412,1,2,Córdoba,5985.0,900.0,35385.0
1000010967,20240823,2024-08-23 03:55:52,1236,2,1,Buenos Aires,13387.5,0.0,77137.5
1000010968,20241212,2024-12-12 17:35:51,61,2,1,Buenos Aires,5670.0,0.0,32670.0
1000010969,20240728,2024-07-28 10:42:51,747,2,3,Santa Fe,14987.7,0.0,86357.7
1000010970,20250529,2025-05-29 17:17:58,843,2,1,Buenos Aires,2394.0,0.0,13794.0
1000010971,20241224,2024-12-24 07:59:17,335,2,1,Buenos Aires,2469.6,0.0,14229.6
1000010972,20240214,2024-02-14 09:31:44,285,2,2,Córdoba,9450.0,0.0,54450.0
1000010973,20250217,2025-02-17 19:34:31,928,1,1,Buenos Aires,8857.8,1200.0,52237.8
1000010974,20240506,2024-05-06 14:24:41,790,1,1,Buenos Aires,4788.0,900.0,28488.0
1000010975,20250128,2025-01-28 13:02:06,1398,1,1,Buenos Aires,2520.0,900.0,15420.0
1000010976,20250402,2025-04-02 21:23:21,782,2,3,Santa Fe,15188.04,0.0,87512.04
1000010977,20240715,2024-07-15 22:46:27,1088,1,1,Buenos Aires,20506.5,1200.0,119356.5
1000010978,20240402,2024-04-02 06:38:06,1171,2,1,Buenos Aires,2469.6,0.0,14229.6
1000010979,20240709,2024-07-09 11:13:25,1178,1,1,Buenos Aires,4939.2,1200.0,29659.2
1000010980,20250202,2025-02-02 21:11:28,1103,2,2,Córdoba,15135.75,0.0,87210.75
1000010981,20250204,2025-02-04 10:40:25,28,1,1,Buenos Aires,9300.06,1200.0,54786.06
1000010982,20250610,2025-06-10 00:40:23,1148,2,4,Mendoza,2992.5,0.0,17242.5
1000010983,20241113,2024-11-13 22:48:54,1381,1,3,Santa Fe,5985.0,900.0,35385.0
1000010984,20240308,2024-03-08 21:32:53,1132,1,2,Córdoba,10823.4,0.0,62363.4
1000010985,20240120,2024-01-20 16:02:05,99,2,3,Santa Fe,2469.6,0.0,14229.6
1000010986,20250324,2025-03-24 15:05:21,380,1,4,Mendoza,17955.0,900.0,104355.0
1000010987,20240625,2024-06-25 14:13:21,441,1,2,Córdoba,2693.25,1200.0,16718.25
1000010988,20240402,2024-04-02 22:45:31,1341,2,2,Córdoba,9922.5,0.0,57172.5
1000010989,20240703,2024-07-03 20:08:37,1095,2,2,Córdoba,2520.0,0.0,14520.0
1000010990,20250424,2025-04-24 05:42:41,1139,1,1,Buenos Aires,6174.0,900.0,36474.0
1000010991,20241201,2024-12-01 03:39:33,775,1,1,Buenos Aires,10338.3,1200.0,60768.3
1000010992,20240528,2024-05-28 07:19:48,783,2,1,Buenos Aires,4788.0,0.0,27588.0
1000010993,20250216,2025-02-16 21:45:43,115,1,3,Santa Fe,13891.5,0.0,80041.5
1000010994,20250829,2025-08-29 18:05:13,45,1,1,Buenos Aires,4536.0,1500.0,27636.0
1000010995,20241010,2024-10-10 08:25:21,691,2,2,Córdoba,14364.0,0.0,82764.0
1000010996,20240104,2024-01-04 23:08:27,353,1,1,Buenos Aires,5040.0,900.0,29940.0
1000010997,20240516,2024-05-16 03:26:26,1332,1,1,Buenos Aires,8935.92,1200.0,52687.92
1000010998,20250909,2025-09-09 16:57:35,86,1,3,Santa Fe,14382.9,1500.0,84372.9
1000010999,20241001,2024-10-01 01:58:45,1214,1,1,Buenos Aires,14143.5,900.0,82393.5
1000011000,20250624,2025-06-24 07:41:47,487,1,3,Santa Fe,2835.0,1500.0,17835.0
1000011001,20241108,2024-11-08 02:54:27,1048,2,2,Córdoba,14634.9,0.0,84324.9
1000011002,20250226,2025-02-26 15:20:30,1472,2,3,Santa Fe,13466.25,0.0,77591.25
1000011003,20250902,2025-09-02 09:45:12,693,2,4,Mendoza,3150.0,0.0,18150.0
1000011004,20240223,2024-02-23 07:40:24,1264,1,3,Santa Fe,8079.75,900.0,47454.75
1000011005,20250316,2025-03-16 06:43:44,1219,1,3,Santa Fe,15302.7,0.0,88172.7
1000011006,20240525,2024-05-25 07:47:20,18,2,2,Córdoba,8505.0,0.0,49005.0
1000011007,20250424,2025-04-24 07:35:27,11,1,1,Buenos Aires,5040.0,1200.0,30240.0
1000011008,20240220,2024-02-20 10:24:20,1054,1,4,Mendoza,7408.8,1200.0,43888.8
1000011009,20250728,2025-07-28 05:22:26,650,2,2,Córdoba,4788.0,0.0,27588.0
1000011010,20240207,2024-02-07 01:00:42,1169,2,2,Córdoba,9450.0,0.0,54450.0
1000011011,20240609,2024-06-09 11:54:47,811,1,1,Buenos Aires,2154.6,1200.0,13614.6
1000011012,20250811,2025-08-11 00:50:23,844,1,1,Buenos Aires,7408.8,1200.0,43888.8
1000011013,20240410,2024-04-10 16:21:37,62,2,3,Santa Fe,2268.0,0.0,13068.0
1000011014,20241206,2024-12-06 08:09:52,1099,1,2,Córdoba,5386.5,1200.0,32236.5
1000011015,20250712,2025-07-12 13:34:36,254,1,1,Buenos Aires,2222.64,1200.0,14006.64
1000011016,20250112,2025-01-12 09:56:23,1467,1,2,Córdoba,10974.6,1500.0,64734.6
1000011017,20250821,2025-08-21 02:20:20,326,2,4,Mendoza,7408.8,0.0,42688.8
1000011018,20250520,2025-05-20 07:09:08,1087,2,3,Santa Fe,6300.0,0.0,36300.0
1000011019,20250128,2025-01-28 03:22:32,695,1,1,Buenos Aires,2520.0,900.0,15420.0
1000011020,20250601,2025-06-01 14:10:19,791,2,4,Mendoza,13230.0,0.0,76230.0
1000011021,20240902,2024-09-02 19:58:20,16,1,1,Buenos Aires,5481.0,1200.0,32781.0
1000011022,20241010,2024-10-10 11:04:43,919,2,1,Buenos Aires,4536.0,0.0,26136.0
1000011023,20250125,2025-01-25 03:34:04,512,1,1,Buenos Aires,8505.0,900.0,49905.0
1000011024,20240316,2024-03-16 15:37:10,798,2,3,Santa Fe,5670.0,0.0,32670.0
1000011025,20250723,2025-07-23 01:56:44,878,2,1,Buenos Aires,11915.82,0.0,68657.82
1000011026,20240623,2024-06-23 09:06:32,6,2,3,Santa Fe,3150.0,0.0,18150.0
1000011027,20250213,2025-02-13 11:02:36,611,1,1,Buenos Aires,7408.8,900.0,43588.8
1000011028,20240209,2024-02-09 05:06:40,644,1,2,Córdoba,14805.0,900.0,86205.0
1000011029,20240903,2024-09-03 12:57:09,967,1,2,Córdoba,4939.2,1200.0,29659.2
1000011030,20240726,2024-07-26 17:36:11,987,1,4,Mendoza,2469.6,900.0,15129.6
1000011031,20250830,2025-08-30 15:38:13,1146,1,3,Santa Fe,4649.4,1500.0,28289.4
1000011032,20240106,2024-01-06 03:17:27,227,1,1,Buenos Aires,11932.2,1200.0,69952.2
1000011033,20241022,2024-10-22 05:56:34,1378,1,1,Buenos Aires,5985.0,900.0,35385.0
1000011034,20240119,2024-01-19 04:23:47,112,1,1,Buenos Aires,5062.68,1500.0,30670.68
1000011035,20240723,2024-07-23 15:25:42,393,1,1,Buenos Aires,2394.0,1500.0,15294.0
1000011036,20250817,2025-08-17 15:59:07,489,2,2,Córdoba,10276.56,0.0,59212.56
1000011037,20250908,2025-09-08 10:04:20,831,2,2,Córdoba,6284.25,0.0,36209.25
1000011038,20240905,2024-09-05 17:11:28,951,1,1,Buenos Aires,13466.25,1200.0,78791.25
1000011039,20240824,2024-08-24 09:33:36,150,1,1,Buenos Aires,6804.0,1200.0,40404.0
1000011040,20241031,2024-10-31 06:50:28,1306,2,3,Santa Fe,2520.0,0.0,14520.0
1000011041,20241203,2024-12-03 02:25:46,849,2,3,Santa Fe,2268.0,0.0,13068.0
1000011042,20240924,2024-09-24 05:42:05,165,1,1,Buenos Aires,6284.25,0.0,36209.25
1000011043,20250120,2025-01-20 23:47:15,1090,2,1,Buenos Aires,18229.05,0.0,105034.05
1000011044,20240517,2024-05-17 16:41:19,63,1,3,Santa Fe,10745.28,0.0,61913.28
1000011045,20240123,2024-01-23 18:02:51,47,2,1,Buenos Aires,8505.0,0.0,49005.0
1000011046,20240402,2024-04-02 01:20:06,197,1,1,Buenos Aires,3087.0,1500.0,19287.0
1000011047,20250210,2025-02-10 09:49:32,951,1,2,Córdoba,3087.0,900.0,18687.0
1000011048,20241125,2024-11-25 19:03:15,384,1,1,Buenos Aires,9261.0,1500.0,54861.0
1000011049,20241006,2024-10-06 01:57:03,359,1,2,Córdoba,2551.5,1200.0,15901.5
1000011050,20240819,2024-08-19 02:50:02,505,2,1,Buenos Aires,6804.0,0.0,39204.0
1000011051,20250105,2025-01-05 11:13:21,296,1,1,Buenos Aires,16096.5,1200.0,93946.5
1000011052,20250821,2025-08-21 05:40:54,32,1,1,Buenos Aires,4939.2,900.0,29359.2
1000011053,20250101,2025-01-01 14:36:24,459,2,2,Córdoba,6804.0,0.0,39204.0
1000011054,20240203,2024-02-03 22:51:26,468,1,1,Buenos Aires,17180.1,900.0,99890.1
1000011055,20240531,2024-05-31 13:36:06,1204,2,2,Córdoba,4788.0,0.0,27588.0
1000011056,20240407,2024-04-07 18:04:19,1329,1,1,Buenos Aires,10987.2,900.0,64207.2
1000011057,20240417,2024-04-17 17:00:01,835,1,1,Buenos Aires,2772.0,900.0,16872.0
1000011058,20250715,2025-07-15 04:37:35,828,2,4,Mendoza,5386.5,0.0,31036.5
1000011059,20241231,2024-12-31 21:56:10,1175,1,1,Buenos Aires,6300.0,1200.0,37500.0
1000011060,20240112,2024-01-12 16:41:12,1486,1,4,Mendoza,5103.0,0.0,29403.0
1000011061,20240802,2024-08-02 04:08:08,1319,2,3,Santa Fe,2268.0,0.0,13068.0
1000011062,20250715,2025-07-15 03:39:55,78,2,2,Córdoba,5985.0,0.0,34485.0
1000011063,20240721,2024-07-21 23:23:43,1439,1,2,Córdoba,9922.5,900.0,58072.5
1000011064,20240701,2024-07-01 10:14:29,1405,1,3,Santa Fe,2469.6,900.0,15129.6
1000011065,20250131,2025-01-31 02:31:17,255,1,1,Buenos Aires,15435.0,900.0,89835.0
1000011066,20250804,2025-08-04 19:49:55,251,1,3,Santa Fe,5103.0,900.0,30303.0
1000011067,20241215,2024-12-15 07:08:52,849,1,1,Buenos Aires,10773.0,1200.0,63273.0
1000011068,20250601,2025-06-01 19:06:32,1380,1,4,Mendoza,9450.0,1200.0,55650.0
1000011069,20240203,2024-02-03 14:33:42,393,2,4,Mendoza,4309.2,0.0,24829.2
1000011070,20240305,2024-03-05 23:52:19,1129,1,2,Córdoba,2992.5,0.0,17242.5
1000011071,20250926,2025-09-26 19:19:20,27,2,1,Buenos Aires,6615.0,0.0,38115.0
1000011072,20250311,2025-03-11 14:47:44,1324,1,1,Buenos Aires,11970.0,1200.0,70170.0
1000011073,20250309,2025-03-09 18:37:02,965,2,4,Mendoza,6463.8,0.0,37243.8
1000011074,20240827,2024-08-27 05:27:25,804,1,2,Córdoba,2835.0,1500.0,17835.0
1000011075,20240720,2024-07-20 18:28:16,1107,2,4,Mendoza,7182.0,0.0,41382.0
1000011076,20240516,2024-05-16 22:16:40,1186,1,3,Santa Fe,13545.0,900.0,78945.0
1000011077,20240401,2024-04-01 05:54:43,186,2,3,Santa Fe,5040.0,0.0,29040.0
1000011078,20250318,2025-03-18 00:50:56,778,1,3,Santa Fe,5040.0,0.0,29040.0
1000011079,20240303,2024-03-03 19:08:37,31,1,1,Buenos Aires,6174.0,900.0,36474.0
1000011080,20250618,2025-06-18 11:26:26,207,1,1,Buenos Aires,5027.4,1200.0,30167.4
1000011081,20250212,2025-02-12 23:12:44,1010,1,1,Buenos Aires,4536.0,900.0,27036.0
1000011082,20240619,2024-06-19 22:58:32,1178,1,3,Santa Fe,10628.1,1200.0,62438.1
1000011083,20250606,2025-06-06 13:44:34,1419,1,1,Buenos Aires,2646.0,900.0,16146.0
1000011084,20250411,2025-04-11 17:37:43,1202,1,4,Mendoza,16159.5,1200.0,94309.5
1000011085,20240511,2024-05-11 10:59:59,1462,1,1,Buenos Aires,18994.5,0.0,109444.5
1000011086,20250101,2025-01-01 10:31:40,299,1,1,Buenos Aires,2268.0,1200.0,14268.0
1000011087,20250323,2025-03-23 16:18:57,896,1,4,Mendoza,16632.0,1500.0,97332.0
1000011088,20241107,2024-11-07 10:09:54,800,2,2,Córdoba,9450.0,0.0,54450.0
1000011089,20240331,2024-03-31 15:38:45,304,2,2,Córdoba,6463.8,0.0,37243.8
1000011090,20240104,2024-01-04 11:16:17,1268,2,2,Córdoba,2992.5,0.0,17242.5
1000011091,20250823,2025-08-23 01:24:23,1135,2,1,Buenos Aires,6482.7,0.0,37352.7
1000011092,20240226,2024-02-26 08:24:17,915,1,3,Santa Fe,2835.0,900.0,17235.0
1000011093,20241211,2024-12-11 01:51:00,1400,2,2,Córdoba,9450.0,0.0,54450.0
1000011094,20241226,2024-12-26 05:38:52,1342,2,4,Mendoza,5040.0,0.0,29040.0
1000011095,20250824,2025-08-24 14:46:35,464,1,4,Mendoza,4309.2,900.0,25729.2
1000011096,20241009,2024-10-09 23:36:43,556,1,1,Buenos Aires,2469.6,0.0,14229.6
1000011097,20250823,2025-08-23 14:05:33,999,2,3,Santa Fe,2520.0,0.0,14520.0
1000011098,20240131,2024-01-31 03:50:49,1011,1,1,Buenos Aires,5670.0,1200.0,33870.0
1000011099,20250426,2025-04-26 00:43:34,1314,2,3,Santa Fe,3150.0,0.0,18150.0
1000011100,20241113,2024-11-13 12:02:56,1387,1,1,Buenos Aires,4939.2,1200.0,29659.2
1000011101,20250524,2025-05-24 16:12:16,849,1,3,Santa Fe,2716.56,1500.0,17152.56
1000011102,20241224,2024-12-24 22:19:40,183,1,1,Buenos Aires,7938.0,1500.0,47238.0
1000011103,20240323,2024-03-23 16:15:16,589,2,3,Santa Fe,12121.2,0.0,69841.2
1000011104,20240901,2024-09-01 20:56:41,675,1,3,Santa Fe,12411.0,1200.0,72711.0
1000011105,20241215,2024-12-15 21:45:42,1051,1,4,Mendoza,4662.0,900.0,27762.0
1000011106,20240819,2024-08-19 12:05:16,1093,1,1,Buenos Aires,5040.0,0.0,29040.0
1000011107,20240529,2024-05-29 21:18:09,687,2,3,Santa Fe,4536.0,0.0,26136.0
1000011108,20241103,2024-11-03 06:53:24,1456,1,4,Mendoza,2268.0,900.0,13968.0
1000011109,20250529,2025-05-29 23:55:14,862,1,2,Córdoba,9261.0,0.0,53361.0
1000011110,20240701,2024-07-01 10:30:39,1127,2,1,Buenos Aires,4939.2,0.0,28459.2
1000011111,20250914,2025-09-14 06:41:42,80,1,2,Córdoba,18246.38,1200.0,106333.88
1000011112,20250118,2025-01-18 18:38:46,855,1,1,Buenos Aires,5670.0,1500.0,34170.0
1000011113,20250603,2025-06-03 06:12:26,252,2,2,Córdoba,2716.56,0.0,15652.56
1000011114,20240912,2024-09-12 16:33:14,465,1,1,Buenos Aires,3087.0,1200.0,18987.0
1000011115,20250823,2025-08-23 06:18:36,1073,2,1,Buenos Aires,5985.0,0.0,34485.0
1000011116,20241218,2024-12-18 08:18:54,865,2,1,Buenos Aires,15800.4,0.0,91040.4
1000011117,20250330,2025-03-30 22:36:29,482,2,4,Mendoza,21577.5,0.0,124327.5
1000011118,20240213,2024-02-13 05:50:21,405,1,1,Buenos Aires,2469.6,900.0,15129.6
1000011119,20240620,2024-06-20 03:51:11,353,1,1,Buenos Aires,9261.0,1200.0,54561.0
1000011120,20250224,2025-02-24 22:52:24,171,1,2,Córdoba,10650.15,1500.0,62865.15
1000011121,20250807,2025-08-07 20:25:07,281,2,3,Santa Fe,8977.5,0.0,51727.5
1000011122,20250809,2025-08-09 04:56:45,1067,1,2,Córdoba,8977.5,1500.0,53227.5
1000011123,20240511,2024-05-11 22:18:33,1376,1,3,Santa Fe,11491.2,900.0,67111.2
1000011124,20240401,2024-04-01 03:39:42,231,1,2,Córdoba,2222.64,900.0,13706.64
1000011125,20240921,2024-09-21 07:11:29,17,1,1,Buenos Aires,4536.0,0.0,26136.0
1000011126,20241031,2024-10-31 20:03:02,939,2,1,Buenos Aires,11025.0,0.0,63525.0
1000011127,20240225,2024-02-25 17:31:49,486,2,2,Córdoba,9261.0,0.0,53361.0
1000011128,20250411,2025-04-11 06:52:31,1184,1,1,Buenos Aires,18411.12,1500.0,107583.12
1000011129,20241217,2024-12-17 13:58:24,843,1,1,Buenos Aires,10552.5,1200.0,62002.5
1000011130,20240502,2024-05-02 08:07:01,1383,1,4,Mendoza,8149.68,900.0,47857.68
1000011131,20250927,2025-09-27 11:24:53,1412,1,3,Santa Fe,7560.0,1500.0,45060.0
1000011132,20240307,2024-03-07 12:06:04,1346,1,1,Buenos Aires,8505.0,900.0,49905.0
1000011133,20250412,2025-04-12 19:37:17,652,2,1,Buenos Aires,2381.4,0.0,13721.4
1000011134,20250503,2025-05-03 08:47:34,294,1,3,Santa Fe,8505.0,0.0,49005.0
1000011135,20240130,2024-01-30 11:57:53,1187,1,2,Córdoba,8505.0,1200.0,50205.0
1000011136,20250207,2025-02-07 11:24:08,1487,2,2,Córdoba,3395.7,0.0,19565.7
1000011137,20241228,2024-12-28 10:12:25,512,1,3,Santa Fe,5040.0,1200.0,30240.0
1000011138,20250906,2025-09-06 03:56:50,897,1,3,Santa Fe,13416.48,1200.0,78504.48
1000011139,20250625,2025-06-25 01:18:34,700,1,3,Santa Fe,5103.0,900.0,30303.0
1000011140,20250727,2025-07-27 16:58:28,552,1,1,Buenos Aires,17030.16,1200.0,99326.16
1000011141,20250513,2025-05-13 08:01:53,984,1,2,Córdoba,9355.5,1500.0,55405.5
1000011142,20250626,2025-06-26 08:23:00,684,2,4,Mendoza,9450.0,0.0,54450.0
1000011143,20241127,2024-11-27 03:16:10,874,2,3,Santa Fe,2551.5,0.0,14701.5
1000011144,20250919,2025-09-19 23:57:03,1459,2,4,Mendoza,14742.0,0.0,84942.0
1000011145,20250121,2025-01-21 12:49:47,349,2,4,Mendoza,15441.3,0.0,88971.3
1000011146,20250715,2025-07-15 06:15:44,54,1,3,Santa Fe,12118.05,900.0,70723.05
1000011147,20241020,2024-10-20 13:43:36,554,1,1,Buenos Aires,7560.0,900.0,44460.0
1000011148,20240807,2024-08-07 02:57:02,558,2,4,Mendoza,7497.0,0.0,43197.0
1000011149,20240813,2024-08-13 04:34:05,134,1,1,Buenos Aires,2693.25,900.0,16418.25
1000011150,20250313,2025-03-13 13:41:46,1239,1,2,Córdoba,2778.3,900.0,16908.3
1000011151,20241120,2024-11-20 10:20:59,538,1,1,Buenos Aires,2992.5,900.0,18142.5
1000011152,20250912,2025-09-12 16:36:01,783,2,3,Santa Fe,10243.8,0.0,59023.8
1000011153,20240125,2024-01-25 10:59:12,280,2,3,Santa Fe,7144.2,0.0,41164.2
1000011154,20240802,2024-08-02 15:22:22,590,2,2,Córdoba,2041.2,0.0,11761.2
1000011155,20250815,2025-08-15 21:09:22,895,2,3,Santa Fe,5953.5,0.0,34303.5
1000011156,20241008,2024-10-08 01:09:45,104,1,1,Buenos Aires,2041.2,1200.0,12961.2
1000011157,20240109,2024-01-09 13:03:02,358,1,1,Buenos Aires,9875.25,1200.0,58100.25
1000011158,20241025,2024-10-25 03:18:48,564,1,2,Córdoba,6174.0,1200.0,36774.0
1000011159,20250506,2025-05-06 05:20:05,1025,2,1,Buenos Aires,6804.0,0.0,39204.0
1000011160,20240804,2024-08-04 19:05:31,789,2,1,Buenos Aires,5186.16,0.0,29882.16
1000011161,20250430,2025-04-30 14:35:23,1150,1,1,Buenos Aires,9298.8,0.0,53578.8
1000011162,20240205,2024-02-05 07:28:11,222,1,1,Buenos Aires,9651.6,1200.0,56811.6
1000011163,20240317,2024-03-17 08:43:31,1366,1,1,Buenos Aires,5103.0,1200.0,30603.0
1000011164,20250220,2025-02-20 05:34:57,1026,1,1,Buenos Aires,2469.6,0.0,14229.6
1000011165,20250125,2025-01-25 15:15:24,955,1,1,Buenos Aires,2593.08,1500.0,16441.08
1000011166,20241002,2024-10-02 22:49:20,5,1,1,Buenos Aires,2992.5,900.0,18142.5
1000011167,20240526,2024-05-26 20:45:33,1321,2,1,Buenos Aires,6482.7,0.0,37352.7
1000011168,20240823,2024-08-23 10:57:10,178,2,2,Córdoba,4536.0,0.0,26136.0
1000011169,20240809,2024-08-09 07:30:06,1137,2,4,Mendoza,6174.0,0.0,35574.0
1000011170,20250808,2025-08-08 17:20:07,494,2,2,Córdoba,10820.25,0.0,62345.25
1000011171,20250819,2025-08-19 02:15:10,939,1,3,Santa Fe,5985.0,900.0,35385.0
1000011172,20241212,2024-12-12 19:58:57,385,1,3,Santa Fe,3395.7,1200.0,20765.7
1000011173,20241009,2024-10-09 19:10:52,634,1,2,Córdoba,5040.0,900.0,29940.0
1000011174,20240908,2024-09-08 11:09:11,406,2,4,Mendoza,4788.0,0.0,27588.0
1000011175,20250220,2025-02-20 07:59:31,774,1,3,Santa Fe,10460.52,900.0,61172.52
1000011176,20240426,2024-04-26 01:33:29,273,1,1,Buenos Aires,7572.6,1500.0,45132.6
1000011177,20241026,2024-10-26 06:14:27,507,1,4,Mendoza,5027.4,1200.0,30167.4
1000011178,20240713,2024-07-13 13:45:00,937,2,2,Córdoba,13413.96,0.0,77289.96
1000011179,20240829,2024-08-29 17:00:03,194,1,1,Buenos Aires,12700.8,1500.0,74680.8
1000011180,20250313,2025-03-13 23:48:03,700,1,3,Santa Fe,3150.0,1200.0,19350.0
1000011181,20240716,2024-07-16 12:54:05,890,2,4,Mendoza,2633.4,0.0,15173.4
1000011182,20250404,2025-04-04 17:49:05,760,1,1,Buenos Aires,8930.25,1500.0,52955.25
1000011183,20241011,2024-10-11 11:41:10,1398,1,3,Santa Fe,4536.0,1200.0,27336.0
1000011184,20241214,2024-12-14 03:44:48,995,2,1,Buenos Aires,17019.45,0.0,98064.45
1000011185,20250122,2025-01-22 13:33:23,897,2,4,Mendoza,2835.0,0.0,16335.0
1000011186,20250815,2025-08-15 04:46:34,1326,1,1,Buenos Aires,7182.0,0.0,41382.0
1000011187,20240127,2024-01-27 15:33:06,1043,1,1,Buenos Aires,2835.0,1200.0,17535.0
1000011188,20241212,2024-12-12 20:38:12,713,2,2,Córdoba,9387.0,0.0,54087.0
1000011189,20250503,2025-05-03 03:53:21,1337,1,2,Córdoba,5040.0,0.0,29040.0
1000011190,20240801,2024-08-01 07:17:33,1129,2,3,Santa Fe,7541.1,0.0,43451.1
1000011191,20250626,2025-06-26 13:39:22,212,1,4,Mendoza,4309.2,1200.0,26029.2
1000011192,20240229,2024-02-29 15:21:21,29,1,1,Buenos Aires,9355.5,900.0,54805.5
1000011193,20250103,2025-01-03 09:29:04,248,2,4,Mendoza,7144.2,0.0,41164.2
1000011194,20240323,2024-03-23 19:03:48,82,1,1,Buenos Aires,2394.0,900.0,14694.0
1000011195,20250425,2025-04-25 19:02:18,110,1,1,Buenos Aires,15718.5,1500.0,92068.5
1000011196,20250410,2025-04-10 20:05:14,304,2,2,Córdoba,7182.0,0.0,41382.0
1000011197,20240608,2024-06-08 23:36:47,1105,1,1,Buenos Aires,8977.5,1500.0,53227.5
1000011198,20241020,2024-10-20 05:33:17,829,2,1,Buenos Aires,3118.5,0.0,17968.5
1000011199,20250215,2025-02-15 01:44:57,1060,1,3,Santa Fe,6804.0,1500.0,40704.0
1000011200,20240723,2024-07-23 04:31:04,1063,1,2,Córdoba,9724.05,1200.0,57229.05
1000011201,20250207,2025-02-07 12:03:22,453,2,4,Mendoza,4536.0,0.0,26136.0
1000011202,20241204,2024-12-04 15:04:04,259,2,4,Mendoza,3087.0,0.0,17787.0
1000011203,20240909,2024-09-09 18:08:01,132,2,2,Córdoba,6667.92,0.0,38419.92
1000011204,20250422,2025-04-22 05:09:12,1141,1,2,Córdoba,5670.0,0.0,32670.0
1000011205,20250214,2025-02-14 23:01:25,72,2,4,Mendoza,2268.0,0.0,13068.0
1000011206,20241010,2024-10-10 02:28:03,1195,1,1,Buenos Aires,8505.0,1500.0,50505.0
1000011207,20250119,2025-01-19 14:08:51,1166,2,2,Córdoba,2835.0,0.0,16335.0
1000011208,20250327,2025-03-27 04:03:28,170,2,2,Córdoba,4939.2,0.0,28459.2
1000011209,20250726,2025-07-26 13:00:44,9,1,1,Buenos Aires,2976.75,1200.0,18351.75
1000011210,20250324,2025-03-24 21:49:25,1210,1,1,Buenos Aires,19136.25,0.0,110261.25
1000011211,20250522,2025-05-22 13:38:56,1182,1,1,Buenos Aires,8316.0,1200.0,49116.0
1000011212,20240126,2024-01-26 21:58:11,236,2,2,Córdoba,2520.0,0.0,14520.0
1000011213,20250627,2025-06-27 02:33:27,1315,1,1,Buenos Aires,4536.0,1200.0,27336.0
1000011214,20240912,2024-09-12 19:46:26,822,1,1,Buenos Aires,2154.6,1200.0,13614.6
1000011215,20241215,2024-12-15 00:20:48,1312,1,4,Mendoza,12348.0,900.0,72048.0
1000011216,20250522,2025-05-22 04:59:47,473,1,3,Santa Fe,12499.2,900.0,72919.2
1000011217,20250316,2025-03-16 18:29:05,817,2,2,Córdoba,6482.7,0.0,37352.7
1000011218,20240206,2024-02-06 15:18:49,790,1,3,Santa Fe,5040.0,0.0,29040.0
1000011219,20240321,2024-03-21 13:18:19,661,2,2,Córdoba,3118.5,0.0,17968.5
1000011220,20240928,2024-09-28 20:49:44,1168,1,2,Córdoba,15025.5,900.0,87475.5
1000011221,20241109,2024-11-09 09:01:45,713,1,2,Córdoba,17199.0,1200.0,100299.0
1000011222,20250118,2025-01-18 20:26:04,265,2,3,Santa Fe,9426.38,0.0,54313.88
1000011223,20240228,2024-02-28 23:51:21,1243,1,1,Buenos Aires,8977.5,900.0,52627.5
1000011224,20250203,2025-02-03 22:48:47,1053,1,1,Buenos Aires,7541.1,900.0,44351.1
1000011225,20250112,2025-01-12 21:44:24,1364,1,3,Santa Fe,13167.0,1500.0,77367.0
1000011226,20250524,2025-05-24 18:35:35,1436,1,3,Santa Fe,13765.5,900.0,80215.5
1000011227,20240608,2024-06-08 00:00:12,34,2,4,Mendoza,9450.0,0.0,54450.0
1000011228,20250516,2025-05-16 08:20:58,353,2,4,Mendoza,20107.08,0.0,115855.08
1000011229,20250601,2025-06-01 22:05:25,1009,2,3,Santa Fe,5040.0,0.0,29040.0
1000011230,20240621,2024-06-21 21:56:30,295,2,3,Santa Fe,7182.0,0.0,41382.0
1000011231,20250727,2025-07-27 07:23:18,1354,2,4,Mendoza,10376.1,0.0,59786.1
1000011232,20250813,2025-08-13 15:43:25,514,2,2,Córdoba,13923.0,0.0,80223.0
1000011233,20250816,2025-08-16 07:59:57,1453,2,1,Buenos Aires,2041.2,0.0,11761.2
1000011234,20240126,2024-01-26 03:32:20,879,1,2,Córdoba,6482.7,1200.0,38552.7
1000011235,20250813,2025-08-13 09:21:57,304,2,3,Santa Fe,8149.68,0.0,46957.68
1000011236,20240304,2024-03-04 21:06:57,191,1,1,Buenos Aires,6237.0,1200.0,37137.0
1000011237,20240705,2024-07-05 22:11:27,735,2,1,Buenos Aires,18874.8,0.0,108754.8
1000011238,20250804,2025-08-04 00:09:48,1425,1,1,Buenos Aires,2716.56,1200.0,16852.56
1000011239,20240821,2024-08-21 05:17:33,433,2,2,Córdoba,8631.0,0.0,49731.0
1000011240,20240612,2024-06-12 21:49:27,58,2,3,Santa Fe,2469.6,0.0,14229.6
1000011241,20250612,2025-06-12 21:21:38,624,2,4,Mendoza,20916.0,0.0,120516.0
1000011242,20240113,2024-01-13 05:12:12,1309,2,4,Mendoza,2646.0,0.0,15246.0
1000011243,20240629,2024-06-29 04:05:42,868,2,3,Santa Fe,5670.0,0.0,32670.0
1000011244,20250706,2025-07-06 19:31:33,1187,2,2,Córdoba,2835.0,0.0,16335.0
1000011245,20250804,2025-08-04 06:32:35,357,1,2,Córdoba,2394.0,900.0,14694.0
1000011246,20240603,2024-06-03 05:38:30,1131,1,2,Córdoba,5014.8,1200.0,30094.8
1000011247,20240208,2024-02-08 21:17:34,478,1,4,Mendoza,14962.5,900.0,87112.5
1000011248,20240229,2024-02-29 23:52:01,10,1,3,Santa Fe,13608.0,900.0,79308.0
1000011249,20250827,2025-08-27 01:25:07,804,1,2,Córdoba,9355.5,900.0,54805.5
1000011250,20250304,2025-03-04 04:40:46,1074,1,3,Santa Fe,3150.0,1500.0,19650.0
1000011251,20250320,2025-03-20 15:17:29,776,1,2,Córdoba,15545.25,900.0,90470.25
1000011252,20250523,2025-05-23 15:11:29,1118,2,2,Córdoba,6284.25,0.0,36209.25
1000011253,20250525,2025-05-25 08:18:18,218,1,1,Buenos Aires,15611.4,1200.0,91151.4
1000011254,20250921,2025-09-21 05:39:09,498,2,3,Santa Fe,12448.8,0.0,71728.8
1000011255,20250713,2025-07-13 22:16:42,989,2,4,Mendoza,8505.0,0.0,49005.0
1000011256,20250417,2025-04-17 10:34:55,542,2,2,Córdoba,13532.4,0.0,77972.4
1000011257,20250629,2025-06-29 06:15:00,1024,2,4,Mendoza,4788.0,0.0,27588.0
1000011258,20250104,2025-01-04 01:49:29,1210,2,2,Córdoba,2381.4,0.0,13721.4
1000011259,20240531,2024-05-31 12:05:49,68,1,3,Santa Fe,4762.8,900.0,28342.8
1000011260,20240220,2024-02-20 12:27:41,605,1,1,Buenos Aires,7408.8,0.0,42688.8
1000011261,20240415,2024-04-15 04:09:09,599,2,4,Mendoza,9639.0,0.0,55539.0
1000011262,20250614,2025-06-14 01:25:23,1193,2,3,Santa Fe,7408.8,0.0,42688.8
1000011263,20250423,2025-04-23 14:23:39,558,1,1,Buenos Aires,6174.0,0.0,35574.0
1000011264,20250304,2025-03-04 06:56:17,332,2,2,Córdoba,8334.9,0.0,48024.9
1000011265,20240807,2024-08-07 04:17:51,860,1,2,Córdoba,12426.75,900.0,72501.75
1000011266,20250115,2025-01-15 11:23:58,1028,2,3,Santa Fe,12417.3,0.0,71547.3
1000011267,20250311,2025-03-11 03:00:58,677,1,1,Buenos Aires,6804.0,1200.0,40404.0
1000011268,20240409,2024-04-09 20:55:20,804,2,2,Córdoba,2976.75,0.0,17151.75
1000011269,20250401,2025-04-01 19:39:38,1101,2,1,Buenos Aires,5670.0,0.0,32670.0
1000011270,20240621,2024-06-21 00:46:00,1085,1,2,Córdoba,17797.5,1200.0,103747.5
1000011271,20250514,2025-05-14 14:50:33,625,1,1,Buenos Aires,5985.0,1200.0,35685.0
1000011272,20241229,2024-12-29 16:53:22,88,1,4,Mendoza,7654.5,1500.0,45604.5
1000011273,20250905,2025-09-05 15:55:24,509,1,1,Buenos Aires,3307.5,1200.0,20257.5
1000011274,20240911,2024-09-11 08:29:59,1065,2,3,Santa Fe,14779.8,0.0,85159.8
1000011275,20240429,2024-04-29 03:05:09,1073,2,4,Mendoza,5670.0,0.0,32670.0
1000011276,20240604,2024-06-04 15:41:17,945,2,1,Buenos Aires,8505.0,0.0,49005.0
1000011277,20250107,2025-01-07 16:37:34,601,2,4,Mendoza,3291.75,0.0,18966.75
1000011278,20250408,2025-04-08 11:43:04,1237,1,2,Córdoba,14553.0,1500.0,85353.0
1000011279,20240205,2024-02-05 23:55:12,1131,1,1,Buenos Aires,10300.5,0.0,59350.5
1000011280,20250322,2025-03-22 08:38:30,1016,2,4,Mendoza,8253.0,0.0,47553.0
1000011281,20240310,2024-03-10 14:27:17,338,2,1,Buenos Aires,6482.7,0.0,37352.7
1000011282,20250604,2025-06-04 09:28:24,1011,2,3,Santa Fe,7144.2,0.0,41164.2
1000011283,20250403,2025-04-03 13:58:41,440,1,1,Buenos Aires,9261.0,1200.0,54561.0
1000011284,20250331,2025-03-31 04:03:51,176,1,1,Buenos Aires,10332.0,1500.0,61032.0
1000011285,20240807,2024-08-07 02:58:24,60,1,1,Buenos Aires,4536.0,0.0,26136.0
1000011286,20250411,2025-04-11 01:16:02,986,2,3,Santa Fe,9922.5,0.0,57172.5
1000011287,20240625,2024-06-25 09:42:58,538,1,1,Buenos Aires,5670.0,1200.0,33870.0
1000011288,20240603,2024-06-03 17:14:37,1204,1,1,Buenos Aires,7257.6,900.0,42717.6
1000011289,20250111,2025-01-11 09:25:30,1388,2,2,Córdoba,10836.0,0.0,62436.0
1000011290,20240917,2024-09-17 23:41:42,778,1,1,Buenos Aires,4536.0,900.0,27036.0
1000011291,20240131,2024-01-31 03:37:34,715,2,3,Santa Fe,4939.2,0.0,28459.2
1000011292,20240112,2024-01-12 06:49:44,203,2,1,Buenos Aires,2835.0,0.0,16335.0
1000011293,20240718,2024-07-18 05:16:35,928,2,2,Córdoba,3150.0,0.0,18150.0
1000011294,20250217,2025-02-17 14:34:54,750,1,1,Buenos Aires,13078.8,900.0,76258.8
1000011295,20241223,2024-12-23 19:48:25,253,1,1,Buenos Aires,4989.6,1200.0,29949.6
1000011296,20240504,2024-05-04 01:14:41,441,2,2,Córdoba,11311.65,0.0,65176.65
1000011297,20240728,2024-07-28 01:07:58,1401,1,1,Buenos Aires,9261.0,900.0,54261.0
1000011298,20240317,2024-03-17 01:00:40,45,1,1,Buenos Aires,2268.0,900.0,13968.0
1000011299,20250817,2025-08-17 06:43:20,56,1,2,Córdoba,8334.9,1500.0,49524.9
1000011300,20240513,2024-05-13 16:12:37,517,1,1,Buenos Aires,10596.6,1200.0,62256.6
1000011301,20250514,2025-05-14 03:14:01,385,2,1,Buenos Aires,2992.5,0.0,17242.5
1000011302,20240103,2024-01-03 13:59:23,1268,1,1,Buenos Aires,12388.95,1200.0,72583.95
1000011303,20240926,2024-09-26 07:11:50,1260,2,3,Santa Fe,16669.8,0.0,96049.8
1000011304,20240529,2024-05-29 17:15:35,744,1,1,Buenos Aires,6482.7,900.0,38252.7
1000011305,20240421,2024-04-21 19:42:09,625,1,3,Santa Fe,2520.0,900.0,15420.0
1000011306,20250226,2025-02-26 16:20:54,1177,1,1,Buenos Aires,3150.0,0.0,18150.0
1000011307,20250412,2025-04-12 21:08:10,590,2,3,Santa Fe,9450.0,0.0,54450.0
1000011308,20240101,2024-01-01 09:49:48,1200,1,1,Buenos Aires,3142.12,1500.0,19604.62
1000011309,20240620,2024-06-20 08:37:10,554,1,2,Córdoba,11138.4,0.0,64178.4
1000011310,20241123,2024-11-23 10:09:00,546,1,4,Mendoza,6482.7,1500.0,38852.7
1000011311,20240811,2024-08-11 08:55:34,895,2,3,Santa Fe,14212.8,0.0,81892.8
1000011312,20250217,2025-02-17 14:49:14,850,1,1,Buenos Aires,10710.0,1200.0,62910.0
1000011313,20250910,2025-09-10 10:17:17,960,1,2,Córdoba,11844.0,1500.0,69744.0
1000011314,20250708,2025-07-08 23:48:11,46,1,1,Buenos Aires,15138.9,900.0,88128.9
1000011315,20250212,2025-02-12 09:09:13,519,1,2,Córdoba,5386.5,900.0,31936.5
1000011316,20240825,2024-08-25 13:47:06,1232,1,2,Córdoba,4939.2,900.0,29359.2
1000011317,20241115,2024-11-15 00:42:14,452,2,3,Santa Fe,4536.0,0.0,26136.0
1000011318,20241123,2024-11-23 20:57:31,754,1,3,Santa Fe,2469.6,1200.0,15429.6
1000011319,20240802,2024-08-02 02:24:27,1069,2,3,Santa Fe,4082.4,0.0,23522.4
1000011320,20240202,2024-02-02 04:44:18,184,1,1,Buenos Aires,6300.0,1200.0,37500.0
1000011321,20250124,2025-01-24 11:39:06,661,1,3,Santa Fe,9450.0,900.0,55350.0
1000011322,20250921,2025-09-21 20:21:33,296,1,2,Córdoba,18403.88,1200.0,107241.38
1000011323,20240609,2024-06-09 04:58:58,1411,1,1,Buenos Aires,5985.0,900.0,35385.0
1000011324,20250403,2025-04-03 18:17:15,264,1,1,Buenos Aires,4989.6,1200.0,29949.6
1000011325,20240630,2024-06-30 01:46:04,394,2,1,Buenos Aires,4939.2,0.0,28459.2
1000011326,20250711,2025-07-11 11:22:13,1339,1,1,Buenos Aires,20175.12,1200.0,117447.12
1000011327,20240306,2024-03-06 20:15:00,1351,2,1,Buenos Aires,3150.0,0.0,18150.0
1000011328,20240918,2024-09-18 02:10:49,288,2,4,Mendoza,12789.0,0.0,73689.0
1000011329,20250709,2025-07-09 18:34:52,438,1,1,Buenos Aires,2835.0,1200.0,17535.0
1000011330,20240202,2024-02-02 09:47:58,890,2,3,Santa Fe,5670.0,0.0,32670.0
1000011331,20240519,2024-05-19 18:04:52,1257,1,1,Buenos Aires,2976.75,0.0,17151.75
1000011332,20250613,2025-06-13 15:06:39,1210,2,2,Córdoba,6482.7,0.0,37352.7
1000011333,20250701,2025-07-01 21:26:51,1037,1,1,Buenos Aires,5236.56,900.0,31072.56
1000011334,20240223,2024-02-23 12:43:25,90,2,1,Buenos Aires,14764.05,0.0,85069.05
1000011335,20250803,2025-08-03 07:41:44,214,1,1,Buenos Aires,7408.8,1200.0,43888.8
1000011336,20240305,2024-03-05 18:25:34,866,1,2,Córdoba,2772.0,900.0,16872.0
1000011337,20250102,2025-01-02 12:16:34,1215,2,4,Mendoza,6804.0,0.0,39204.0
1000011338,20240720,2024-07-20 10:24:00,181,2,2,Córdoba,9355.5,0.0,53905.5
1000011339,20241207,2024-12-07 12:54:54,1416,1,1,Buenos Aires,9261.0,0.0,53361.0
1000011340,20240217,2024-02-17 05:47:38,1460,1,2,Córdoba,2469.6,900.0,15129.6
1000011341,20240902,2024-09-02 16:48:35,176,1,1,Buenos Aires,6482.7,1500.0,38852.7
1000011342,20241024,2024-10-24 05:34:48,299,1,1,Buenos Aires,6583.5,0.0,37933.5
1000011343,20240215,2024-02-15 15:35:34,211,1,1,Buenos Aires,8505.0,0.0,49005.0
1000011344,20250412,2025-04-12 13:58:16,1116,2,2,Córdoba,8079.75,0.0,46554.75
1000011345,20240915,2024-09-15 01:34:02,93,1,1,Buenos Aires,8127.0,0.0,46827.0
1000011346,20250303,2025-03-03 13:52:28,9,2,4,Mendoza,5329.8,0.0,30709.8
1000011347,20250109,2025-01-09 07:31:43,423,2,1,Buenos Aires,17955.0,0.0,103455.0
1000011348,20250224,2025-02-24 23:31:12,686,2,2,Córdoba,2992.5,0.0,17242.5
1000011349,20240412,2024-04-12 11:14:01,732,2,3,Santa Fe,8316.0,0.0,47916.0
1000011350,20241226,2024-12-26 20:15:23,882,2,4,Mendoza,7408.8,0.0,42688.8
1000011351,20240205,2024-02-05 12:29:21,412,1,2,Córdoba,6930.0,1500.0,41430.0
1000011352,20240424,2024-04-24 15:32:00,253,1,1,Buenos Aires,4939.2,1500.0,29959.2
1000011353,20250309,2025-03-09 19:22:02,1018,1,2,Córdoba,9724.05,0.0,56029.05
1000011354,20250411,2025-04-11 04:55:32,11,1,2,Córdoba,8662.5,900.0,50812.5
1000011355,20240923,2024-09-23 05:23:11,1385,1,1,Buenos Aires,2041.2,1200.0,12961.2
1000011356,20250510,2025-05-10 09:36:02,1460,2,2,Córdoba,8149.68,0.0,46957.68
1000011357,20250424,2025-04-24 23:03:59,576,1,1,Buenos Aires,15387.12,0.0,88659.12
1000011358,20240908,2024-09-08 16:51:39,34,2,3,Santa Fe,6804.0,0.0,39204.0
1000011359,20240708,2024-07-08 22:23:57,737,1,1,Buenos Aires,5260.5,1500.0,31810.5
1000011360,20250214,2025-02-14 01:16:31,637,2,3,Santa Fe,5433.12,0.0,31305.12
1000011361,20240505,2024-05-05 22:36:31,1248,2,1,Buenos Aires,5670.0,0.0,32670.0
1000011362,20240103,2024-01-03 09:30:03,874,1,1,Buenos Aires,8505.0,1500.0,50505.0
1000011363,20240731,2024-07-31 16:37:43,1375,2,1,Buenos Aires,15104.25,0.0,87029.25
1000011364,20240312,2024-03-12 23:14:12,922,2,4,Mendoza,2976.75,0.0,17151.75
1000011365,20241120,2024-11-20 21:35:17,921,1,1,Buenos Aires,16802.1,0.0,96812.1
1000011366,20240920,2024-09-20 17:15:18,1439,2,1,Buenos Aires,6804.0,0.0,39204.0
1000011367,20240604,2024-06-04 15:08:54,327,1,1,Buenos Aires,6804.0,900.0,40104.0
1000011368,20240219,2024-02-19 05:42:23,475,2,2,Córdoba,4939.2,0.0,28459.2
1000011369,20241222,2024-12-22 23:16:06,900,1,4,Mendoza,11844.0,900.0,69144.0
1000011370,20241225,2024-12-25 20:55:40,1009,2,2,Córdoba,5670.0,0.0,32670.0
1000011371,20250526,2025-05-26 23:08:04,862,2,1,Buenos Aires,5433.12,0.0,31305.12
1000011372,20241102,2024-11-02 22:55:14,1461,1,1,Buenos Aires,8149.68,900.0,47857.68
1000011373,20250117,2025-01-17 09:34:20,497,2,2,Córdoba,6300.0,0.0,36300.0
1000011374,20250622,2025-06-22 19:47:43,854,1,1,Buenos Aires,8977.5,1500.0,53227.5
1000011375,20240728,2024-07-28 05:02:15,1350,1,1,Buenos Aires,9049.32,900.0,53041.32
1000011376,20240818,2024-08-18 12:01:49,400,2,3,Santa Fe,2469.6,0.0,14229.6
1000011377,20241214,2024-12-14 02:24:57,528,2,1,Buenos Aires,14817.6,0.0,85377.6
1000011378,20240916,2024-09-16 15:31:35,628,1,2,Córdoba,7560.0,1200.0,44760.0
1000011379,20250923,2025-09-23 18:08:19,1237,2,2,Córdoba,9261.0,0.0,53361.0
1000011380,20250514,2025-05-14 03:14:26,1164,1,4,Mendoza,6284.25,1500.0,37709.25
1000011381,20250423,2025-04-23 11:41:40,256,1,1,Buenos Aires,2381.4,900.0,14621.4
1000011382,20240729,2024-07-29 05:42:06,63,1,1,Buenos Aires,10984.68,900.0,64192.68
1000011383,20241212,2024-12-12 12:03:30,2,2,4,Mendoza,5040.0,0.0,29040.0
1000011384,20240220,2024-02-20 07:05:16,796,2,3,Santa Fe,6804.0,0.0,39204.0
1000011385,20240210,2024-02-10 11:23:51,247,1,1,Buenos Aires,4939.2,1200.0,29659.2
1000011386,20250715,2025-07-15 20:40:39,775,1,1,Buenos Aires,5556.6,900.0,32916.6
1000011387,20240208,2024-02-08 07:50:26,224,2,1,Buenos Aires,12121.2,0.0,69841.2
1000011388,20240816,2024-08-16 05:34:05,664,1,3,Santa Fe,10974.6,0.0,63234.6
1000011389,20240912,2024-09-12 18:29:09,1027,1,2,Córdoba,2513.7,1200.0,15683.7
1000011390,20240518,2024-05-18 03:00:44,673,2,3,Santa Fe,9426.38,0.0,54313.88
1000011391,20241004,2024-10-04 10:00:40,1017,1,2,Córdoba,7528.5,900.0,44278.5
1000011392,20240217,2024-02-17 13:12:39,1459,1,1,Buenos Aires,2593.08,1200.0,16141.08
1000011393,20241203,2024-12-03 09:27:32,860,1,3,Santa Fe,19152.0,1500.0,111852.0
1000011394,20250830,2025-08-30 20:03:39,8,2,2,Córdoba,17873.73,0.0,102986.73
1000011395,20250815,2025-08-15 01:14:08,158,2,4,Mendoza,7182.0,0.0,41382.0
1000011396,20250207,2025-02-07 09:47:03,547,2,2,Córdoba,2268.0,0.0,13068.0
1000011397,20240110,2024-01-10 22:00:40,1192,1,1,Buenos Aires,18925.2,900.0,109945.2
1000011398,20250928,2025-09-28 07:13:11,383,2,4,Mendoza,7408.8,0.0,42688.8
1000011399,20240321,2024-03-21 00:49:28,87,1,1,Buenos Aires,5670.0,900.0,33570.0
1000011400,20240915,2024-09-15 00:21:00,972,1,1,Buenos Aires,12455.1,900.0,72665.1
1000011401,20250122,2025-01-22 02:07:56,10,2,1,Buenos Aires,15309.0,0.0,88209.0
1000011402,20240730,2024-07-30 18:37:38,833,2,2,Córdoba,6300.0,0.0,36300.0
1000011403,20240516,2024-05-16 03:18:57,66,2,3,Santa Fe,6174.0,0.0,35574.0
1000011404,20240219,2024-02-19 06:43:40,982,1,1,Buenos Aires,5985.0,0.0,34485.0
1000011405,20250727,2025-07-27 05:42:56,876,1,2,Córdoba,2520.0,900.0,15420.0
1000011406,20240820,2024-08-20 10:12:16,904,2,3,Santa Fe,4762.8,0.0,27442.8
1000011407,20250806,2025-08-06 05:42:15,1010,1,1,Buenos Aires,2835.0,1200.0,17535.0
1000011408,20250814,2025-08-14 09:10:19,755,1,1,Buenos Aires,11781.0,900.0,68781.0
1000011409,20240411,2024-04-11 10:07:43,1256,2,4,Mendoza,6804.0,0.0,39204.0
1000011410,20250805,2025-08-05 11:51:00,593,2,3,Santa Fe,11749.5,0.0,67699.5
1000011411,20240808,2024-08-08 18:13:57,1457,1,1,Buenos Aires,6804.0,900.0,40104.0
1000011412,20240402,2024-04-02 22:08:11,1334,1,1,Buenos Aires,2646.0,1200.0,16446.0
1000011413,20250515,2025-05-15 06:29:50,526,1,2,Córdoba,11655.0,1200.0,68355.0
1000011414,20250516,2025-05-16 01:23:44,317,1,1,Buenos Aires,17784.9,0.0,102474.9
1000011415,20250320,2025-03-20 00:38:07,1190,1,2,Córdoba,4989.6,900.0,29649.6
1000011416,20250208,2025-02-08 06:08:47,589,1,1,Buenos Aires,17293.5,0.0,99643.5
1000011417,20250407,2025-04-07 23:11:39,481,2,3,Santa Fe,7182.0,0.0,41382.0
1000011418,20240218,2024-02-18 14:28:59,652,2,4,Mendoza,2513.7,0.0,14483.7
1000011419,20241007,2024-10-07 00:36:45,23,1,1,Buenos Aires,4309.2,900.0,25729.2
1000011420,20241015,2024-10-15 01:33:07,1369,1,1,Buenos Aires,5556.6,1200.0,33216.6
1000011421,20240523,2024-05-23 22:13:10,534,1,2,Córdoba,2835.0,1200.0,17535.0
1000011422,20250626,2025-06-26 23:45:17,603,1,1,Buenos Aires,5292.0,900.0,31392.0
1000011423,20240926,2024-09-26 02:05:56,1279,1,1,Buenos Aires,7408.8,1200.0,43888.8
1000011424,20250203,2025-02-03 19:35:21,1451,1,3,Santa Fe,2394.0,1500.0,15294.0
1000011425,20250530,2025-05-30 08:13:53,847,1,1,Buenos Aires,16065.0,1200.0,93765.0
1000011426,20250428,2025-04-28 23:04:55,972,1,4,Mendoza,15781.5,0.0,90931.5
1000011427,20241218,2024-12-18 10:17:03,349,1,1,Buenos Aires,2222.64,1500.0,14306.64
1000011428,20241203,2024-12-03 10:12:59,1254,2,2,Córdoba,10134.18,0.0,58392.18
1000011429,20241011,2024-10-11 10:30:24,893,1,1,Buenos Aires,11944.8,900.0,69724.8
1000011430,20241125,2024-11-25 00:00:39,1407,1,1,Buenos Aires,22615.74,0.0,130309.74
1000011431,20240608,2024-06-08 23:08:58,378,2,1,Buenos Aires,3087.0,0.0,17787.0
1000011432,20250828,2025-08-28 10:36:39,615,1,2,Córdoba,2593.08,900.0,15841.08
1000011433,20240915,2024-09-15 19:03:36,346,2,3,Santa Fe,8505.0,0.0,49005.0
1000011434,20250902,2025-09-02 04:20:33,807,1,1,Buenos Aires,6930.0,900.0,40830.0
1000011435,20250821,2025-08-21 05:28:41,14,1,3,Santa Fe,9292.5,1200.0,54742.5
1000011436,20240913,2024-09-13 01:20:00,1294,1,1,Buenos Aires,12348.0,1200.0,72348.0
1000011437,20250910,2025-09-10 16:22:51,1462,1,1,Buenos Aires,6174.0,0.0,35574.0
1000011438,20241209,2024-12-09 21:56:50,669,2,3,Santa Fe,3142.12,0.0,18104.62
1000011439,20240910,2024-09-10 23:57:40,420,2,2,Córdoba,6804.0,0.0,39204.0
1000011440,20250423,2025-04-23 10:46:20,1297,1,1,Buenos Aires,5506.2,1200.0,32926.2
1000011441,20250410,2025-04-10 23:55:15,1235,2,4,Mendoza,7779.24,0.0,44823.24
1000011442,20240922,2024-09-22 03:22:25,1244,1,2,Córdoba,6804.0,900.0,40104.0
1000011443,20250722,2025-07-22 09:15:08,320,1,2,Córdoba,17860.5,900.0,103810.5
1000011444,20240408,2024-04-08 14:21:20,1240,1,2,Córdoba,4309.2,900.0,25729.2
1000011445,20250314,2025-03-14 10:35:38,486,1,3,Santa Fe,6300.0,0.0,36300.0
1000011446,20240725,2024-07-25 07:48:22,789,1,1,Buenos Aires,2520.0,0.0,14520.0
1000011447,20250526,2025-05-26 05:22:00,147,2,4,Mendoza,16065.0,0.0,92565.0
1000011448,20250813,2025-08-13 05:23:19,82,2,4,Mendoza,4536.0,0.0,26136.0
1000011449,20240329,2024-03-29 12:40:18,566,2,4,Mendoza,11018.7,0.0,63488.7
1000011450,20240105,2024-01-05 11:58:37,1471,2,4,Mendoza,14420.7,0.0,83090.7
1000011451,20250421,2025-04-21 21:28:46,336,1,1,Buenos Aires,7560.0,900.0,44460.0
1000011452,20250508,2025-05-08 19:41:22,792,1,2,Córdoba,3241.35,1200.0,19876.35
1000011453,20240513,2024-05-13 22:22:48,1447,1,1,Buenos Aires,8505.0,900.0,49905.0
1000011454,20240915,2024-09-15 09:57:47,1214,2,3,Santa Fe,2494.8,0.0,14374.8
1000011455,20250628,2025-06-28 22:54:32,973,2,3,Santa Fe,4788.0,0.0,27588.0
1000011456,20250721,2025-07-21 14:31:41,1169,2,1,Buenos Aires,8505.0,0.0,49005.0
1000011457,20240308,2024-03-08 09:56:46,843,1,3,Santa Fe,5953.5,900.0,35203.5
1000011458,20250908,2025-09-08 12:30:09,1393,1,1,Buenos Aires,5433.12,1500.0,32805.12
1000011459,20240120,2024-01-20 22:23:45,800,2,2,Córdoba,11025.0,0.0,63525.0
1000011460,20250610,2025-06-10 20:44:33,1084,2,4,Mendoza,4762.8,0.0,27442.8
1000011461,20240924,2024-09-24 05:27:39,793,2,2,Córdoba,4536.0,0.0,26136.0
1000011462,20250909,2025-09-09 18:56:23,1242,2,2,Córdoba,5147.1,0.0,29657.1
1000011463,20250618,2025-06-18 09:25:17,525,1,1,Buenos Aires,5544.0,0.0,31944.0
1000011464,20241203,2024-12-03 16:56:35,1004,2,3,Santa Fe,5040.0,0.0,29040.0
1000011465,20240430,2024-04-30 04:55:15,1138,1,3,Santa Fe,5027.4,1200.0,30167.4
1000011466,20250504,2025-05-04 10:47:19,1420,1,1,Buenos Aires,9261.0,900.0,54261.0
1000011467,20240803,2024-08-03 06:52:54,603,1,4,Mendoza,5985.0,1500.0,35985.0
1000011468,20240909,2024-09-09 16:42:28,170,2,4,Mendoza,15705.9,0.0,90495.9
1000011469,20250121,2025-01-21 03:07:31,850,1,3,Santa Fe,4082.4,900.0,24422.4
1000011470,20250913,2025-09-13 21:09:59,1128,1,1,Buenos Aires,12647.25,1500.0,74372.25
1000011471,20241013,2024-10-13 01:59:22,561,1,1,Buenos Aires,3291.75,0.0,18966.75
1000011472,20250102,2025-01-02 04:08:00,1179,1,1,Buenos Aires,9724.05,1200.0,57229.05
1000011473,20240930,2024-09-30 01:35:24,461,1,1,Buenos Aires,3118.5,1500.0,19468.5
1000011474,20240208,2024-02-08 18:23:14,1276,1,1,Buenos Aires,11214.0,900.0,65514.0
1000011475,20240820,2024-08-20 15:33:11,1306,2,2,Córdoba,9450.0,0.0,54450.0
1000011476,20240827,2024-08-27 04:23:42,94,1,1,Buenos Aires,6804.0,1200.0,40404.0
1000011477,20240527,2024-05-27 05:01:50,331,1,1,Buenos Aires,5802.3,1500.0,34932.3
1000011478,20240801,2024-08-01 10:55:22,667,1,1,Buenos Aires,13872.6,0.0,79932.6
1000011479,20241109,2024-11-09 04:34:18,353,2,4,Mendoza,7182.0,0.0,41382.0
1000011480,20250917,2025-09-17 07:01:56,501,1,2,Córdoba,3087.0,1500.0,19287.0
1000011481,20240503,2024-05-03 18:22:31,1475,1,3,Santa Fe,2992.5,1200.0,18442.5
1000011482,20241110,2024-11-10 16:08:52,1262,1,1,Buenos Aires,8334.9,900.0,48924.9
1000011483,20240601,2024-06-01 11:20:41,726,1,1,Buenos Aires,9875.25,0.0,56900.25
1000011484,20250129,2025-01-29 07:29:10,92,1,2,Córdoba,11812.5,1200.0,69262.5
1000011485,20240915,2024-09-15 16:59:42,157,2,4,Mendoza,4989.6,0.0,28749.6
1000011486,20240510,2024-05-10 00:10:14,498,2,2,Córdoba,9450.0,0.0,54450.0
1000011487,20240622,2024-06-22 15:07:00,508,1,2,Córdoba,4939.2,1200.0,29659.2
1000011488,20240520,2024-05-20 05:51:38,254,2,4,Mendoza,10999.8,0.0,63379.8
1000011489,20240914,2024-09-14 21:10:13,659,2,2,Córdoba,10385.55,0.0,59840.55
1000011490,20240326,2024-03-26 04:30:49,947,1,2,Córdoba,6791.4,1200.0,40331.4
1000011491,20250908,2025-09-08 07:05:00,430,1,2,Córdoba,8505.0,1500.0,50505.0
1000011492,20241030,2024-10-30 11:02:07,837,1,3,Santa Fe,13393.8,1200.0,78373.8
1000011493,20240125,2024-01-25 10:12:25,425,2,1,Buenos Aires,19923.12,0.0,114795.12
1000011494,20241118,2024-11-18 23:49:28,1033,1,1,Buenos Aires,2154.6,0.0,12414.6
1000011495,20241213,2024-12-13 14:16:39,893,1,2,Córdoba,2520.0,0.0,14520.0
1000011496,20250819,2025-08-19 03:02:02,863,1,3,Santa Fe,5040.0,1200.0,30240.0
1000011497,20250513,2025-05-13 20:30:48,444,1,2,Córdoba,4536.0,900.0,27036.0
1000011498,20240316,2024-03-16 14:32:21,230,1,1,Buenos Aires,6728.4,900.0,39668.4
1000011499,20240116,2024-01-16 22:42:12,928,1,1,Buenos Aires,7595.28,1200.0,44963.28
1000011500,20250305,2025-03-05 17:29:05,42,1,2,Córdoba,18849.6,900.0,109509.6
1000011501,20240528,2024-05-28 14:57:29,14,2,1,Buenos Aires,16632.0,0.0,95832.0
1000011502,20240902,2024-09-02 21:10:19,294,2,3,Santa Fe,4989.6,0.0,28749.6
1000011503,20241224,2024-12-24 18:07:10,24,1,1,Buenos Aires,7182.0,900.0,42282.0
1000011504,20250630,2025-06-30 05:22:10,1292,1,1,Buenos Aires,4536.0,900.0,27036.0
1000011505,20241008,2024-10-08 14:53:50,837,1,1,Buenos Aires,9261.0,1200.0,54561.0
1000011506,20250522,2025-05-22 11:54:55,1151,1,1,Buenos Aires,4914.0,1200.0,29514.0
1000011507,20250402,2025-04-02 00:13:46,150,1,1,Buenos Aires,7654.5,1200.0,45304.5
1000011508,20240516,2024-05-16 21:26:04,909,1,1,Buenos Aires,2835.0,1200.0,17535.0
1000011509,20250202,2025-02-02 19:22:58,966,1,1,Buenos Aires,6552.0,1200.0,38952.0
1000011510,20240808,2024-08-08 00:46:35,199,1,1,Buenos Aires,21357.0,1500.0,124557.0
1000011511,20250307,2025-03-07 21:11:34,177,1,2,Córdoba,9875.25,1200.0,58100.25
1000011512,20240708,2024-07-08 15:29:28,82,1,3,Santa Fe,4309.2,900.0,25729.2
1000011513,20250118,2025-01-18 01:43:11,141,2,2,Córdoba,6667.92,0.0,38419.92
1000011514,20240809,2024-08-09 20:41:55,916,1,1,Buenos Aires,15598.8,0.0,89878.8
1000011515,20250714,2025-07-14 00:38:44,1357,2,1,Buenos Aires,6300.0,0.0,36300.0
1000011516,20250330,2025-03-30 23:52:07,658,1,1,Buenos Aires,17766.0,900.0,103266.0
1000011517,20250118,2025-01-18 22:56:54,234,2,1,Buenos Aires,6930.0,0.0,39930.0
1000011518,20250223,2025-02-23 02:00:40,162,1,2,Córdoba,9724.05,900.0,56929.05
1000011519,20250208,2025-02-08 16:18:09,647,1,2,Córdoba,2646.0,1200.0,16446.0
1000011520,20240517,2024-05-17 20:39:01,284,1,1,Buenos Aires,9116.1,1500.0,54026.1
1000011521,20250605,2025-06-05 19:49:42,8,1,1,Buenos Aires,2394.0,1200.0,14994.0
1000011522,20250202,2025-02-02 20:19:35,1260,1,3,Santa Fe,7484.4,1200.0,44324.4
1000011523,20240602,2024-06-02 05:09:04,1435,2,2,Córdoba,7534.8,0.0,43414.8
1000011524,20250226,2025-02-26 00:35:27,131,1,3,Santa Fe,9355.5,1200.0,55105.5
1000011525,20240320,2024-03-20 15:16:48,10,1,4,Mendoza,9450.0,1200.0,55650.0
1000011526,20241025,2024-10-25 09:32:14,736,1,1,Buenos Aires,4939.2,1200.0,29659.2
1000011527,20241021,2024-10-21 12:04:07,915,2,3,Santa Fe,2633.4,0.0,15173.4
1000011528,20240722,2024-07-22 05:17:02,75,1,3,Santa Fe,2976.75,0.0,17151.75
1000011529,20240605,2024-06-05 07:54:30,69,2,1,Buenos Aires,5900.58,0.0,33998.58
1000011530,20241011,2024-10-11 19:15:44,325,2,3,Santa Fe,14004.9,0.0,80694.9
1000011531,20240409,2024-04-09 15:19:51,610,2,2,Córdoba,19136.25,0.0,110261.25
1000011532,20241227,2024-12-27 08:25:21,321,1,1,Buenos Aires,3307.5,1500.0,20557.5
1000011533,20240103,2024-01-03 06:11:05,1016,1,1,Buenos Aires,6615.0,900.0,39015.0
1000011534,20240803,2024-08-03 18:24:17,1399,2,2,Córdoba,6300.0,0.0,36300.0
1000011535,20240802,2024-08-02 15:13:40,1426,1,1,Buenos Aires,7560.0,1200.0,44760.0
1000011536,20240516,2024-05-16 15:49:48,972,2,2,Córdoba,13015.8,0.0,74995.8
1000011537,20241024,2024-10-24 01:20:08,577,1,1,Buenos Aires,4788.0,900.0,28488.0
1000011538,20240225,2024-02-25 00:09:51,311,2,3,Santa Fe,7182.0,0.0,41382.0
1000011539,20250206,2025-02-06 08:26:40,619,2,1,Buenos Aires,17829.0,0.0,102729.0
1000011540,20241225,2024-12-25 22:41:05,301,1,4,Mendoza,2992.5,1200.0,18442.5
1000011541,20240809,2024-08-09 17:23:55,1178,1,1,Buenos Aires,5670.0,900.0,33570.0
1000011542,20240130,2024-01-30 11:26:10,854,2,4,Mendoza,17110.8,0.0,98590.8
1000011543,20241002,2024-10-02 09:46:08,622,2,3,Santa Fe,7560.0,0.0,43560.0
1000011544,20240414,2024-04-14 01:59:09,768,1,1,Buenos Aires,2835.0,1200.0,17535.0
1000011545,20240221,2024-02-21 20:20:59,719,1,3,Santa Fe,8505.0,900.0,49905.0
1000011546,20240320,2024-03-20 23:13:35,651,2,4,Mendoza,4737.6,0.0,27297.6
1000011547,20241121,2024-11-21 11:59:47,476,2,1,Buenos Aires,9922.5,0.0,57172.5
1000011548,20250214,2025-02-14 12:17:44,340,1,1,Buenos Aires,11718.0,900.0,68418.0
1000011549,20250725,2025-07-25 18:36:48,1250,2,4,Mendoza,11944.8,0.0,68824.8
1000011550,20250917,2025-09-17 10:55:41,760,1,1,Buenos Aires,20953.8,1200.0,121933.8
1000011551,20250115,2025-01-15 02:37:02,580,1,1,Buenos Aires,8149.68,900.0,47857.68
1000011552,20240912,2024-09-12 15:08:45,581,1,4,Mendoza,5103.0,900.0,30303.0
1000011553,20241215,2024-12-15 08:55:01,1406,1,1,Buenos Aires,15183.0,1200.0,88683.0
1000011554,20241227,2024-12-27 19:07:18,476,2,1,Buenos Aires,6174.0,0.0,35574.0
1000011555,20241118,2024-11-18 11:47:48,1476,2,4,Mendoza,7509.6,0.0,43269.6
1000011556,20240506,2024-05-06 23:28:24,53,1,3,Santa Fe,2835.0,1200.0,17535.0
1000011557,20250116,2025-01-16 05:49:13,86,2,2,Córdoba,7875.0,0.0,45375.0
1000011558,20250308,2025-03-08 20:04:34,201,1,4,Mendoza,4788.0,1500.0,29088.0
1000011559,20250413,2025-04-13 09:50:39,1016,1,2,Córdoba,9135.0,1500.0,54135.0
1000011560,20241104,2024-11-04 09:30:58,514,1,1,Buenos Aires,23880.15,900.0,138495.15
1000011561,20250415,2025-04-15 16:58:50,272,1,1,Buenos Aires,11578.14,900.0,67612.14
1000011562,20241214,2024-12-14 21:08:32,1027,1,1,Buenos Aires,8753.85,1500.0,51938.85
1000011563,20250204,2025-02-04 05:54:28,485,1,2,Córdoba,4536.0,1200.0,27336.0
1000011564,20240817,2024-08-17 17:48:00,447,2,2,Córdoba,9450.0,0.0,54450.0
1000011565,20250403,2025-04-03 07:06:33,1088,2,2,Córdoba,13765.5,0.0,79315.5
1000011566,20250912,2025-09-12 08:45:06,1092,1,1,Buenos Aires,6804.0,0.0,39204.0
1000011567,20250804,2025-08-04 11:02:49,819,1,1,Buenos Aires,7182.0,0.0,41382.0
1000011568,20241126,2024-11-26 07:39:02,1449,2,4,Mendoza,12852.0,0.0,74052.0
1000011569,20240226,2024-02-26 09:58:30,806,1,2,Córdoba,7633.08,1200.0,45181.08
1000011570,20240104,2024-01-04 22:46:47,1478,2,2,Córdoba,9450.0,0.0,54450.0
1000011571,20250623,2025-06-23 02:25:18,527,2,4,Mendoza,4788.0,0.0,27588.0
1000011572,20250227,2025-02-27 19:26:32,1497,2,3,Santa Fe,2494.8,0.0,14374.8
1000011573,20250319,2025-03-19 02:10:24,36,2,2,Córdoba,5890.5,0.0,33940.5
1000011574,20241107,2024-11-07 00:20:48,169,1,1,Buenos Aires,9261.0,0.0,53361.0
1000011575,20250113,2025-01-13 18:58:32,915,1,4,Mendoza,2513.7,0.0,14483.7
1000011576,20241110,2024-11-10 19:03:42,1166,1,1,Buenos Aires,6804.0,900.0,40104.0
1000011577,20250307,2025-03-07 05:13:09,626,2,4,Mendoza,3087.0,0.0,17787.0
1000011578,20240802,2024-08-02 02:54:43,1250,2,2,Córdoba,11088.0,0.0,63888.0
1000011579,20250712,2025-07-12 20:23:00,44,1,1,Buenos Aires,7654.5,1200.0,45304.5
1000011580,20240807,2024-08-07 09:59:11,112,1,1,Buenos Aires,6804.0,1200.0,40404.0
1000011581,20241220,2024-12-20 05:01:45,141,1,2,Córdoba,4939.2,1200.0,29659.2
1000011582,20250109,2025-01-09 11:01:15,330,2,2,Córdoba,3395.7,0.0,19565.7
1000011583,20250411,2025-04-11 06:48:38,1384,1,1,Buenos Aires,9724.05,1200.0,57229.05
1000011584,20240913,2024-09-13 03:45:23,1086,1,1,Buenos Aires,3241.35,0.0,18676.35
1000011585,20250521,2025-05-21 16:16:52,581,1,1,Buenos Aires,2835.0,900.0,17235.0
1000011586,20250202,2025-02-02 16:46:26,1033,1,1,Buenos Aires,6804.0,900.0,40104.0
1000011587,20240728,2024-07-28 06:17:10,1384,1,1,Buenos Aires,21942.9,1500.0,127932.9
1000011588,20240507,2024-05-07 20:03:10,910,2,4,Mendoza,8883.0,0.0,51183.0
1000011589,20240622,2024-06-22 14:07:46,548,1,4,Mendoza,7408.8,0.0,42688.8
1000011590,20250729,2025-07-29 19:09:17,57,2,2,Córdoba,2513.7,0.0,14483.7
1000011591,20240203,2024-02-03 05:02:00,483,1,1,Buenos Aires,4788.0,900.0,28488.0
1000011592,20250701,2025-07-01 12:42:03,1267,1,1,Buenos Aires,6123.6,0.0,35283.6
1000011593,20250723,2025-07-23 10:54:18,1214,1,2,Córdoba,8820.0,0.0,50820.0
1000011594,20250723,2025-07-23 09:56:21,508,1,3,Santa Fe,15195.6,900.0,88455.6
1000011595,20240407,2024-04-07 02:50:40,151,2,2,Córdoba,2992.5,0.0,17242.5
1000011596,20250204,2025-02-04 11:38:47,1110,2,3,Santa Fe,11657.52,0.0,67169.52
1000011597,20241102,2024-11-02 01:39:40,915,2,1,Buenos Aires,8694.0,0.0,50094.0
1000011598,20240224,2024-02-24 13:04:16,1422,1,1,Buenos Aires,9384.48,0.0,54072.48
1000011599,20250327,2025-03-27 02:26:36,959,1,1,Buenos Aires,5103.0,0.0,29403.0
1000011600,20240122,2024-01-22 10:24:36,1184,1,3,Santa Fe,7144.2,0.0,41164.2
1000011601,20240903,2024-09-03 15:31:33,1204,2,4,Mendoza,5670.0,0.0,32670.0
1000011602,20250701,2025-07-01 17:47:09,1296,1,1,Buenos Aires,5386.5,1500.0,32536.5
1000011603,20250927,2025-09-27 18:52:09,160,1,1,Buenos Aires,8977.5,1500.0,53227.5
1000011604,20241204,2024-12-04 05:57:40,795,1,4,Mendoza,2835.0,0.0,16335.0
1000011605,20240111,2024-01-11 06:58:15,366,2,3,Santa Fe,9922.5,0.0,57172.5
1000011606,20250707,2025-07-07 05:59:07,707,1,2,Córdoba,7779.24,1200.0,46023.24
1000011607,20250714,2025-07-14 19:15:42,326,2,3,Santa Fe,5670.0,0.0,32670.0
1000011608,20240524,2024-05-24 14:55:52,976,1,4,Mendoza,10426.5,900.0,60976.5
1000011609,20240130,2024-01-30 04:51:50,1276,1,4,Mendoza,4964.4,900.0,29504.4
1000011610,20240517,2024-05-17 15:58:31,172,1,4,Mendoza,4939.2,0.0,28459.2
1000011611,20250921,2025-09-21 17:56:08,928,2,1,Buenos Aires,4939.2,0.0,28459.2
1000011612,20240113,2024-01-13 14:46:59,334,1,1,Buenos Aires,2593.08,900.0,15841.08
1000011613,20250316,2025-03-16 16:48:11,1095,1,4,Mendoza,5027.4,900.0,29867.4
1000011614,20240521,2024-05-21 19:41:30,923,2,2,Córdoba,9875.25,0.0,56900.25
1000011615,20250209,2025-02-09 05:53:07,1141,2,2,Córdoba,2520.0,0.0,14520.0
1000011616,20250922,2025-09-22 01:44:28,318,2,2,Córdoba,13825.35,0.0,79660.35
1000011617,20240618,2024-06-18 08:55:02,148,1,1,Buenos Aires,11812.5,1200.0,69262.5
1000011618,20250912,2025-09-12 01:49:12,592,1,4,Mendoza,2693.25,1200.0,16718.25
1000011619,20250705,2025-07-05 17:22:18,944,2,3,Santa Fe,2693.25,0.0,15518.25
1000011620,20240502,2024-05-02 15:49:03,435,2,1,Buenos Aires,3465.0,0.0,19965.0
1000011621,20240709,2024-07-09 20:11:18,319,2,4,Mendoza,3241.35,0.0,18676.35
1000011622,20250811,2025-08-11 01:21:26,1121,1,1,Buenos Aires,8930.25,1200.0,52655.25
1000011623,20240312,2024-03-12 23:44:44,536,1,1,Buenos Aires,7560.0,0.0,43560.0
1000011624,20240111,2024-01-11 17:41:11,770,1,4,Mendoza,9724.05,1200.0,57229.05
1000011625,20241002,2024-10-02 19:28:41,325,2,1,Buenos Aires,9809.1,0.0,56519.1
1000011626,20240921,2024-09-21 21:43:34,1496,1,1,Buenos Aires,2469.6,1200.0,15429.6
1000011627,20241020,2024-10-20 12:44:16,1127,1,1,Buenos Aires,12253.5,1500.0,72103.5
1000011628,20240303,2024-03-03 03:41:41,356,1,1,Buenos Aires,6804.0,1500.0,40704.0
1000011629,20250712,2025-07-12 18:40:47,1429,2,3,Santa Fe,3150.0,0.0,18150.0
1000011630,20240618,2024-06-18 03:11:48,158,1,1,Buenos Aires,4445.28,1200.0,26813.28
1000011631,20250616,2025-06-16 02:35:43,984,1,1,Buenos Aires,9355.5,900.0,54805.5
1000011632,20250115,2025-01-15 00:00:08,330,2,2,Córdoba,4788.0,0.0,27588.0
1000011633,20250222,2025-02-22 14:48:08,67,2,1,Buenos Aires,2835.0,0.0,16335.0
1000011634,20241009,2024-10-09 05:54:43,808,1,2,Córdoba,2520.0,1200.0,15720.0
1000011635,20240501,2024-05-01 23:34:16,58,2,1,Buenos Aires,2992.5,0.0,17242.5
1000011636,20240619,2024-06-19 07:24:54,95,1,1,Buenos Aires,2469.6,1200.0,15429.6
1000011637,20240105,2024-01-05 11:24:03,1234,1,2,Córdoba,8366.4,900.0,49106.4
1000011638,20241003,2024-10-03 15:55:47,1161,1,3,Santa Fe,2520.0,0.0,14520.0
1000011639,20250820,2025-08-20 11:39:30,1061,2,2,Córdoba,6300.0,0.0,36300.0
1000011640,20240128,2024-01-28 02:44:24,993,2,4,Mendoza,4939.2,0.0,28459.2
1000011641,20240314,2024-03-14 11:01:09,1470,2,4,Mendoza,2835.0,0.0,16335.0
1000011642,20250922,2025-09-22 01:29:47,848,1,2,Córdoba,7408.8,1200.0,43888.8
1000011643,20250511,2025-05-11 05:59:32,804,1,1,Buenos Aires,9261.0,1200.0,54561.0
1000011644,20241015,2024-10-15 13:31:00,980,2,4,Mendoza,4788.0,0.0,27588.0
1000011645,20250226,2025-02-26 01:48:21,1032,1,3,Santa Fe,7528.5,900.0,44278.5
1000011646,20240609,2024-06-09 00:52:55,160,2,3,Santa Fe,5670.0,0.0,32670.0
1000011647,20241207,2024-12-07 08:24:21,327,1,1,Buenos Aires,9261.0,1200.0,54561.0
1000011648,20240215,2024-02-15 17:52:26,1002,1,2,Córdoba,5186.16,0.0,29882.16
1000011649,20250709,2025-07-09 18:29:10,1198,1,1,Buenos Aires,2593.08,1200.0,16141.08
1000011650,20250426,2025-04-26 17:51:13,221,1,4,Mendoza,11277.0,1200.0,66177.0
1000011651,20240915,2024-09-15 04:57:53,1373,1,1,Buenos Aires,6300.0,1500.0,37800.0
1000011652,20240605,2024-06-05 13:18:18,952,1,2,Córdoba,2268.0,900.0,13968.0
1000011653,20240127,2024-01-27 18:17:19,237,1,2,Córdoba,8870.4,1200.0,52310.4
1000011654,20240215,2024-02-15 05:15:12,744,2,4,Mendoza,6804.0,0.0,39204.0
1000011655,20250724,2025-07-24 03:48:58,311,1,2,Córdoba,6300.0,1200.0,37500.0
1000011656,20250611,2025-06-11 12:54:46,214,1,1,Buenos Aires,10206.0,0.0,58806.0
1000011657,20240414,2024-04-14 14:39:01,137,1,1,Buenos Aires,2469.6,1200.0,15429.6
1000011658,20240103,2024-01-03 20:54:12,437,1,1,Buenos Aires,16940.7,1500.0,99110.7
1000011659,20240619,2024-06-19 17:27:05,362,2,4,Mendoza,2494.8,0.0,14374.8
1000011660,20240812,2024-08-12 13:50:08,604,1,2,Córdoba,7560.0,900.0,44460.0
1000011661,20240715,2024-07-15 06:49:22,1165,1,1,Buenos Aires,3087.0,900.0,18687.0
1000011662,20240622,2024-06-22 09:47:28,856,2,2,Córdoba,2469.6,0.0,14229.6
1000011663,20250324,2025-03-24 19:30:00,256,2,4,Mendoza,7182.0,0.0,41382.0
1000011664,20240417,2024-04-17 08:57:12,493,1,1,Buenos Aires,4939.2,1200.0,29659.2
1000011665,20240805,2024-08-05 14:48:51,121,2,3,Santa Fe,10395.0,0.0,59895.0
1000011666,20240820,2024-08-20 16:38:12,86,1,4,Mendoza,4939.2,900.0,29359.2
1000011667,20250413,2025-04-13 02:21:48,236,1,1,Buenos Aires,5985.0,1200.0,35685.0
1000011668,20240914,2024-09-14 21:57:17,1035,1,1,Buenos Aires,7560.0,0.0,43560.0
1000011669,20241010,2024-10-10 11:29:43,1397,1,3,Santa Fe,6300.0,900.0,37200.0
1000011670,20240123,2024-01-23 19:57:17,7,1,1,Buenos Aires,6284.25,1500.0,37709.25
1000011671,20240601,2024-06-01 22:58:33,1258,2,1,Buenos Aires,17955.0,0.0,103455.0
1000011672,20240603,2024-06-03 13:31:34,1430,2,3,Santa Fe,8505.0,0.0,49005.0
1000011673,20241128,2024-11-28 23:06:21,970,1,1,Buenos Aires,3150.0,1200.0,19350.0
1000011674,20250722,2025-07-22 15:52:52,134,2,3,Santa Fe,8820.0,0.0,50820.0
1000011675,20250507,2025-05-07 02:54:50,1245,2,4,Mendoza,4762.8,0.0,27442.8
1000011676,20250730,2025-07-30 10:31:46,646,2,2,Córdoba,7560.0,0.0,43560.0
1000011677,20241220,2024-12-20 23:57:13,1285,2,1,Buenos Aires,6174.0,0.0,35574.0
1000011678,20240205,2024-02-05 18:47:20,1124,1,3,Santa Fe,7408.8,1500.0,44188.8
1000011679,20240606,2024-06-06 13:54:20,854,1,1,Buenos Aires,6667.92,900.0,39319.92
1000011680,20250410,2025-04-10 06:39:34,223,2,3,Santa Fe,9292.5,0.0,53542.5
1000011681,20240420,2024-04-20 02:28:49,460,1,1,Buenos Aires,6174.0,900.0,36474.0
1000011682,20250613,2025-06-13 13:24:54,1122,2,2,Córdoba,9450.0,0.0,54450.0
1000011683,20250827,2025-08-27 14:40:04,1201,2,3,Santa Fe,7560.0,0.0,43560.0
1000011684,20250426,2025-04-26 02:51:29,1425,1,4,Mendoza,6482.7,900.0,38252.7
1000011685,20240104,2024-01-04 20:20:44,1129,2,3,Santa Fe,2494.8,0.0,14374.8
1000011686,20250910,2025-09-10 20:19:26,889,1,1,Buenos Aires,6174.0,1500.0,37074.0
1000011687,20240209,2024-02-09 18:58:01,1400,1,3,Santa Fe,2520.0,900.0,15420.0
1000011688,20240701,2024-07-01 01:57:07,719,1,3,Santa Fe,5103.0,900.0,30303.0
1000011689,20240116,2024-01-16 17:27:51,598,2,4,Mendoza,4939.2,0.0,28459.2
1000011690,20241104,2024-11-04 17:04:34,575,1,1,Buenos Aires,3150.0,900.0,19050.0
1000011691,20250901,2025-09-01 22:54:22,1429,2,4,Mendoza,7938.0,0.0,45738.0
1000011692,20250906,2025-09-06 01:07:49,693,1,1,Buenos Aires,2778.3,0.0,16008.3
1000011693,20250303,2025-03-03 05:14:45,151,1,1,Buenos Aires,11743.2,900.0,68563.2
1000011694,20250822,2025-08-22 07:44:37,800,1,1,Buenos Aires,9053.1,1200.0,53363.1
1000011695,20250610,2025-06-10 09:43:52,61,1,4,Mendoza,2520.0,1200.0,15720.0
1000011696,20240615,2024-06-15 23:39:23,428,1,3,Santa Fe,7182.0,1200.0,42582.0
1000011697,20240609,2024-06-09 21:01:55,921,1,2,Córdoba,6300.0,1200.0,37500.0
1000011698,20241015,2024-10-15 07:21:21,1244,1,1,Buenos Aires,6300.0,1500.0,37800.0
1000011699,20250211,2025-02-11 20:25:45,1434,1,1,Buenos Aires,12652.92,1200.0,74104.92
1000011700,20240808,2024-08-08 11:39:57,1327,1,4,Mendoza,3291.75,1200.0,20166.75
1000011701,20240901,2024-09-01 01:53:22,912,1,1,Buenos Aires,4536.0,1500.0,27636.0
1000011702,20241007,2024-10-07 09:56:21,723,1,4,Mendoza,4536.0,1500.0,27636.0
1000011703,20240520,2024-05-20 19:07:18,1435,2,2,Córdoba,10174.5,0.0,58624.5
1000011704,20240910,2024-09-10 02:00:28,691,2,1,Buenos Aires,2469.6,0.0,14229.6
1000011705,20240326,2024-03-26 11:07:16,369,2,3,Santa Fe,2992.5,0.0,17242.5
1000011706,20241110,2024-11-10 17:08:19,1028,1,2,Córdoba,2835.0,900.0,17235.0
1000011707,20240122,2024-01-22 20:12:34,1001,1,2,Córdoba,8643.6,900.0,50703.6
1000011708,20240815,2024-08-15 02:15:24,1040,2,2,Córdoba,4309.2,0.0,24829.2
1000011709,20240921,2024-09-21 07:06:12,1067,1,3,Santa Fe,4939.2,900.0,29359.2
1000011710,20240411,2024-04-11 14:38:39,311,1,1,Buenos Aires,6300.0,1500.0,37800.0
1000011711,20250211,2025-02-11 14:12:28,627,1,1,Buenos Aires,4536.0,900.0,27036.0
1000011712,20250724,2025-07-24 09:02:17,639,2,4,Mendoza,6300.0,0.0,36300.0
1000011713,20250918,2025-09-18 00:13:09,655,2,3,Santa Fe,19136.25,0.0,110261.25
1000011714,20240623,2024-06-23 00:45:31,1252,1,4,Mendoza,9497.25,0.0,54722.25
1000011715,20250207,2025-02-07 02:30:09,314,2,3,Santa Fe,3465.0,0.0,19965.0
1000011716,20240415,2024-04-15 23:48:10,1180,1,4,Mendoza,9273.6,1200.0,54633.6
1000011717,20241218,2024-12-18 05:16:25,365,2,1,Buenos Aires,2520.0,0.0,14520.0
1000011718,20250106,2025-01-06 16:31:36,1310,2,4,Mendoza,2469.6,0.0,14229.6
1000011719,20250830,2025-08-30 03:49:34,367,1,3,Santa Fe,12763.8,900.0,74443.8
1000011720,20250414,2025-04-14 04:58:50,1252,1,1,Buenos Aires,4939.2,900.0,29359.2
1000011721,20240210,2024-02-10 15:36:46,607,1,2,Córdoba,9450.0,1500.0,55950.0
1000011722,20240205,2024-02-05 11:32:10,1122,1,1,Buenos Aires,4309.2,1200.0,26029.2
1000011723,20240204,2024-02-04 02:09:10,842,2,2,Córdoba,3150.0,0.0,18150.0
1000011724,20250525,2025-05-25 09:38:32,1461,1,1,Buenos Aires,8328.28,1200.0,49186.78
1000011725,20240303,2024-03-03 10:38:57,208,1,1,Buenos Aires,6804.0,1200.0,40404.0
1000011726,20240611,2024-06-11 14:38:35,1268,2,3,Santa Fe,2394.0,0.0,13794.0
1000011727,20240507,2024-05-07 15:04:24,234,2,3,Santa Fe,10187.1,0.0,58697.1
1000011728,20240817,2024-08-17 07:15:22,427,1,1,Buenos Aires,5556.6,1500.0,33516.6
1000011729,20241209,2024-12-09 02:07:09,964,1,1,Buenos Aires,4939.2,1200.0,29659.2
1000011730,20240929,2024-09-29 22:17:19,802,1,3,Santa Fe,12014.1,1500.0,70724.1
1000011731,20241007,2024-10-07 22:40:35,38,1,3,Santa Fe,7144.2,900.0,42064.2
1000011732,20241208,2024-12-08 05:28:42,204,2,3,Santa Fe,4536.0,0.0,26136.0
1000011733,20241219,2024-12-19 14:54:42,524,1,4,Mendoza,2835.0,1200.0,17535.0
1000011734,20250222,2025-02-22 15:13:14,31,1,1,Buenos Aires,2992.5,0.0,17242.5
1000011735,20240927,2024-09-27 07:02:30,834,2,1,Buenos Aires,6174.0,0.0,35574.0
1000011736,20241215,2024-12-15 16:07:06,994,1,2,Córdoba,6615.0,900.0,39015.0
1000011737,20241109,2024-11-09 02:30:28,439,2,4,Mendoza,2835.0,0.0,16335.0
1000011738,20240628,2024-06-28 10:43:50,1279,2,1,Buenos Aires,8977.5,0.0,51727.5
1000011739,20240918,2024-09-18 06:14:15,1268,1,1,Buenos Aires,2633.4,1500.0,16673.4
1000011740,20240316,2024-03-16 21:01:07,775,1,2,Córdoba,2381.4,1500.0,15221.4
1000011741,20240523,2024-05-23 01:47:35,172,2,4,Mendoza,2268.0,0.0,13068.0
1000011742,20250312,2025-03-12 17:41:58,834,2,2,Córdoba,2520.0,0.0,14520.0
1000011743,20240721,2024-07-21 06:50:51,1094,2,4,Mendoza,13986.0,0.0,80586.0
1000011744,20250126,2025-01-26 20:55:02,1091,1,2,Córdoba,8788.5,1200.0,51838.5
1000011745,20240331,2024-03-31 15:30:30,1086,2,4,Mendoza,9878.4,0.0,56918.4
1000011746,20240307,2024-03-07 15:17:47,1352,1,1,Buenos Aires,2992.5,1200.0,18442.5
1000011747,20240618,2024-06-18 01:24:03,554,1,1,Buenos Aires,6804.0,900.0,40104.0
1000011748,20240724,2024-07-24 10:59:37,1424,1,3,Santa Fe,2778.3,900.0,16908.3
1000011749,20240516,2024-05-16 14:52:26,304,1,3,Santa Fe,3307.5,1200.0,20257.5
1000011750,20241212,2024-12-12 13:20:40,1071,1,1,Buenos Aires,6804.0,900.0,40104.0
1000011751,20250924,2025-09-24 13:00:41,1092,1,4,Mendoza,7654.5,1200.0,45304.5
1000011752,20240809,2024-08-09 05:06:57,153,1,2,Córdoba,15220.8,900.0,88600.8
1000011753,20250731,2025-07-31 20:44:08,1231,1,1,Buenos Aires,4445.28,900.0,26513.28
1000011754,20250811,2025-08-11 04:58:43,540,1,2,Córdoba,12159.0,1500.0,71559.0
1000011755,20241004,2024-10-04 08:37:22,654,1,1,Buenos Aires,2992.5,1500.0,18742.5
1000011756,20241123,2024-11-23 11:40:43,774,2,4,Mendoza,2520.0,0.0,14520.0
1000011757,20240314,2024-03-14 21:21:47,302,1,1,Buenos Aires,4536.0,1200.0,27336.0
1000011758,20250720,2025-07-20 21:02:17,1071,1,2,Córdoba,8442.0,900.0,49542.0
1000011759,20240801,2024-08-01 15:53:21,6,1,3,Santa Fe,8505.0,1200.0,50205.0
1000011760,20240728,2024-07-28 20:40:50,1443,1,3,Santa Fe,9324.0,1200.0,54924.0
1000011761,20240820,2024-08-20 04:35:16,49,2,1,Buenos Aires,9355.5,0.0,53905.5
1000011762,20241013,2024-10-13 09:33:29,1039,1,2,Córdoba,8505.0,900.0,49905.0
1000011763,20240412,2024-04-12 08:50:50,1090,1,1,Buenos Aires,6667.92,1200.0,39619.92
1000011764,20250328,2025-03-28 14:26:21,353,1,4,Mendoza,6284.25,1500.0,37709.25
1000011765,20240607,2024-06-07 05:43:39,1295,2,2,Córdoba,4536.0,0.0,26136.0
1000011766,20250717,2025-07-17 17:15:25,239,2,1,Buenos Aires,7182.0,0.0,41382.0
1000011767,20241111,2024-11-11 12:17:28,269,2,1,Buenos Aires,14389.2,0.0,82909.2
1000011768,20240912,2024-09-12 04:49:45,872,1,3,Santa Fe,2394.0,1200.0,14994.0
1000011769,20240124,2024-01-24 08:37:03,522,2,1,Buenos Aires,5670.0,0.0,32670.0
1000011770,20241209,2024-12-09 02:12:42,127,2,1,Buenos Aires,8505.0,0.0,49005.0
1000011771,20240611,2024-06-11 04:19:20,1315,2,2,Córdoba,4536.0,0.0,26136.0
1000011772,20241220,2024-12-20 17:35:16,788,2,1,Buenos Aires,2268.0,0.0,13068.0
1000011773,20250503,2025-05-03 18:52:58,838,1,1,Buenos Aires,5033.7,900.0,29903.7
1000011774,20250130,2025-01-30 11:45:52,92,2,1,Buenos Aires,4747.68,0.0,27355.68
1000011775,20240929,2024-09-29 05:07:09,556,2,2,Córdoba,2469.6,0.0,14229.6
1000011776,20240907,2024-09-07 16:12:29,1316,1,3,Santa Fe,9875.25,1200.0,58100.25
1000011777,20240425,2024-04-25 04:20:14,524,1,2,Córdoba,2513.7,900.0,15383.7
1000011778,20250103,2025-01-03 06:33:55,389,1,1,Buenos Aires,3291.75,900.0,19866.75
1000011779,20241124,2024-11-24 04:21:32,419,1,4,Mendoza,8505.0,900.0,49905.0
1000011780,20240103,2024-01-03 01:42:50,1323,1,3,Santa Fe,5544.0,1200.0,33144.0
1000011781,20240926,2024-09-26 21:48:43,274,1,1,Buenos Aires,7408.8,900.0,43588.8
1000011782,20240104,2024-01-04 14:46:18,124,1,1,Buenos Aires,2835.0,900.0,17235.0
1000011783,20240109,2024-01-09 02:33:49,918,1,1,Buenos Aires,4788.0,900.0,28488.0
1000011784,20250511,2025-05-11 00:42:55,638,1,1,Buenos Aires,2992.5,900.0,18142.5
1000011785,20250209,2025-02-09 03:37:13,896,1,2,Córdoba,2469.6,900.0,15129.6
1000011786,20240902,2024-09-02 17:09:40,1035,1,1,Buenos Aires,7144.2,0.0,41164.2
1000011787,20250914,2025-09-14 00:59:18,99,2,1,Buenos Aires,9450.0,0.0,54450.0
1000011788,20241012,2024-10-12 10:46:33,227,2,3,Santa Fe,11018.7,0.0,63488.7
1000011789,20240601,2024-06-01 00:23:31,4,1,1,Buenos Aires,9828.0,900.0,57528.0
1000011790,20250716,2025-07-16 13:17:28,405,1,1,Buenos Aires,6300.0,1200.0,37500.0
1000011791,20250506,2025-05-06 10:57:59,661,1,4,Mendoza,2469.6,0.0,14229.6
1000011792,20250315,2025-03-15 05:18:33,144,1,2,Córdoba,6174.0,0.0,35574.0
1000011793,20250808,2025-08-08 23:52:25,1053,2,1,Buenos Aires,2646.0,0.0,15246.0
1000011794,20241010,2024-10-10 02:13:08,415,2,3,Santa Fe,15590.92,0.0,89833.42
1000011795,20250106,2025-01-06 15:58:07,960,2,1,Buenos Aires,5670.0,0.0,32670.0
1000011796,20240301,2024-03-01 04:49:17,67,2,4,Mendoza,9261.0,0.0,53361.0
1000011797,20240504,2024-05-04 19:02:10,267,1,1,Buenos Aires,14862.96,900.0,86538.96
1000011798,20240125,2024-01-25 15:11:46,666,2,1,Buenos Aires,8149.68,0.0,46957.68
1000011799,20241221,2024-12-21 16:59:47,360,2,4,Mendoza,8479.8,0.0,48859.8
1000011800,20250605,2025-06-05 22:52:39,393,2,3,Santa Fe,6804.0,0.0,39204.0
1000011801,20250704,2025-07-04 08:38:19,786,1,2,Córdoba,2992.5,900.0,18142.5
1000011802,20240426,2024-04-26 00:45:45,22,2,4,Mendoza,5985.0,0.0,34485.0
1000011803,20250523,2025-05-23 09:07:03,1297,2,1,Buenos Aires,2394.0,0.0,13794.0
1000011804,20240117,2024-01-17 16:42:12,29,1,3,Santa Fe,4989.6,1200.0,29949.6
1000011805,20240415,2024-04-15 10:09:32,1112,2,1,Buenos Aires,2520.0,0.0,14520.0
1000011806,20240617,2024-06-17 11:30:24,990,2,2,Córdoba,2394.0,0.0,13794.0
1000011807,20240620,2024-06-20 23:46:36,42,1,1,Buenos Aires,3291.75,900.0,19866.75
1000011808,20250529,2025-05-29 22:05:21,1413,1,3,Santa Fe,20941.2,1200.0,121861.2
1000011809,20240903,2024-09-03 23:54:52,1186,1,1,Buenos Aires,2513.7,1200.0,15683.7
1000011810,20250911,2025-09-11 06:32:04,1396,1,1,Buenos Aires,7182.0,1200.0,42582.0
1000011811,20240803,2024-08-03 14:29:59,1147,1,1,Buenos Aires,9475.2,1200.0,55795.2
1000011812,20250206,2025-02-06 22:34:30,323,1,1,Buenos Aires,7900.2,900.0,46420.2
1000011813,20250930,2025-09-30 19:18:52,176,2,1,Buenos Aires,2551.5,0.0,14701.5
1000011814,20240821,2024-08-21 01:41:22,543,2,4,Mendoza,7560.0,0.0,43560.0
1000011815,20240110,2024-01-10 07:29:24,1156,1,1,Buenos Aires,4536.0,900.0,27036.0
1000011816,20240314,2024-03-14 18:33:03,708,2,4,Mendoza,4536.0,0.0,26136.0
1000011817,20241122,2024-11-22 18:29:24,757,1,3,Santa Fe,6300.0,1500.0,37800.0
1000011818,20250506,2025-05-06 06:25:10,136,1,2,Córdoba,2268.0,1200.0,14268.0
1000011819,20240331,2024-03-31 14:16:56,287,1,2,Córdoba,7161.84,900.0,42165.84
1000011820,20240125,2024-01-25 13:46:27,945,2,2,Córdoba,5241.6,0.0,30201.6
1000011821,20241015,2024-10-15 08:31:48,973,1,2,Córdoba,7182.0,0.0,41382.0
1000011822,20240912,2024-09-12 01:55:38,768,1,1,Buenos Aires,5859.0,900.0,34659.0
1000011823,20250216,2025-02-16 11:44:26,539,1,3,Santa Fe,12083.4,900.0,70523.4
1000011824,20240620,2024-06-20 18:32:41,627,2,2,Córdoba,2520.0,0.0,14520.0
1000011825,20250416,2025-04-16 23:38:39,1455,1,1,Buenos Aires,13179.6,0.0,75939.6
1000011826,20250629,2025-06-29 17:10:17,1130,2,4,Mendoza,4536.0,0.0,26136.0
1000011827,20250817,2025-08-17 03:27:50,1465,1,3,Santa Fe,3087.0,1200.0,18987.0
1000011828,20240310,2024-03-10 03:10:31,666,1,1,Buenos Aires,17061.03,0.0,98304.03
1000011829,20240705,2024-07-05 12:12:05,820,1,3,Santa Fe,12681.9,1200.0,74271.9
1000011830,20250609,2025-06-09 05:05:19,932,1,2,Córdoba,6174.0,900.0,36474.0
1000011831,20250804,2025-08-04 05:25:43,753,1,2,Córdoba,4536.0,1500.0,27636.0
1000011832,20240905,2024-09-05 04:17:45,459,1,1,Buenos Aires,13441.68,1200.0,78649.68
1000011833,20241118,2024-11-18 04:08:59,1467,1,3,Santa Fe,15687.0,1200.0,91587.0
1000011834,20240415,2024-04-15 13:26:22,1096,2,2,Córdoba,7938.0,0.0,45738.0
1000011835,20240617,2024-06-17 23:06:25,1486,2,3,Santa Fe,6300.0,0.0,36300.0
1000011836,20240227,2024-02-27 19:19:11,113,1,1,Buenos Aires,5670.0,1200.0,33870.0
1000011837,20250609,2025-06-09 14:34:03,3,2,2,Córdoba,4309.2,0.0,24829.2
1000011838,20250202,2025-02-02 18:37:18,850,2,4,Mendoza,4762.8,0.0,27442.8
1000011839,20241202,2024-12-02 14:36:22,1304,2,1,Buenos Aires,6804.0,0.0,39204.0
1000011840,20250809,2025-08-09 10:16:16,220,2,2,Córdoba,5433.12,0.0,31305.12
1000011841,20240405,2024-04-05 02:03:16,784,1,2,Córdoba,6174.0,0.0,35574.0
1000011842,20250812,2025-08-12 08:29:46,227,1,3,Santa Fe,8568.0,900.0,50268.0
1000011843,20250415,2025-04-15 20:37:47,837,1,1,Buenos Aires,2520.0,1200.0,15720.0
1000011844,20240326,2024-03-26 11:53:42,994,1,2,Córdoba,5701.5,1200.0,34051.5
1000011845,20241211,2024-12-11 17:20:25,934,2,4,Mendoza,3087.0,0.0,17787.0
1000011846,20250311,2025-03-11 23:33:18,587,1,1,Buenos Aires,2551.5,0.0,14701.5
1000011847,20250903,2025-09-03 19:54:54,954,2,3,Santa Fe,9450.0,0.0,54450.0
1000011848,20240828,2024-08-28 12:12:07,1169,1,1,Buenos Aires,8977.5,1500.0,53227.5
1000011849,20240305,2024-03-05 03:01:47,303,1,3,Santa Fe,8977.5,900.0,52627.5
1000011850,20241109,2024-11-09 20:03:58,783,1,3,Santa Fe,2835.0,1200.0,17535.0
1000011851,20240208,2024-02-08 06:29:39,949,1,2,Córdoba,8977.5,900.0,52627.5
1000011852,20250802,2025-08-02 12:09:38,1377,1,2,Córdoba,9450.0,900.0,55350.0
1000011853,20241221,2024-12-21 16:58:01,871,1,3,Santa Fe,2716.56,1200.0,16852.56
1000011854,20240601,2024-06-01 14:33:46,628,2,4,Mendoza,2835.0,0.0,16335.0
1000011855,20240302,2024-03-02 16:23:34,352,2,1,Buenos Aires,6123.6,0.0,35283.6
1000011856,20240708,2024-07-08 10:32:57,357,2,3,Santa Fe,4536.0,0.0,26136.0
1000011857,20250127,2025-01-27 08:21:01,185,1,2,Córdoba,3087.0,1200.0,18987.0
1000011858,20240626,2024-06-26 22:36:19,51,2,2,Córdoba,2268.0,0.0,13068.0
1000011859,20240326,2024-03-26 08:36:54,848,1,1,Buenos Aires,5386.5,900.0,31936.5
1000011860,20240402,2024-04-02 16:13:44,875,2,1,Buenos Aires,4082.4,0.0,23522.4
1000011861,20240706,2024-07-06 11:02:34,247,2,3,Santa Fe,3087.0,0.0,17787.0
1000011862,20250108,2025-01-08 06:53:40,813,1,3,Santa Fe,5985.0,1200.0,35685.0
1000011863,20250308,2025-03-08 15:54:46,1484,1,3,Santa Fe,10980.9,1200.0,64470.9
1000011864,20240118,2024-01-18 07:10:04,383,1,2,Córdoba,9922.5,1500.0,58672.5
1000011865,20241130,2024-11-30 00:48:12,630,1,1,Buenos Aires,6804.0,900.0,40104.0
1000011866,20250820,2025-08-20 17:33:27,1168,1,2,Córdoba,2835.0,1200.0,17535.0
1000011867,20250217,2025-02-17 06:27:30,3,2,4,Mendoza,4536.0,0.0,26136.0
1000011868,20250526,2025-05-26 23:51:23,441,1,1,Buenos Aires,2835.0,0.0,16335.0
1000011869,20240105,2024-01-05 19:12:52,1091,1,1,Buenos Aires,4863.6,900.0,28923.6
1000011870,20250830,2025-08-30 06:08:43,412,2,2,Córdoba,8505.0,0.0,49005.0
1000011871,20250904,2025-09-04 07:12:06,574,1,1,Buenos Aires,8977.5,900.0,52627.5
1000011872,20250527,2025-05-27 09:56:27,243,1,3,Santa Fe,3307.5,1500.0,20557.5
1000011873,20250829,2025-08-29 22:34:34,95,2,1,Buenos Aires,2520.0,0.0,14520.0
1000011874,20250324,2025-03-24 16:14:53,545,1,2,Córdoba,8505.0,900.0,49905.0
1000011875,20250502,2025-05-02 09:17:05,940,2,2,Córdoba,5985.0,0.0,34485.0
1000011876,20241216,2024-12-16 13:54:14,1318,2,3,Santa Fe,16112.25,0.0,92837.25
1000011877,20240419,2024-04-19 03:21:07,922,1,4,Mendoza,5693.62,900.0,33706.12
1000011878,20241209,2024-12-09 05:37:36,649,2,1,Buenos Aires,5985.0,0.0,34485.0
1000011879,20250907,2025-09-07 08:42:55,283,1,2,Córdoba,4082.4,1200.0,24722.4
1000011880,20250521,2025-05-21 12:03:09,878,1,1,Buenos Aires,6174.0,1200.0,36774.0
1000011881,20240523,2024-05-23 03:59:44,109,2,2,Córdoba,6174.0,0.0,35574.0
1000011882,20240219,2024-02-19 18:25:27,1490,1,1,Buenos Aires,6174.0,900.0,36474.0
1000011883,20250314,2025-03-14 14:57:39,673,2,1,Buenos Aires,5670.0,0.0,32670.0
1000011884,20240505,2024-05-05 10:55:18,570,2,1,Buenos Aires,14943.6,0.0,86103.6
1000011885,20250212,2025-02-12 12:37:45,366,1,1,Buenos Aires,8977.5,1500.0,53227.5
1000011886,20240710,2024-07-10 09:53:40,530,2,2,Córdoba,8505.0,0.0,49005.0
1000011887,20240705,2024-07-05 18:00:23,1336,1,2,Córdoba,7182.0,900.0,42282.0
1000011888,20250114,2025-01-14 01:05:09,19,1,4,Mendoza,9261.0,900.0,54261.0
1000011889,20250908,2025-09-08 01:12:35,152,1,1,Buenos Aires,2469.6,1200.0,15429.6
1000011890,20250528,2025-05-28 03:42:37,358,1,2,Córdoba,2469.6,900.0,15129.6
1000011891,20250826,2025-08-26 15:53:22,1133,2,4,Mendoza,10395.0,0.0,59895.0
1000011892,20250228,2025-02-28 21:56:33,1079,1,3,Santa Fe,2268.0,1500.0,14568.0
1000011893,20240331,2024-03-31 17:22:36,779,1,1,Buenos Aires,5544.0,0.0,31944.0
1000011894,20250731,2025-07-31 01:31:25,840,1,1,Buenos Aires,7541.1,900.0,44351.1
1000011895,20250309,2025-03-09 03:46:18,971,2,4,Mendoza,7408.8,0.0,42688.8
1000011896,20240604,2024-06-04 16:24:55,137,1,4,Mendoza,8977.5,1500.0,53227.5
1000011897,20241105,2024-11-05 21:52:01,1031,2,3,Santa Fe,12029.85,0.0,69314.85
1000011898,20240621,2024-06-21 23:02:26,650,1,1,Buenos Aires,17326.58,1200.0,101034.08
1000011899,20240124,2024-01-24 11:03:45,820,1,2,Córdoba,6930.0,900.0,40830.0
1000011900,20241227,2024-12-27 04:29:25,714,1,2,Córdoba,10654.56,1200.0,62590.56
1000011901,20240810,2024-08-10 22:55:46,682,2,1,Buenos Aires,3307.5,0.0,19057.5
1000011902,20250503,2025-05-03 16:13:38,478,2,1,Buenos Aires,7182.0,0.0,41382.0
1000011903,20240107,2024-01-07 21:23:19,808,1,2,Córdoba,15214.5,900.0,88564.5
1000011904,20240306,2024-03-06 17:48:58,779,1,1,Buenos Aires,2992.5,0.0,17242.5
1000011905,20240730,2024-07-30 22:17:11,217,1,2,Córdoba,4939.2,900.0,29359.2
1000011906,20250804,2025-08-04 08:13:29,629,1,1,Buenos Aires,10054.8,900.0,58834.8
1000011907,20250411,2025-04-11 12:54:41,999,1,4,Mendoza,2551.5,900.0,15601.5
1000011908,20241024,2024-10-24 16:11:27,660,1,1,Buenos Aires,6174.0,1200.0,36774.0
1000011909,20241201,2024-12-01 08:17:42,1468,1,1,Buenos Aires,15989.4,1200.0,93329.4
1000011910,20250722,2025-07-22 18:43:47,1118,2,4,Mendoza,15781.5,0.0,90931.5
1000011911,20250214,2025-02-14 17:59:01,652,1,2,Córdoba,3395.7,0.0,19565.7
1000011912,20250525,2025-05-25 18:09:11,970,1,1,Buenos Aires,4536.0,1200.0,27336.0
1000011913,20250325,2025-03-25 23:32:05,810,1,1,Buenos Aires,15649.2,1200.0,91369.2
1000011914,20250112,2025-01-12 06:20:00,663,1,2,Córdoba,9450.0,1200.0,55650.0
1000011915,20240411,2024-04-11 04:20:18,150,1,3,Santa Fe,2381.4,0.0,13721.4
1000011916,20240518,2024-05-18 22:08:25,1347,1,1,Buenos Aires,5033.7,900.0,29903.7
1000011917,20250831,2025-08-31 04:30:27,643,1,1,Buenos Aires,2469.6,900.0,15129.6
1000011918,20240908,2024-09-08 06:53:02,645,1,1,Buenos Aires,7308.0,900.0,43008.0
1000011919,20250418,2025-04-18 19:30:53,72,2,4,Mendoza,14805.0,0.0,85305.0
1000011920,20240928,2024-09-28 13:55:55,1412,2,1,Buenos Aires,11020.59,0.0,63499.59
1000011921,20240728,2024-07-28 06:05:53,1305,1,3,Santa Fe,2835.0,1200.0,17535.0
1000011922,20250420,2025-04-20 12:51:40,413,2,2,Córdoba,9450.0,0.0,54450.0
1000011923,20250109,2025-01-09 17:37:50,473,1,1,Buenos Aires,7408.8,1500.0,44188.8
1000011924,20240305,2024-03-05 13:16:45,333,1,1,Buenos Aires,6804.0,1200.0,40404.0
1000011925,20250305,2025-03-05 06:05:32,868,1,2,Córdoba,6174.0,900.0,36474.0
1000011926,20240322,2024-03-22 14:38:31,298,1,1,Buenos Aires,9878.4,900.0,57818.4
1000011927,20240220,2024-02-20 23:00:46,13,2,1,Buenos Aires,7207.2,0.0,41527.2
1000011928,20241216,2024-12-16 13:08:15,362,1,1,Buenos Aires,12883.5,900.0,75133.5
1000011929,20240515,2024-05-15 23:23:00,993,1,1,Buenos Aires,3241.35,0.0,18676.35
1000011930,20240323,2024-03-23 19:06:48,442,2,4,Mendoza,3142.12,0.0,18104.62
1000011931,20241218,2024-12-18 06:33:46,550,1,4,Mendoza,2469.6,1200.0,15429.6
1000011932,20241128,2024-11-28 18:57:02,100,1,1,Buenos Aires,5186.16,0.0,29882.16
1000011933,20240427,2024-04-27 15:23:45,263,1,1,Buenos Aires,5304.6,1200.0,31764.6
1000011934,20250717,2025-07-17 18:58:04,614,2,4,Mendoza,8379.0,0.0,48279.0
1000011935,20240523,2024-05-23 10:00:47,732,2,3,Santa Fe,2646.0,0.0,15246.0
1000011936,20241007,2024-10-07 15:35:42,1125,1,2,Córdoba,12656.7,1200.0,74126.7
1000011937,20240508,2024-05-08 07:35:34,444,1,1,Buenos Aires,5103.0,900.0,30303.0
1000011938,20240518,2024-05-18 13:08:08,949,2,1,Buenos Aires,6174.0,0.0,35574.0
1000011939,20250617,2025-06-17 22:56:50,1305,1,1,Buenos Aires,7654.5,900.0,45004.5
1000011940,20250826,2025-08-26 14:27:47,322,1,4,Mendoza,7182.0,1200.0,42582.0
1000011941,20250807,2025-08-07 06:09:30,518,1,1,Buenos Aires,2835.0,1500.0,17835.0
1000011942,20240708,2024-07-08 07:16:42,476,1,3,Santa Fe,6583.5,1500.0,39433.5
1000011943,20241118,2024-11-18 20:43:37,1344,2,2,Córdoba,2041.2,0.0,11761.2
1000011944,20250511,2025-05-11 10:15:38,248,1,1,Buenos Aires,11607.12,1200.0,68079.12
1000011945,20250319,2025-03-19 22:59:33,1433,2,4,Mendoza,5670.0,0.0,32670.0
1000011946,20241211,2024-12-11 15:03:42,1192,1,1,Buenos Aires,2835.0,1200.0,17535.0
1000011947,20240827,2024-08-27 09:13:22,355,2,3,Santa Fe,12033.0,0.0,69333.0
1000011948,20240113,2024-01-13 04:16:34,1465,2,1,Buenos Aires,10017.0,0.0,57717.0
1000011949,20250808,2025-08-08 07:49:29,91,2,4,Mendoza,12600.0,0.0,72600.0
1000011950,20241112,2024-11-12 06:36:50,10,2,2,Córdoba,11302.2,0.0,65122.2
1000011951,20241015,2024-10-15 15:22:40,368,1,1,Buenos Aires,3150.0,1200.0,19350.0
1000011952,20250722,2025-07-22 15:18:38,599,1,1,Buenos Aires,8505.0,0.0,49005.0
1000011953,20250731,2025-07-31 04:01:43,308,2,3,Santa Fe,7182.0,0.0,41382.0
1000011954,20240303,2024-03-03 21:17:57,848,1,1,Buenos Aires,6463.8,1200.0,38443.8
1000011955,20240901,2024-09-01 14:24:09,1207,1,1,Buenos Aires,2835.0,900.0,17235.0
1000011956,20250212,2025-02-12 05:23:53,272,1,1,Buenos Aires,12159.0,900.0,70959.0
1000011957,20240810,2024-08-10 13:05:16,123,2,4,Mendoza,2222.64,0.0,12806.64
1000011958,20250209,2025-02-09 20:50:20,580,1,4,Mendoza,19007.1,1500.0,111017.1
1000011959,20250129,2025-01-29 16:44:46,222,2,2,Córdoba,6804.0,0.0,39204.0
1000011960,20241211,2024-12-11 02:10:11,1045,2,1,Buenos Aires,4536.0,0.0,26136.0
1000011961,20250728,2025-07-28 13:06:19,1477,2,2,Córdoba,2633.4,0.0,15173.4
1000011962,20240529,2024-05-29 13:43:01,27,1,4,Mendoza,6300.0,1200.0,37500.0
1000011963,20240102,2024-01-02 11:44:37,607,2,1,Buenos Aires,9928.8,0.0,57208.8
1000011964,20250514,2025-05-14 17:55:19,994,2,1,Buenos Aires,7900.2,0.0,45520.2
1000011965,20250104,2025-01-04 23:24:26,1272,1,2,Córdoba,4536.0,900.0,27036.0
1000011966,20250226,2025-02-26 11:44:27,371,2,2,Córdoba,7779.24,0.0,44823.24
1000011967,20241022,2024-10-22 22:51:39,690,1,1,Buenos Aires,2469.6,1200.0,15429.6
1000011968,20250514,2025-05-14 01:09:36,256,1,2,Córdoba,5670.0,900.0,33570.0
1000011969,20250519,2025-05-19 21:46:42,1110,1,1,Buenos Aires,5985.0,1200.0,35685.0
1000011970,20250918,2025-09-18 18:41:41,951,1,1,Buenos Aires,7938.0,1200.0,46938.0
1000011971,20250713,2025-07-13 20:37:45,631,1,1,Buenos Aires,2268.0,900.0,13968.0
1000011972,20250722,2025-07-22 12:21:31,1217,2,1,Buenos Aires,16537.5,0.0,95287.5
1000011973,20250811,2025-08-11 09:45:07,520,1,1,Buenos Aires,4939.2,900.0,29359.2
1000011974,20250425,2025-04-25 16:45:38,1230,1,1,Buenos Aires,5292.0,1200.0,31692.0
1000011975,20241103,2024-11-03 22:15:00,732,1,1,Buenos Aires,5040.0,900.0,29940.0
1000011976,20250330,2025-03-30 18:02:21,397,2,3,Santa Fe,3291.75,0.0,18966.75
1000011977,20250114,2025-01-14 08:53:28,626,1,3,Santa Fe,11655.0,1500.0,68655.0
1000011978,20241016,2024-10-16 23:07:49,440,2,4,Mendoza,5040.0,0.0,29040.0
1000011979,20240104,2024-01-04 22:27:19,741,2,1,Buenos Aires,7434.0,0.0,42834.0
1000011980,20240923,2024-09-23 18:38:03,972,1,1,Buenos Aires,9135.0,0.0,52635.0
1000011981,20240811,2024-08-11 20:12:06,213,1,1,Buenos Aires,6791.4,1500.0,40631.4
1000011982,20240219,2024-02-19 06:48:53,760,1,3,Santa Fe,9166.5,1200.0,54016.5
1000011983,20240423,2024-04-23 14:08:38,35,1,1,Buenos Aires,8089.2,900.0,47509.2
1000011984,20240529,2024-05-29 21:19:48,1308,2,1,Buenos Aires,6463.8,0.0,37243.8
1000011985,20240905,2024-09-05 10:49:42,1174,1,1,Buenos Aires,19429.2,1200.0,113149.2
1000011986,20250320,2025-03-20 23:12:21,1269,2,4,Mendoza,11447.1,0.0,65957.1
1000011987,20240719,2024-07-19 23:37:30,1147,2,4,Mendoza,5985.0,0.0,34485.0
1000011988,20240628,2024-06-28 04:08:46,943,1,3,Santa Fe,11186.28,900.0,65354.28
1000011989,20250422,2025-04-22 02:36:37,1334,2,2,Córdoba,2835.0,0.0,16335.0
1000011990,20240313,2024-03-13 02:01:43,1270,1,1,Buenos Aires,6123.6,1200.0,36483.6
1000011991,20250131,2025-01-31 09:38:10,1055,2,4,Mendoza,2835.0,0.0,16335.0
1000011992,20250222,2025-02-22 08:30:08,1288,1,2,Córdoba,8316.0,1200.0,49116.0
1000011993,20240927,2024-09-27 14:23:36,765,1,1,Buenos Aires,10401.3,900.0,60831.3
1000011994,20240721,2024-07-21 14:21:51,1392,2,1,Buenos Aires,3150.0,0.0,18150.0
1000011995,20250611,2025-06-11 14:12:30,1341,2,4,Mendoza,5670.0,0.0,32670.0
1000011996,20240903,2024-09-03 03:19:45,425,1,1,Buenos Aires,4445.28,0.0,25613.28
1000011997,20250504,2025-05-04 04:03:05,1095,1,1,Buenos Aires,13444.2,1500.0,78964.2
1000011998,20250720,2025-07-20 06:47:05,75,2,3,Santa Fe,2992.5,0.0,17242.5
1000011999,20250820,2025-08-20 07:05:10,1423,1,1,Buenos Aires,11649.96,1200.0,68325.96
